{
  "type": "FeatureCollection",
  "features": [
    {
      "type": "Feature",
      "geometry": {
        "type": "Point",
        "coordinates": [
          10.430351,
          45.365014
        ]
      },
      "properties": {
        "categoria": "CAV",
        "tipo": "Sportello",
        "name": "SPORTELLO DI CARPENEDOLO",
        "description": "### SPORTELLO DI CARPENEDOLO\n**Stato:** 🟢 Servizio Accreditato e Verificato da Regione Lombardia\n\n**Tipo:** Sportello\n**📍 Indirizzo:** Piazza Matteotti, 3 (presso Punto di Comunità), CARPENEDOLO, (BS)\n**📞 Telefono (Clicca per chiamare):** [3392182840 (numero attivo in orari di apertura)](tel:3392182840(numeroattivoinoraridiapertura))\n**✉️ Email (Clicca per scrivere):** [sportellocav.carpenedolo@gmail.com](mailto:sportellocav.carpenedolo@gmail.com)\n**⏰ Orari di apertura:** : martedì dalle 14.00 alle 17.00, venerdì dalle 9.00 12.00\n**🏠 Gestione Case Rifugio:** NO\n\n---\n**📚 Servizi Erogati (Verificati):**\n* 📞 Ascolto Telefonico H24\n",
        "indirizzo": "Piazza Matteotti, 3 (presso Punto di Comunità), CARPENEDOLO, (BS)",
        "telefono": "3392182840 (numero attivo in orari di apertura)",
        "email": "sportellocav.carpenedolo@gmail.com",
        "sito_web": "",
        "orari": ": martedì dalle 14.00 alle 17.00, venerdì dalle 9.00 12.00",
        "gratuito": "Sì",
        "colore_marker": "#FF1493",
        "icona": "home"
      }
    },
    {
      "type": "Feature",
      "geometry": {
        "type": "Point",
        "coordinates": [
          10.53243,
          45.60732
        ]
      },
      "properties": {
        "categoria": "CAV",
        "tipo": "Centro",
        "name": "CENTRO ANTIVIOLENZA CHIARE ACQUE",
        "description": "### CENTRO ANTIVIOLENZA CHIARE ACQUE\n**Stato:** 🟢 Servizio Accreditato e Verificato da Regione Lombardia\n\n**Tipo:** Centro\n**📍 Indirizzo:** Via Fantoni 86, SALO`, (BS)\n**📞 Telefono (Clicca per chiamare):** [3349713199](tel:3349713199)\n**✉️ Email (Clicca per scrivere):** [info@centroantiviolenzachiareacque.it](mailto:info@centroantiviolenzachiareacque.it)\n**🌐 Sito Web:** [Visita il sito](https://www.centroantiviolenzachiareacque.it)\n**⏰ Orari di apertura:** Lunedì e mercoledì dalle 9:00 alle 12:00; martedì, giovedì e venerdì dalle 14:30 alle 17:30\n**🏠 Gestione Case Rifugio:** NO\n\n---\n**📚 Servizi Erogati (Verificati):**\n* 📞 Ascolto Telefonico H24\n* 🧠 Supporto Psicologico\n* ⚖️ Consulenza Legale Gratuita\n* 🏠 Raccordo con Case Rifugio\n",
        "indirizzo": "Via Fantoni 86, SALO`, (BS)",
        "telefono": "3349713199",
        "email": "info@centroantiviolenzachiareacque.it",
        "sito_web": "https://www.centroantiviolenzachiareacque.it",
        "orari": "Lunedì e mercoledì dalle 9:00 alle 12:00; martedì, giovedì e venerdì dalle 14:30 alle 17:30",
        "gratuito": "Sì",
        "colore_marker": "#FF1493",
        "icona": "home"
      }
    },
    {
      "type": "Feature",
      "geometry": {
        "type": "Point",
        "coordinates": [
          10.184234681681223,
          45.67935407818287
        ]
      },
      "properties": {
        "categoria": "CAV",
        "tipo": "Sportello",
        "name": "SPORTELLO DI GARDONE VAL TROMPIA",
        "description": "### SPORTELLO DI GARDONE VAL TROMPIA\n**Stato:** 🟢 Servizio Accreditato e Verificato da Regione Lombardia\n\n**Tipo:** Sportello\n**📍 Indirizzo:** Via San Francesco D'Assisi, 21013, GARDONE VALTROMPIA, (BS)\n**📞 Telefono (Clicca per chiamare):** [335 7240973](tel:3357240973)\n**✉️ Email (Clicca per scrivere):** [antiviolenzavalletrompia@gmail.com](mailto:antiviolenzavalletrompia@gmail.com)\n**⏰ Orari di apertura:** : martedì, venerdì e sabato dalle 9:30 alle 12:30; mercoledì e giovedì dalle 15:00 alle 18:00\n**🏠 Gestione Case Rifugio:** NO\n\n---\n**📚 Servizi Erogati (Verificati):**\n* 📞 Ascolto Telefonico H24\n",
        "indirizzo": "Via San Francesco D'Assisi, 21013, GARDONE VALTROMPIA, (BS)",
        "telefono": "335 7240973",
        "email": "antiviolenzavalletrompia@gmail.com",
        "sito_web": "",
        "orari": ": martedì, venerdì e sabato dalle 9:30 alle 12:30; mercoledì e giovedì dalle 15:00 alle 18:00",
        "gratuito": "Sì",
        "colore_marker": "#FF1493",
        "icona": "home"
      }
    },
    {
      "type": "Feature",
      "geometry": {
        "type": "Point",
        "coordinates": [
          10.27722,
          45.401902
        ]
      },
      "properties": {
        "categoria": "CAV",
        "tipo": "Sportello",
        "name": "SPORTELLO DI GHEDI",
        "description": "### SPORTELLO DI GHEDI\n**Stato:** 🟢 Servizio Accreditato e Verificato da Regione Lombardia\n\n**Tipo:** Sportello\n**📍 Indirizzo:** Largo della Pace, GHEDI, (BS)\n**📞 Telefono (Clicca per chiamare):** [3392182840 (numero attivo in orari di apertura)](tel:3392182840(numeroattivoinoraridiapertura))\n**✉️ Email (Clicca per scrivere):** [sportelloghedi@centroantiviolenzachiareacque.it](mailto:sportelloghedi@centroantiviolenzachiareacque.it)\n**⏰ Orari di apertura:** : mercoledì e venerdì dalle 14.00 alle 17.00\n**🏠 Gestione Case Rifugio:** NO\n\n---\n**📚 Servizi Erogati (Verificati):**\n* 📞 Ascolto Telefonico H24\n",
        "indirizzo": "Largo della Pace, GHEDI, (BS)",
        "telefono": "3392182840 (numero attivo in orari di apertura)",
        "email": "sportelloghedi@centroantiviolenzachiareacque.it",
        "sito_web": "",
        "orari": ": mercoledì e venerdì dalle 14.00 alle 17.00",
        "gratuito": "Sì",
        "colore_marker": "#FF1493",
        "icona": "home"
      }
    },
    {
      "type": "Feature",
      "geometry": {
        "type": "Point",
        "coordinates": [
          10.418219,
          45.657303
        ]
      },
      "properties": {
        "categoria": "CAV",
        "tipo": "Sportello",
        "name": "SPORTELLO DI SABBIO CHIESE",
        "description": "### SPORTELLO DI SABBIO CHIESE\n**Stato:** 🟢 Servizio Accreditato e Verificato da Regione Lombardia\n\n**Tipo:** Sportello\n**📍 Indirizzo:** Via Caduti, 1 (presso Municipio), SABBIO CHIESE, (BS)\n**📞 Telefono (Clicca per chiamare):** [3392182840 (numero attivo in orari di apertura)](tel:3392182840(numeroattivoinoraridiapertura))\n**✉️ Email (Clicca per scrivere):** [sportellosabbiochiese@centroantiviolenzachiareacque.it](mailto:sportellosabbiochiese@centroantiviolenzachiareacque.it)\n**⏰ Orari di apertura:** : lunedì dalle 14.30 alle 17.30, mercoledì dalle 9.00 alle 12.00\n**🏠 Gestione Case Rifugio:** NO\n\n---\n**📚 Servizi Erogati (Verificati):**\n* 📞 Ascolto Telefonico H24\n",
        "indirizzo": "Via Caduti, 1 (presso Municipio), SABBIO CHIESE, (BS)",
        "telefono": "3392182840 (numero attivo in orari di apertura)",
        "email": "sportellosabbiochiese@centroantiviolenzachiareacque.it",
        "sito_web": "",
        "orari": ": lunedì dalle 14.30 alle 17.30, mercoledì dalle 9.00 alle 12.00",
        "gratuito": "Sì",
        "colore_marker": "#FF1493",
        "icona": "home"
      }
    },
    {
      "type": "Feature",
      "geometry": {
        "type": "Point",
        "coordinates": [
          8.824109,
          45.818828
        ]
      },
      "properties": {
        "categoria": "CAV",
        "tipo": "Centro",
        "name": "EOS - CENTRO ASCOLTO DONNA",
        "description": "### EOS - CENTRO ASCOLTO DONNA\n**Stato:** 🟢 Servizio Accreditato e Verificato da Regione Lombardia\n\n**Tipo:** Centro\n**📍 Indirizzo:** Via C. Robbioni, 14, 21100, VARESE, (VA)\n**📞 Telefono (Clicca per chiamare):** [0332/231271](tel:0332231271)\n**✉️ Email (Clicca per scrivere):** [info@eosvarese.it](mailto:info@eosvarese.it)\n**🌐 Sito Web:** [Visita il sito](http://www.eosvarese.org)\n**⏰ Orari di apertura:** Dal lunedì al venerdì 9:00-12:00 - lunedì e giovedì anche 15:30-18:00. Il servizio di reperibilità telefonica è garantito 24 ore su 24 al numero 370 3264428\n**🏠 Gestione Case Rifugio:** NO\n\n---\n**📚 Servizi Erogati (Verificati):**\n* 📞 Ascolto Telefonico H24\n* 🧠 Supporto Psicologico\n* ⚖️ Consulenza Legale Gratuita\n* 🏠 Raccordo con Case Rifugio\n",
        "indirizzo": "Via C. Robbioni, 14, 21100, VARESE, (VA)",
        "telefono": "0332/231271",
        "email": "info@eosvarese.it",
        "sito_web": "http://www.eosvarese.org",
        "orari": "Dal lunedì al venerdì 9:00-12:00 - lunedì e giovedì anche 15:30-18:00. Il servizio di reperibilità telefonica è garantito 24 ore su 24 al numero 370 3264428",
        "gratuito": "Sì",
        "colore_marker": "#FF1493",
        "icona": "home"
      }
    },
    {
      "type": "Feature",
      "geometry": {
        "type": "Point",
        "coordinates": [
          9.196992,
          45.45882
        ]
      },
      "properties": {
        "categoria": "CAV",
        "tipo": "Centro",
        "name": "SVS DONNA AIUTA DONNA",
        "description": "### SVS DONNA AIUTA DONNA\n**Stato:** 🟢 Servizio Accreditato e Verificato da Regione Lombardia\n\n**Tipo:** Centro\n**📍 Indirizzo:** Via Oglio 21, 20122, MILANO, (MI)\n**📞 Telefono (Clicca per chiamare):** [3336532651 - 02/39628739](tel:33365326510239628739)\n**✉️ Email (Clicca per scrivere):** [coordinamento@svsdad.it](mailto:coordinamento@svsdad.it)\n**🌐 Sito Web:** [Visita il sito](http://www.svsdad.it)\n**⏰ Orari di apertura:** lunedì, martedì e venerdì dalle 10:00 alle 16:30; mercoledì dalle 9:00 alle 16:30 e giovedì dalle 12:00 alle 17:30\n**🏠 Gestione Case Rifugio:** NO\n\n---\n**📚 Servizi Erogati (Verificati):**\n* 📞 Ascolto Telefonico H24\n* 🧠 Supporto Psicologico\n* ⚖️ Consulenza Legale Gratuita\n* 🏠 Raccordo con Case Rifugio\n",
        "indirizzo": "Via Oglio 21, 20122, MILANO, (MI)",
        "telefono": "3336532651 - 02/39628739",
        "email": "coordinamento@svsdad.it",
        "sito_web": "http://www.svsdad.it",
        "orari": "lunedì, martedì e venerdì dalle 10:00 alle 16:30; mercoledì dalle 9:00 alle 16:30 e giovedì dalle 12:00 alle 17:30",
        "gratuito": "Sì",
        "colore_marker": "#FF1493",
        "icona": "home"
      }
    },
    {
      "type": "Feature",
      "geometry": {
        "type": "Point",
        "coordinates": [
          8.89943301051391,
          45.628602723427015
        ]
      },
      "properties": {
        "categoria": "CAV",
        "tipo": "Centro",
        "name": "CENTRO ANTIVIOLENZA ICORE",
        "description": "### CENTRO ANTIVIOLENZA ICORE\n**Stato:** 🟢 Servizio Accreditato e Verificato da Regione Lombardia\n\n**Tipo:** Centro\n**📍 Indirizzo:** Via Italia, 151, 20017, MARNATE, (VA)\n**📞 Telefono (Clicca per chiamare):** [0331/618959](tel:0331618959)\n**✉️ Email (Clicca per scrivere):** [ass.icore@gmail.com](mailto:ass.icore@gmail.com)\n**🌐 Sito Web:** [Visita il sito](https://www.centroantiviolenzaicore.com/)\n**⏰ Orari di apertura:** Lunedì, mercoledì e venerdì 9:00-12:00; martedì e giovedì 15:00-18:00. In caso di emergenza345 6062090\n**🏠 Gestione Case Rifugio:** NO\n\n---\n**📚 Servizi Erogati (Verificati):**\n* 📞 Ascolto Telefonico H24\n* 🧠 Supporto Psicologico\n* ⚖️ Consulenza Legale Gratuita\n* 🏠 Raccordo con Case Rifugio\n",
        "indirizzo": "Via Italia, 151, 20017, MARNATE, (VA)",
        "telefono": "0331/618959",
        "email": "ass.icore@gmail.com",
        "sito_web": "https://www.centroantiviolenzaicore.com/",
        "orari": "Lunedì, mercoledì e venerdì 9:00-12:00; martedì e giovedì 15:00-18:00. In caso di emergenza345 6062090",
        "gratuito": "Sì",
        "colore_marker": "#FF1493",
        "icona": "home"
      }
    },
    {
      "type": "Feature",
      "geometry": {
        "type": "Point",
        "coordinates": [
          8.920798568186672,
          45.70403340945835
        ]
      },
      "properties": {
        "categoria": "CAV",
        "tipo": "Sportello",
        "name": "SPORTELLO DI TRADATE",
        "description": "### SPORTELLO DI TRADATE\n**Stato:** 🟢 Servizio Accreditato e Verificato da Regione Lombardia\n\n**Tipo:** Sportello\n**📍 Indirizzo:** Piazza Unità d'Italia, 1, TRADATE, (VA)\n**📞 Telefono (Clicca per chiamare):** [0331618959](tel:0331618959)\n**✉️ Email (Clicca per scrivere):** [ass.icore@gmail.com](mailto:ass.icore@gmail.com)\n**⏰ Orari di apertura:** : Martedì dalle 9:00 alle 12:00 e venerdì dalle 14:00 alle 17:00\n**🏠 Gestione Case Rifugio:** NO\n\n---\n**📚 Servizi Erogati (Verificati):**\n* 📞 Ascolto Telefonico H24\n",
        "indirizzo": "Piazza Unità d'Italia, 1, TRADATE, (VA)",
        "telefono": "0331618959",
        "email": "ass.icore@gmail.com",
        "sito_web": "",
        "orari": ": Martedì dalle 9:00 alle 12:00 e venerdì dalle 14:00 alle 17:00",
        "gratuito": "Sì",
        "colore_marker": "#FF1493",
        "icona": "home"
      }
    },
    {
      "type": "Feature",
      "geometry": {
        "type": "Point",
        "coordinates": [
          9.26544312659088,
          45.41688077910394
        ]
      },
      "properties": {
        "categoria": "CAV",
        "tipo": "Centro",
        "name": "CENTRO DONNA SAN DONATO",
        "description": "### CENTRO DONNA SAN DONATO\n**Stato:** 🟢 Servizio Accreditato e Verificato da Regione Lombardia\n\n**Tipo:** Centro\n**📍 Indirizzo:** Via Cesare Battisti 2, 20097, 20097, SAN DONATO MILANESE, (MI)\n**📞 Telefono (Clicca per chiamare):** [02 36527138](tel:0236527138)\n**✉️ Email (Clicca per scrivere):** [centroantiviolenza@fondazionesomaschi.it](mailto:centroantiviolenza@fondazionesomaschi.it)\n**🌐 Sito Web:** [Visita il sito](http://urly.it/312gjb)\n**⏰ Orari di apertura:** Lunedì 14-17; martedì 13-16; mercoledì 9-12; giovedì 14-17; venerdì 13-16\n**🏠 Gestione Case Rifugio:** NO\n\n---\n**📚 Servizi Erogati (Verificati):**\n* 📞 Ascolto Telefonico H24\n* 🧠 Supporto Psicologico\n* ⚖️ Consulenza Legale Gratuita\n* 🏠 Raccordo con Case Rifugio\n",
        "indirizzo": "Via Cesare Battisti 2, 20097, 20097, SAN DONATO MILANESE, (MI)",
        "telefono": "02 36527138",
        "email": "centroantiviolenza@fondazionesomaschi.it",
        "sito_web": "http://urly.it/312gjb",
        "orari": "Lunedì 14-17; martedì 13-16; mercoledì 9-12; giovedì 14-17; venerdì 13-16",
        "gratuito": "Sì",
        "colore_marker": "#FF1493",
        "icona": "home"
      }
    },
    {
      "type": "Feature",
      "geometry": {
        "type": "Point",
        "coordinates": [
          9.311332255426647,
          45.43182349527481
        ]
      },
      "properties": {
        "categoria": "CAV",
        "tipo": "Sportello",
        "name": "SPORTELLO DI PESCHIERA BORROMEO",
        "description": "### SPORTELLO DI PESCHIERA BORROMEO\n**Stato:** 🟢 Servizio Accreditato e Verificato da Regione Lombardia\n\n**Tipo:** Sportello\n**📍 Indirizzo:** Via 2 Giugno, 6, PESCHIERA BORROMEO, (MI)\n**📞 Telefono (Clicca per chiamare):** [02 36527138](tel:0236527138)\n**✉️ Email (Clicca per scrivere):** [cavsandonato@fondazionesomaschi.it](mailto:cavsandonato@fondazionesomaschi.it)\n**⏰ Orari di apertura:** : Mercoledì 13.00-16.00; venerdì 9.00-12.00\n**🏠 Gestione Case Rifugio:** NO\n\n---\n**📚 Servizi Erogati (Verificati):**\n* 📞 Ascolto Telefonico H24\n",
        "indirizzo": "Via 2 Giugno, 6, PESCHIERA BORROMEO, (MI)",
        "telefono": "02 36527138",
        "email": "cavsandonato@fondazionesomaschi.it",
        "sito_web": "",
        "orari": ": Mercoledì 13.00-16.00; venerdì 9.00-12.00",
        "gratuito": "Sì",
        "colore_marker": "#FF1493",
        "icona": "home"
      }
    },
    {
      "type": "Feature",
      "geometry": {
        "type": "Point",
        "coordinates": [
          9.253392,
          45.501318
        ]
      },
      "properties": {
        "categoria": "CAV",
        "tipo": "Centro",
        "name": "CENTRO ANTIVIOLENZA MAI DA SOLE",
        "description": "### CENTRO ANTIVIOLENZA MAI DA SOLE\n**Stato:** 🟢 Servizio Accreditato e Verificato da Regione Lombardia\n\n**Tipo:** Centro\n**📍 Indirizzo:** Viale Marotta, 8, 20134, MILANO, (MI)\n**📞 Telefono (Clicca per chiamare):** [02/21786390](tel:0221786390)\n**✉️ Email (Clicca per scrivere):** [maidasole@ceasmarotta.it](mailto:maidasole@ceasmarotta.it)\n**🌐 Sito Web:** [Visita il sito](https://centroambrosianodisolidarieta.org/mai-da-sole-2/)\n**⏰ Orari di apertura:** da lunedì a venerdì dalle 10:00 alle 17:00\n**🏠 Gestione Case Rifugio:** NO\n\n---\n**📚 Servizi Erogati (Verificati):**\n* 📞 Ascolto Telefonico H24\n* 🧠 Supporto Psicologico\n* ⚖️ Consulenza Legale Gratuita\n* 🏠 Raccordo con Case Rifugio\n",
        "indirizzo": "Viale Marotta, 8, 20134, MILANO, (MI)",
        "telefono": "02/21786390",
        "email": "maidasole@ceasmarotta.it",
        "sito_web": "https://centroambrosianodisolidarieta.org/mai-da-sole-2/",
        "orari": "da lunedì a venerdì dalle 10:00 alle 17:00",
        "gratuito": "Sì",
        "colore_marker": "#FF1493",
        "icona": "home"
      }
    },
    {
      "type": "Feature",
      "geometry": {
        "type": "Point",
        "coordinates": [
          9.719409,
          45.685877
        ]
      },
      "properties": {
        "categoria": "CAV",
        "tipo": "Centro",
        "name": "CENTRO ANTIVIOLENZA R.I.T.A.",
        "description": "### CENTRO ANTIVIOLENZA R.I.T.A.\n**Stato:** 🟢 Servizio Accreditato e Verificato da Regione Lombardia\n\n**Tipo:** Centro\n**📍 Indirizzo:** Via Chiesa San Grisogono, 18, 24068, SERIATE, (BG)\n**📞 Telefono (Clicca per chiamare):** [035 303266](tel:035303266)\n**✉️ Email (Clicca per scrivere):** [centrorita@aiutodonna.it](mailto:centrorita@aiutodonna.it)\n**🌐 Sito Web:** [Visita il sito](https://www.aiutodonna.it/seriate-centro-r-i-t-a/)\n**⏰ Orari di apertura:** dalle 9:00 alle 12:00 e dalle 14:00 alle 17:00. Segreteria telefonica attiva 24 ore su 24\n**🏠 Gestione Case Rifugio:** NO\n\n---\n**📚 Servizi Erogati (Verificati):**\n* 📞 Ascolto Telefonico H24\n* 🧠 Supporto Psicologico\n* ⚖️ Consulenza Legale Gratuita\n* 🏠 Raccordo con Case Rifugio\n",
        "indirizzo": "Via Chiesa San Grisogono, 18, 24068, SERIATE, (BG)",
        "telefono": "035 303266",
        "email": "centrorita@aiutodonna.it",
        "sito_web": "https://www.aiutodonna.it/seriate-centro-r-i-t-a/",
        "orari": "dalle 9:00 alle 12:00 e dalle 14:00 alle 17:00. Segreteria telefonica attiva 24 ore su 24",
        "gratuito": "Sì",
        "colore_marker": "#FF1493",
        "icona": "home"
      }
    },
    {
      "type": "Feature",
      "geometry": {
        "type": "Point",
        "coordinates": [
          9.662094,
          45.692532
        ]
      },
      "properties": {
        "categoria": "CAV",
        "tipo": "Centro",
        "name": "AIUTO DONNA",
        "description": "### AIUTO DONNA\n**Stato:** 🟢 Servizio Accreditato e Verificato da Regione Lombardia\n\n**Tipo:** Centro\n**📍 Indirizzo:** Via XXIV Maggio, 30, 24122, BERGAMO, (BG)\n**📞 Telefono (Clicca per chiamare):** [3896177714](tel:3896177714)\n**✉️ Email (Clicca per scrivere):** [info@aiutodonna.it](mailto:info@aiutodonna.it)\n**🌐 Sito Web:** [Visita il sito](http://www.aiutodonna.it)\n**⏰ Orari di apertura:** dalle 9:00 alle 12:00 e dalle 14:00 alle 17:00\n**🏠 Gestione Case Rifugio:** NO\n\n---\n**📚 Servizi Erogati (Verificati):**\n* 📞 Ascolto Telefonico H24\n* 🧠 Supporto Psicologico\n* ⚖️ Consulenza Legale Gratuita\n* 🏠 Raccordo con Case Rifugio\n",
        "indirizzo": "Via XXIV Maggio, 30, 24122, BERGAMO, (BG)",
        "telefono": "3896177714",
        "email": "info@aiutodonna.it",
        "sito_web": "http://www.aiutodonna.it",
        "orari": "dalle 9:00 alle 12:00 e dalle 14:00 alle 17:00",
        "gratuito": "Sì",
        "colore_marker": "#FF1493",
        "icona": "home"
      }
    },
    {
      "type": "Feature",
      "geometry": {
        "type": "Point",
        "coordinates": [
          9.369426,
          45.61329
        ]
      },
      "properties": {
        "categoria": "CAV",
        "tipo": "Centro",
        "name": "TELEFONO DONNA - VIMERCATE",
        "description": "### TELEFONO DONNA - VIMERCATE\n**Stato:** 🟢 Servizio Accreditato e Verificato da Regione Lombardia\n\n**Tipo:** Centro\n**📍 Indirizzo:** Largo Pontida, 16, 20871, VIMERCATE, (MB)\n**📞 Telefono (Clicca per chiamare):** [039/5989614](tel:0395989614)\n**✉️ Email (Clicca per scrivere):** [td.vimercate@gmail.com](mailto:td.vimercate@gmail.com)\n**🌐 Sito Web:** [Visita il sito](http://www.telefonodonna.it)\n**⏰ Orari di apertura:** lunedì, mercoledì e venerdì dalle 9:30 alle 12:30; martedì e giovedì dalle 14:30 alle 17:30. Reperibilità telefonica, 24 ore su 24, al 342 7526407.\n**🏠 Gestione Case Rifugio:** NO\n\n---\n**📚 Servizi Erogati (Verificati):**\n* 📞 Ascolto Telefonico H24\n* 🧠 Supporto Psicologico\n* ⚖️ Consulenza Legale Gratuita\n* 🏠 Raccordo con Case Rifugio\n",
        "indirizzo": "Largo Pontida, 16, 20871, VIMERCATE, (MB)",
        "telefono": "039/5989614",
        "email": "td.vimercate@gmail.com",
        "sito_web": "http://www.telefonodonna.it",
        "orari": "lunedì, mercoledì e venerdì dalle 9:30 alle 12:30; martedì e giovedì dalle 14:30 alle 17:30. Reperibilità telefonica, 24 ore su 24, al 342 7526407.",
        "gratuito": "Sì",
        "colore_marker": "#FF1493",
        "icona": "home"
      }
    },
    {
      "type": "Feature",
      "geometry": {
        "type": "Point",
        "coordinates": [
          9.680803283511603,
          45.36263214517138
        ]
      },
      "properties": {
        "categoria": "CAV",
        "tipo": "Sportello",
        "name": "SPORTELLO DI CREMA",
        "description": "### SPORTELLO DI CREMA\n**Stato:** 🟢 Servizio Accreditato e Verificato da Regione Lombardia\n\n**Tipo:** Sportello\n**📍 Indirizzo:** Via Mercato, 27, CREMA, (CR)\n**📞 Telefono (Clicca per chiamare):** [037380999 / 3393506466](tel:0373809993393506466)\n**🏠 Gestione Case Rifugio:** NO\n\n---\n**📚 Servizi Erogati (Verificati):**\n* 📞 Ascolto Telefonico H24\n",
        "indirizzo": "Via Mercato, 27, CREMA, (CR)",
        "telefono": "037380999 / 3393506466",
        "email": "",
        "sito_web": "",
        "orari": "",
        "gratuito": "Sì",
        "colore_marker": "#FF1493",
        "icona": "home"
      }
    },
    {
      "type": "Feature",
      "geometry": {
        "type": "Point",
        "coordinates": [
          9.680793,
          45.362738
        ]
      },
      "properties": {
        "categoria": "CAV",
        "tipo": "Centro",
        "name": "ASSOCIAZIONE DONNE CONTRO LA VIOLENZA ONLUS",
        "description": "### ASSOCIAZIONE DONNE CONTRO LA VIOLENZA ONLUS\n**Stato:** 🟢 Servizio Accreditato e Verificato da Regione Lombardia\n\n**Tipo:** Centro\n**📍 Indirizzo:** Via Mercato, 27, 26013, CREMA, (CR)\n**📞 Telefono (Clicca per chiamare):** [037380999 - 3393506466](tel:0373809993393506466)\n**✉️ Email (Clicca per scrivere):** [associazionecontroviolenza@gmail.com](mailto:associazionecontroviolenza@gmail.com)\n**🌐 Sito Web:** [Visita il sito](http://www.controlaviolenza.com)\n**⏰ Orari di apertura:** Dal lunedì al sabato dalle 9:00 alle 12:00; il martedì anche dalle 15:00 alle 18:00\n**🏠 Gestione Case Rifugio:** NO\n\n---\n**📚 Servizi Erogati (Verificati):**\n* 📞 Ascolto Telefonico H24\n* 🧠 Supporto Psicologico\n* ⚖️ Consulenza Legale Gratuita\n* 🏠 Raccordo con Case Rifugio\n",
        "indirizzo": "Via Mercato, 27, 26013, CREMA, (CR)",
        "telefono": "037380999 - 3393506466",
        "email": "associazionecontroviolenza@gmail.com",
        "sito_web": "http://www.controlaviolenza.com",
        "orari": "Dal lunedì al sabato dalle 9:00 alle 12:00; il martedì anche dalle 15:00 alle 18:00",
        "gratuito": "Sì",
        "colore_marker": "#FF1493",
        "icona": "home"
      }
    },
    {
      "type": "Feature",
      "geometry": {
        "type": "Point",
        "coordinates": [
          9.206395,
          45.615609
        ]
      },
      "properties": {
        "categoria": "CAV",
        "tipo": "Centro",
        "name": "CENTRO ANTIVIOLENZA WHITE MATHILDA - DESIO",
        "description": "### CENTRO ANTIVIOLENZA WHITE MATHILDA - DESIO\n**Stato:** 🟢 Servizio Accreditato e Verificato da Regione Lombardia\n\n**Tipo:** Centro\n**📍 Indirizzo:** Via Garibaldi, 46, 20832, DESIO, (MB)\n**📞 Telefono (Clicca per chiamare):** [0362/621494 - 366/4150907](tel:03626214943664150907)\n**✉️ Email (Clicca per scrivere):** [info@whitemathilda.org](mailto:info@whitemathilda.org)\n**🌐 Sito Web:** [Visita il sito](https://whitemathilda.altervista.org/centro-antiviolenza/)\n**⏰ Orari di apertura:** dal lunedì al venerdì dalle 14:30 alle 18:30\n**🏠 Gestione Case Rifugio:** NO\n\n---\n**📚 Servizi Erogati (Verificati):**\n* 📞 Ascolto Telefonico H24\n* 🧠 Supporto Psicologico\n* ⚖️ Consulenza Legale Gratuita\n* 🏠 Raccordo con Case Rifugio\n",
        "indirizzo": "Via Garibaldi, 46, 20832, DESIO, (MB)",
        "telefono": "0362/621494 - 366/4150907",
        "email": "info@whitemathilda.org",
        "sito_web": "https://whitemathilda.altervista.org/centro-antiviolenza/",
        "orari": "dal lunedì al venerdì dalle 14:30 alle 18:30",
        "gratuito": "Sì",
        "colore_marker": "#FF1493",
        "icona": "home"
      }
    },
    {
      "type": "Feature",
      "geometry": {
        "type": "Point",
        "coordinates": [
          10.180319,
          45.87528
        ]
      },
      "properties": {
        "categoria": "CAV",
        "tipo": "Centro",
        "name": "CENTRO ANTIVIOLENZA DONNE E DIRITTI",
        "description": "### CENTRO ANTIVIOLENZA DONNE E DIRITTI\n**Stato:** 🟢 Servizio Accreditato e Verificato da Regione Lombardia\n\n**Tipo:** Centro\n**📍 Indirizzo:** Via Barbolini, 4, 25047, DARFO BOARIO TERME, (BS)\n**📞 Telefono (Clicca per chiamare):** [0364/536632 - 3383706588](tel:03645366323383706588)\n**✉️ Email (Clicca per scrivere):** [centroantiviolenza@terreunite.it](mailto:centroantiviolenza@terreunite.it)\n**🌐 Sito Web:** [Visita il sito](http://www.reteantiviolenzavallecamonica.it)\n**⏰ Orari di apertura:** Dal lunedì al venerdì 9:00-12:00 - mercoledì anche 14:30-17:30\n**🏠 Gestione Case Rifugio:** NO\n\n---\n**📚 Servizi Erogati (Verificati):**\n* 📞 Ascolto Telefonico H24\n* 🧠 Supporto Psicologico\n* ⚖️ Consulenza Legale Gratuita\n* 🏠 Raccordo con Case Rifugio\n",
        "indirizzo": "Via Barbolini, 4, 25047, DARFO BOARIO TERME, (BS)",
        "telefono": "0364/536632 - 3383706588",
        "email": "centroantiviolenza@terreunite.it",
        "sito_web": "http://www.reteantiviolenzavallecamonica.it",
        "orari": "Dal lunedì al venerdì 9:00-12:00 - mercoledì anche 14:30-17:30",
        "gratuito": "Sì",
        "colore_marker": "#FF1493",
        "icona": "home"
      }
    },
    {
      "type": "Feature",
      "geometry": {
        "type": "Point",
        "coordinates": [
          8.674041,
          45.80306
        ]
      },
      "properties": {
        "categoria": "CAV",
        "tipo": "Centro",
        "name": "DONNA SI-CURA",
        "description": "### DONNA SI-CURA\n**Stato:** 🟢 Servizio Accreditato e Verificato da Regione Lombardia\n\n**Tipo:** Centro\n**📍 Indirizzo:** Via Mazzini, 149, 21028, TRAVEDONA - MONATE, (VA)\n**📞 Telefono (Clicca per chiamare):** [0332/977735](tel:0332977735)\n**✉️ Email (Clicca per scrivere):** [donnasicura.tm@gmail.com](mailto:donnasicura.tm@gmail.com)\n**🌐 Sito Web:** [Visita il sito](http://www.donnasicura.org)\n**⏰ Orari di apertura:** Lunedì, giovedì e venerdì 9:30-12:30; martedì e mercoledì 15:30-18:30\n**🏠 Gestione Case Rifugio:** NO\n\n---\n**📚 Servizi Erogati (Verificati):**\n* 📞 Ascolto Telefonico H24\n* 🧠 Supporto Psicologico\n* ⚖️ Consulenza Legale Gratuita\n* 🏠 Raccordo con Case Rifugio\n",
        "indirizzo": "Via Mazzini, 149, 21028, TRAVEDONA - MONATE, (VA)",
        "telefono": "0332/977735",
        "email": "donnasicura.tm@gmail.com",
        "sito_web": "http://www.donnasicura.org",
        "orari": "Lunedì, giovedì e venerdì 9:30-12:30; martedì e mercoledì 15:30-18:30",
        "gratuito": "Sì",
        "colore_marker": "#FF1493",
        "icona": "home"
      }
    },
    {
      "type": "Feature",
      "geometry": {
        "type": "Point",
        "coordinates": [
          9.710961,
          45.159738
        ]
      },
      "properties": {
        "categoria": "CAV",
        "tipo": "Sportello",
        "name": "SPORTELLO DI CODOGNO - PRESSO IL PRESIDIO OSPEDALIERO ASST DI LODI",
        "description": "### SPORTELLO DI CODOGNO - PRESSO IL PRESIDIO OSPEDALIERO ASST DI LODI\n**Stato:** 🟢 Servizio Accreditato e Verificato da Regione Lombardia\n\n**Tipo:** Sportello\n**📍 Indirizzo:** Viale Guglielmo Marconi, 1, 26845, CODOGNO, (LO)\n**📞 Telefono (Clicca per chiamare):** [3313495221](tel:3313495221)\n**✉️ Email (Clicca per scrivere):** [orsaminoreonlus@gmail.com](mailto:orsaminoreonlus@gmail.com)\n**⏰ Orari di apertura:** : Apertura previo appuntamento\n**🏠 Gestione Case Rifugio:** NO\n\n---\n**📚 Servizi Erogati (Verificati):**\n* 📞 Ascolto Telefonico H24\n",
        "indirizzo": "Viale Guglielmo Marconi, 1, 26845, CODOGNO, (LO)",
        "telefono": "3313495221",
        "email": "orsaminoreonlus@gmail.com",
        "sito_web": "",
        "orari": ": Apertura previo appuntamento",
        "gratuito": "Sì",
        "colore_marker": "#FF1493",
        "icona": "home"
      }
    },
    {
      "type": "Feature",
      "geometry": {
        "type": "Point",
        "coordinates": [
          9.5074,
          45.311521
        ]
      },
      "properties": {
        "categoria": "CAV",
        "tipo": "Centro",
        "name": "CENTRO ANTIVIOLENZA LA METÀ DI NIENTE",
        "description": "### CENTRO ANTIVIOLENZA LA METÀ DI NIENTE\n**Stato:** 🟢 Servizio Accreditato e Verificato da Regione Lombardia\n\n**Tipo:** Centro\n**📍 Indirizzo:** Via Paolo Gorini, 21, 26900, LODI, (LO)\n**📞 Telefono (Clicca per chiamare):** [3313495221](tel:3313495221)\n**✉️ Email (Clicca per scrivere):** [orsaminoreonlus@gmail.com](mailto:orsaminoreonlus@gmail.com)\n**🌐 Sito Web:** [Visita il sito](https://centroantiviolenzalodi.it/)\n**⏰ Orari di apertura:** dal lunedì al venerdì 09:00-12:00\n**🏠 Gestione Case Rifugio:** NO\n\n---\n**📚 Servizi Erogati (Verificati):**\n* 📞 Ascolto Telefonico H24\n* 🧠 Supporto Psicologico\n* ⚖️ Consulenza Legale Gratuita\n* 🏠 Raccordo con Case Rifugio\n",
        "indirizzo": "Via Paolo Gorini, 21, 26900, LODI, (LO)",
        "telefono": "3313495221",
        "email": "orsaminoreonlus@gmail.com",
        "sito_web": "https://centroantiviolenzalodi.it/",
        "orari": "dal lunedì al venerdì 09:00-12:00",
        "gratuito": "Sì",
        "colore_marker": "#FF1493",
        "icona": "home"
      }
    },
    {
      "type": "Feature",
      "geometry": {
        "type": "Point",
        "coordinates": [
          9.047039,
          45.619152
        ]
      },
      "properties": {
        "categoria": "CAV",
        "tipo": "Centro",
        "name": "RETE ROSA ONLUS",
        "description": "### RETE ROSA ONLUS\n**Stato:** 🟢 Servizio Accreditato e Verificato da Regione Lombardia\n\n**Tipo:** Centro\n**📍 Indirizzo:** Via Petrarca, 1 (angolo via Piave), 21047, SARONNO, (VA)\n**📞 Telefono (Clicca per chiamare):** [0221065826](tel:0221065826)\n**✉️ Email (Clicca per scrivere):** [segreteria@reterosa.eu](mailto:segreteria@reterosa.eu)\n**🌐 Sito Web:** [Visita il sito](http://www.reterosa.eu)\n**⏰ Orari di apertura:** lunedì e venerdì 14:30-17:30 - martedì, mercoledì e giovedì 9:30-12:30\n**🏠 Gestione Case Rifugio:** NO\n\n---\n**📚 Servizi Erogati (Verificati):**\n* 📞 Ascolto Telefonico H24\n* 🧠 Supporto Psicologico\n* ⚖️ Consulenza Legale Gratuita\n* 🏠 Raccordo con Case Rifugio\n",
        "indirizzo": "Via Petrarca, 1 (angolo via Piave), 21047, SARONNO, (VA)",
        "telefono": "0221065826",
        "email": "segreteria@reterosa.eu",
        "sito_web": "http://www.reterosa.eu",
        "orari": "lunedì e venerdì 14:30-17:30 - martedì, mercoledì e giovedì 9:30-12:30",
        "gratuito": "Sì",
        "colore_marker": "#FF1493",
        "icona": "home"
      }
    },
    {
      "type": "Feature",
      "geometry": {
        "type": "Point",
        "coordinates": [
          9.401056738160092,
          46.320096728317544
        ]
      },
      "properties": {
        "categoria": "CAV",
        "tipo": "Sportello",
        "name": "SPORTELLO DI CHIAVENNA",
        "description": "### SPORTELLO DI CHIAVENNA\n**Stato:** 🟢 Servizio Accreditato e Verificato da Regione Lombardia\n\n**Tipo:** Sportello\n**📍 Indirizzo:** Via Lena Perpenti, 8/10, CHIAVENNA, (SO)\n**📞 Telefono (Clicca per chiamare):** [3881841121](tel:3881841121)\n**✉️ Email (Clicca per scrivere):** [sportellofridachiavenna@gmail.com](mailto:sportellofridachiavenna@gmail.com)\n**⏰ Orari di apertura:** : Martedì dalle 14:00 alle 17:00; venerdì dalle 9:30 alle 12:30\n**🏠 Gestione Case Rifugio:** NO\n\n---\n**📚 Servizi Erogati (Verificati):**\n* 📞 Ascolto Telefonico H24\n",
        "indirizzo": "Via Lena Perpenti, 8/10, CHIAVENNA, (SO)",
        "telefono": "3881841121",
        "email": "sportellofridachiavenna@gmail.com",
        "sito_web": "",
        "orari": ": Martedì dalle 14:00 alle 17:00; venerdì dalle 9:30 alle 12:30",
        "gratuito": "Sì",
        "colore_marker": "#FF1493",
        "icona": "home"
      }
    },
    {
      "type": "Feature",
      "geometry": {
        "type": "Point",
        "coordinates": [
          9.870013,
          46.174027
        ]
      },
      "properties": {
        "categoria": "CAV",
        "tipo": "Centro",
        "name": "IL CORAGGIO DI FRIDA",
        "description": "### IL CORAGGIO DI FRIDA\n**Stato:** 🟢 Servizio Accreditato e Verificato da Regione Lombardia\n\n**Tipo:** Centro\n**📍 Indirizzo:** Via Fracaiolo, 3, 23100, SONDRIO, (SO)\n**📞 Telefono (Clicca per chiamare):** [335346178 - 03421900726](tel:33534617803421900726)\n**✉️ Email (Clicca per scrivere):** [coraggiodifrida@gmail.com](mailto:coraggiodifrida@gmail.com)\n**🌐 Sito Web:** [Visita il sito](https://www.ilcoraggiodifrida.it/)\n**⏰ Orari di apertura:** Lunedì e Giovedì 9:00-12:00 - Martedì 14:00-17:00 - Mercoledì 10:00-13:00 - Venerdì 11:00-14:00. Troverai attiva una segreteria telefonica su cui puoi lasciare un messaggio e sarai ricontattata nell’arco delle 24 ore successive.\n**🏠 Gestione Case Rifugio:** NO\n\n---\n**📚 Servizi Erogati (Verificati):**\n* 📞 Ascolto Telefonico H24\n* 🧠 Supporto Psicologico\n* ⚖️ Consulenza Legale Gratuita\n* 🏠 Raccordo con Case Rifugio\n",
        "indirizzo": "Via Fracaiolo, 3, 23100, SONDRIO, (SO)",
        "telefono": "335346178 - 03421900726",
        "email": "coraggiodifrida@gmail.com",
        "sito_web": "https://www.ilcoraggiodifrida.it/",
        "orari": "Lunedì e Giovedì 9:00-12:00 - Martedì 14:00-17:00 - Mercoledì 10:00-13:00 - Venerdì 11:00-14:00. Troverai attiva una segreteria telefonica su cui puoi lasciare un messaggio e sarai ricontattata nell’arco delle 24 ore successive.",
        "gratuito": "Sì",
        "colore_marker": "#FF1493",
        "icona": "home"
      }
    },
    {
      "type": "Feature",
      "geometry": {
        "type": "Point",
        "coordinates": [
          9.416061468186403,
          45.698121626888536
        ]
      },
      "properties": {
        "categoria": "CAV",
        "tipo": "Sportello",
        "name": "SPORTELLO DI MERATE",
        "description": "### SPORTELLO DI MERATE\n**Stato:** 🟢 Servizio Accreditato e Verificato da Regione Lombardia\n\n**Tipo:** Sportello\n**📍 Indirizzo:** Vicolo Carbonini, 10, MERATE, (LC)\n**📞 Telefono (Clicca per chiamare):** [3407218672](tel:3407218672)\n**🏠 Gestione Case Rifugio:** NO\n\n---\n**📚 Servizi Erogati (Verificati):**\n* 📞 Ascolto Telefonico H24\n",
        "indirizzo": "Vicolo Carbonini, 10, MERATE, (LC)",
        "telefono": "3407218672",
        "email": "",
        "sito_web": "",
        "orari": "",
        "gratuito": "Sì",
        "colore_marker": "#FF1493",
        "icona": "home"
      }
    },
    {
      "type": "Feature",
      "geometry": {
        "type": "Point",
        "coordinates": [
          9.42006,
          45.697979
        ]
      },
      "properties": {
        "categoria": "CAV",
        "tipo": "Centro",
        "name": "L'ALTRA METÀ DEL CIELO - TELEFONO DONNA DI MERATE",
        "description": "### L'ALTRA METÀ DEL CIELO - TELEFONO DONNA DI MERATE\n**Stato:** 🟢 Servizio Accreditato e Verificato da Regione Lombardia\n\n**Tipo:** Centro\n**📍 Indirizzo:** Via Sant'Ambrogio, 17, 23807, MERATE, (LC)\n**📞 Telefono (Clicca per chiamare):** [3407218672](tel:3407218672)\n**✉️ Email (Clicca per scrivere):** [presidente@altrametadelcielo.org](mailto:presidente@altrametadelcielo.org)\n**🌐 Sito Web:** [Visita il sito](http://www.altrametadelcielo.org)\n**⏰ Orari di apertura:** Lunedì 16:00-18:00 - Mercoledì 10:30-12:30 - Venerdì 15:00-17:00 - Sabato dalle 9.00 alle 12.00 (sportello Antistalking)\n**🏠 Gestione Case Rifugio:** NO\n\n---\n**📚 Servizi Erogati (Verificati):**\n* 📞 Ascolto Telefonico H24\n* 🧠 Supporto Psicologico\n* ⚖️ Consulenza Legale Gratuita\n* 🏠 Raccordo con Case Rifugio\n",
        "indirizzo": "Via Sant'Ambrogio, 17, 23807, MERATE, (LC)",
        "telefono": "3407218672",
        "email": "presidente@altrametadelcielo.org",
        "sito_web": "http://www.altrametadelcielo.org",
        "orari": "Lunedì 16:00-18:00 - Mercoledì 10:30-12:30 - Venerdì 15:00-17:00 - Sabato dalle 9.00 alle 12.00 (sportello Antistalking)",
        "gratuito": "Sì",
        "colore_marker": "#FF1493",
        "icona": "home"
      }
    },
    {
      "type": "Feature",
      "geometry": {
        "type": "Point",
        "coordinates": [
          10.42219,
          44.98361
        ]
      },
      "properties": {
        "categoria": "CAV",
        "tipo": "Centro",
        "name": "ASSOCIAZIONE ONLUS M.I.A. MOVIMENTO INCONTRO ASCOLTO",
        "description": "### ASSOCIAZIONE ONLUS M.I.A. MOVIMENTO INCONTRO ASCOLTO\n**Stato:** 🟢 Servizio Accreditato e Verificato da Regione Lombardia\n\n**Tipo:** Centro\n**📍 Indirizzo:** Via A. Grandi, 28, 26041, CASALMAGGIORE, (CR)\n**📞 Telefono (Clicca per chiamare):** [3779489384](tel:3779489384)\n**✉️ Email (Clicca per scrivere):** [gruppomia@gmail.com](mailto:gruppomia@gmail.com)\n**⏰ Orari di apertura:** Dal lunedì al venerdì dalle 14:30 alle 18:30\n**🏠 Gestione Case Rifugio:** NO\n\n---\n**📚 Servizi Erogati (Verificati):**\n* 📞 Ascolto Telefonico H24\n* 🧠 Supporto Psicologico\n* ⚖️ Consulenza Legale Gratuita\n* 🏠 Raccordo con Case Rifugio\n",
        "indirizzo": "Via A. Grandi, 28, 26041, CASALMAGGIORE, (CR)",
        "telefono": "3779489384",
        "email": "gruppomia@gmail.com",
        "sito_web": "",
        "orari": "Dal lunedì al venerdì dalle 14:30 alle 18:30",
        "gratuito": "Sì",
        "colore_marker": "#FF1493",
        "icona": "home"
      }
    },
    {
      "type": "Feature",
      "geometry": {
        "type": "Point",
        "coordinates": [
          9.176625539351592,
          45.69688184366856
        ]
      },
      "properties": {
        "categoria": "CAV",
        "tipo": "Centro",
        "name": "CENTRO ANTIVIOLENZA MARIANO COMENSE DI ASSOCIAZIONE PENTA",
        "description": "### CENTRO ANTIVIOLENZA MARIANO COMENSE DI ASSOCIAZIONE PENTA\n**Stato:** 🟢 Servizio Accreditato e Verificato da Regione Lombardia\n\n**Tipo:** Centro\n**📍 Indirizzo:** Via Santo Stefano, 40, 20134, MARIANO COMENSE, (CO)\n**📞 Telefono (Clicca per chiamare):** [3389439340](tel:3389439340)\n**✉️ Email (Clicca per scrivere):** [info@pentamariano.org](mailto:info@pentamariano.org)\n**🌐 Sito Web:** [Visita il sito](http://www.pentamariano.org)\n**⏰ Orari di apertura:** Martedì, mercoledì, giovedì e sabato dalle 10:00 alle 13:00; lunedì e venerdì dalle 15 alle 18:00\n**🏠 Gestione Case Rifugio:** NO\n\n---\n**📚 Servizi Erogati (Verificati):**\n* 📞 Ascolto Telefonico H24\n* 🧠 Supporto Psicologico\n* ⚖️ Consulenza Legale Gratuita\n* 🏠 Raccordo con Case Rifugio\n",
        "indirizzo": "Via Santo Stefano, 40, 20134, MARIANO COMENSE, (CO)",
        "telefono": "3389439340",
        "email": "info@pentamariano.org",
        "sito_web": "http://www.pentamariano.org",
        "orari": "Martedì, mercoledì, giovedì e sabato dalle 10:00 alle 13:00; lunedì e venerdì dalle 15 alle 18:00",
        "gratuito": "Sì",
        "colore_marker": "#FF1493",
        "icona": "home"
      }
    },
    {
      "type": "Feature",
      "geometry": {
        "type": "Point",
        "coordinates": [
          9.932316010504424,
          45.401725365449295
        ]
      },
      "properties": {
        "categoria": "CAV",
        "tipo": "Sportello",
        "name": "SPORTELLO DI ORZINUOVI",
        "description": "### SPORTELLO DI ORZINUOVI\n**Stato:** 🟢 Servizio Accreditato e Verificato da Regione Lombardia\n\n**Tipo:** Sportello\n**📍 Indirizzo:** via Pavoni, 35, 25080, ORZINUOVI, (BS)\n**📞 Telefono (Clicca per chiamare):** [3420607197](tel:3420607197)\n**✉️ Email (Clicca per scrivere):** [associazione@retedidaphne.it](mailto:associazione@retedidaphne.it)\n**⏰ Orari di apertura:** : Martedì dalle 14:00 alle 17:00; giovedì dalle 14:00 alle 17:00\n**🏠 Gestione Case Rifugio:** NO\n\n---\n**📚 Servizi Erogati (Verificati):**\n* 📞 Ascolto Telefonico H24\n",
        "indirizzo": "via Pavoni, 35, 25080, ORZINUOVI, (BS)",
        "telefono": "3420607197",
        "email": "associazione@retedidaphne.it",
        "sito_web": "",
        "orari": ": Martedì dalle 14:00 alle 17:00; giovedì dalle 14:00 alle 17:00",
        "gratuito": "Sì",
        "colore_marker": "#FF1493",
        "icona": "home"
      }
    },
    {
      "type": "Feature",
      "geometry": {
        "type": "Point",
        "coordinates": [
          9.881263,
          45.596431
        ]
      },
      "properties": {
        "categoria": "CAV",
        "tipo": "Sportello",
        "name": "SPORTELLO DI PALAZZOLO SULL'OGLIO",
        "description": "### SPORTELLO DI PALAZZOLO SULL'OGLIO\n**Stato:** 🟢 Servizio Accreditato e Verificato da Regione Lombardia\n\n**Tipo:** Sportello\n**📍 Indirizzo:** via Zanardelli, 73, PALAZZOLO SULL`OGLIO, (BS)\n**📞 Telefono (Clicca per chiamare):** [3401938237](tel:3401938237)\n**✉️ Email (Clicca per scrivere):** [associazione@retedidaphne.it](mailto:associazione@retedidaphne.it)\n**⏰ Orari di apertura:** : Martedì dalle 14:00 alle 17:00; giovedì dalle 9.30 alle 12.30\n**🏠 Gestione Case Rifugio:** NO\n\n---\n**📚 Servizi Erogati (Verificati):**\n* 📞 Ascolto Telefonico H24\n",
        "indirizzo": "via Zanardelli, 73, PALAZZOLO SULL`OGLIO, (BS)",
        "telefono": "3401938237",
        "email": "associazione@retedidaphne.it",
        "sito_web": "",
        "orari": ": Martedì dalle 14:00 alle 17:00; giovedì dalle 9.30 alle 12.30",
        "gratuito": "Sì",
        "colore_marker": "#FF1493",
        "icona": "home"
      }
    },
    {
      "type": "Feature",
      "geometry": {
        "type": "Point",
        "coordinates": [
          9.931524,
          45.537275
        ]
      },
      "properties": {
        "categoria": "CAV",
        "tipo": "Sportello",
        "name": "SPORTELLO DI CHIARI",
        "description": "### SPORTELLO DI CHIARI\n**Stato:** 🟢 Servizio Accreditato e Verificato da Regione Lombardia\n\n**Tipo:** Sportello\n**📍 Indirizzo:** via Valmadrera,10, CHIARI, (BS)\n**📞 Telefono (Clicca per chiamare):** [3499530729](tel:3499530729)\n**✉️ Email (Clicca per scrivere):** [associazione@retedidaphne.it](mailto:associazione@retedidaphne.it)\n**⏰ Orari di apertura:** : Lunedì dalle 9:00 alle 11:00; martedì dalle 16:00 alle 18:00; venerdì dalle 14:00 alle 16:00\n**🏠 Gestione Case Rifugio:** NO\n\n---\n**📚 Servizi Erogati (Verificati):**\n* 📞 Ascolto Telefonico H24\n",
        "indirizzo": "via Valmadrera,10, CHIARI, (BS)",
        "telefono": "3499530729",
        "email": "associazione@retedidaphne.it",
        "sito_web": "",
        "orari": ": Lunedì dalle 9:00 alle 11:00; martedì dalle 16:00 alle 18:00; venerdì dalle 14:00 alle 16:00",
        "gratuito": "Sì",
        "colore_marker": "#FF1493",
        "icona": "home"
      }
    },
    {
      "type": "Feature",
      "geometry": {
        "type": "Point",
        "coordinates": [
          10.05031623980622,
          45.660760694817604
        ]
      },
      "properties": {
        "categoria": "CAV",
        "tipo": "Sportello",
        "name": "SPORTELLO DI ISEO",
        "description": "### SPORTELLO DI ISEO\n**Stato:** 🟢 Servizio Accreditato e Verificato da Regione Lombardia\n\n**Tipo:** Sportello\n**📍 Indirizzo:** Vicolo Sombrico, 1, ISEO, (BS)\n**📞 Telefono (Clicca per chiamare):** [3470777530](tel:3470777530)\n**✉️ Email (Clicca per scrivere):** [associazione@retedidaphne.it](mailto:associazione@retedidaphne.it)\n**⏰ Orari di apertura:** : Lunedì, mercoledì, giovedì e venerdì dalle 9:00 alle 12:00; martedì dalle 15:00 alle 18:00\n**🏠 Gestione Case Rifugio:** NO\n\n---\n**📚 Servizi Erogati (Verificati):**\n* 📞 Ascolto Telefonico H24\n",
        "indirizzo": "Vicolo Sombrico, 1, ISEO, (BS)",
        "telefono": "3470777530",
        "email": "associazione@retedidaphne.it",
        "sito_web": "",
        "orari": ": Lunedì, mercoledì, giovedì e venerdì dalle 9:00 alle 12:00; martedì dalle 15:00 alle 18:00",
        "gratuito": "Sì",
        "colore_marker": "#FF1493",
        "icona": "home"
      }
    },
    {
      "type": "Feature",
      "geometry": {
        "type": "Point",
        "coordinates": [
          10.05014,
          45.661458
        ]
      },
      "properties": {
        "categoria": "CAV",
        "tipo": "Centro",
        "name": "RETE DI DAPHNE",
        "description": "### RETE DI DAPHNE\n**Stato:** 🟢 Servizio Accreditato e Verificato da Regione Lombardia\n\n**Tipo:** Centro\n**📍 Indirizzo:** Vicolo della Manica, 9, 23807, ISEO, (BS)\n**📞 Telefono (Clicca per chiamare):** [333/3308263](tel:3333308263)\n**✉️ Email (Clicca per scrivere):** [associazione@retedidaphne.it](mailto:associazione@retedidaphne.it)\n**🌐 Sito Web:** [Visita il sito](https://www.retedidaphne.vibra.re/)\n**⏰ Orari di apertura:** Lunedì 10:00-11:30 - Mercoledì 10:00-11:30 - Giovedì 15:00-17:00. È sempre ativa una linea telefonica al 3392226941 per una preliminare verifica della situazione, delle condizioni psico-fisiche della chiamante e della situazione di rischio\n**🏠 Gestione Case Rifugio:** NO\n\n---\n**📚 Servizi Erogati (Verificati):**\n* 📞 Ascolto Telefonico H24\n* 🧠 Supporto Psicologico\n* ⚖️ Consulenza Legale Gratuita\n* 🏠 Raccordo con Case Rifugio\n",
        "indirizzo": "Vicolo della Manica, 9, 23807, ISEO, (BS)",
        "telefono": "333/3308263",
        "email": "associazione@retedidaphne.it",
        "sito_web": "https://www.retedidaphne.vibra.re/",
        "orari": "Lunedì 10:00-11:30 - Mercoledì 10:00-11:30 - Giovedì 15:00-17:00. È sempre ativa una linea telefonica al 3392226941 per una preliminare verifica della situazione, delle condizioni psico-fisiche della chiamante e della situazione di rischio",
        "gratuito": "Sì",
        "colore_marker": "#FF1493",
        "icona": "home"
      }
    },
    {
      "type": "Feature",
      "geometry": {
        "type": "Point",
        "coordinates": [
          9.277539266335518,
          45.52385025084485
        ]
      },
      "properties": {
        "categoria": "CAV",
        "tipo": "Sportello",
        "name": "SPORTELLO DI COLOGNO MONZESE (VE.NU.S)",
        "description": "### SPORTELLO DI COLOGNO MONZESE (VE.NU.S)\n**Stato:** 🟢 Servizio Accreditato e Verificato da Regione Lombardia\n\n**Gestore:** Mittatron Onlus\n**Tipo:** Sportello Decentrato\n**📍 Indirizzo:** Via Filippo Turati 1, 20093, Cologno Monzese (MI)\n**📞 Telefono (Clicca per chiamare):** [02-80298484](tel:0280298484) / Cell. H24: [3666622300](tel:3666622300)\n**✉️ Email (Clicca per scrivere):** [centrovenus.info@gmail.com](mailto:centrovenus.info@gmail.com)\n**🌐 Sito Web:** [Visita il sito](https://www.losportellodonna.it)\n**⏰ Orari:** Lun: 15:00-18:00 | Gio: 9:00-12:00\n**💰 Gratuito:** Sì (Anonimo e riservato)\n\n---\n**📚 Servizi Erogati (Verificati):**\n* 📞 Ascolto Telefonico H24\n* 👥 Colloqui di Accoglienza\n* 🧠 Sostegno Psicologico\n* ⚖️ Consulenza Legale Gratuita\n",
        "indirizzo": "Via Filippo Turati 1, 20093, Cologno Monzese (MI)",
        "telefono": "02-80298484",
        "email": "centrovenus.info@gmail.com",
        "sito_web": "",
        "orari": "Lunedì: 15:00-18:00 | Giovedì: 9:00-12:00",
        "gratuito": "Sì",
        "colore_marker": "#FF1493",
        "icona": "home"
      }
    },
    {
      "type": "Feature",
      "geometry": {
        "type": "Point",
        "coordinates": [
          9.215505,
          45.546573
        ]
      },
      "properties": {
        "categoria": "CAV",
        "tipo": "Centro",
        "name": "CENTRO ANTIVIOLENZA VE.NU.S (Cinisello Balsamo)",
        "description": "### CENTRO ANTIVIOLENZA VE.NU.S (Cinisello Balsamo)\n**Stato:** 🟢 Servizio Accreditato e Verificato da Regione Lombardia\n\n**Gestore:** Mittatron Onlus\n**Tipo:** Centro Antiviolenza\n**📍 Indirizzo:** Via Gorki 50 (c/o Ospedale Bassini), 20092, Cinisello Balsamo (MI)\n**📞 Telefono (Clicca per chiamare):** [02-22199730](tel:0222199730) / Cell. H24: [3666622300](tel:3666622300)\n**✉️ Email (Clicca per scrivere):** [centrovenus.info@gmail.com](mailto:centrovenus.info@gmail.com)\n**🌐 Sito Web:** [Visita il sito](https://www.losportellodonna.it)\n**⏰ Orari:** Lun: 9-12 | Mar: 15-19 | Mer: 9-12 | Gio: 15-19 | Ven: 9-12 | Sab: 9-12\n**💰 Gratuito:** Sì (Anonimo e riservato)\n\n---\n**📚 Servizi Erogati (Verificati):**\n* 📞 Ascolto Telefonico H24\n* 👥 Colloqui di Accoglienza\n* 🧠 Sostegno Psicologico\n* ⚖️ Consulenza Legale Gratuita\n* 💼 Orientamento al Lavoro\n* 🏠 Raccordo con Case Rifugio\n",
        "indirizzo": "Via Gorki, 50, 20092, CINISELLO BALSAMO, (MI)",
        "telefono": "02-22199730",
        "email": "centrovenus.info@gmail.com",
        "sito_web": "http://www.losportellodonna.it",
        "orari": "Lunedì: 9:00-12:00 | Martedì: 15:00-19:00 | Mercoledì: 9:00-12:00 | Giovedì: 15:00-19:00 | Venerdì: 9:00-12:00 | Sabato: 9:00-12:00",
        "gratuito": "Sì",
        "colore_marker": "#FF1493",
        "icona": "home"
      }
    },
    {
      "type": "Feature",
      "geometry": {
        "type": "Point",
        "coordinates": [
          9.230901354684098,
          45.53643694820437
        ]
      },
      "properties": {
        "categoria": "CAV",
        "tipo": "Sportello",
        "name": "SPORTELLO DI SESTO SAN GIOVANNI (VE.NU.S)",
        "description": "### SPORTELLO DI SESTO SAN GIOVANNI (VE.NU.S)\n**Stato:** 🟢 Servizio Accreditato e Verificato da Regione Lombardia\n\n**Gestore:** Mittatron Onlus\n**Tipo:** Sportello Decentrato\n**📍 Indirizzo:** Piazza Oldrini 120 (La casa delle associazioni), 20099, Sesto San Giovanni (MI)\n**📞 Telefono (Clicca per chiamare):** [02-2496825](tel:022496825) / Cell. H24: [3666622300](tel:3666622300)\n**✉️ Email (Clicca per scrivere):** [centrovenus.info@gmail.com](mailto:centrovenus.info@gmail.com)\n**🌐 Sito Web:** [Visita il sito](https://www.losportellodonna.it)\n**⏰ Orari:** Mer: 15:00-18:00 | Ven: 9:00-12:00\n**💰 Gratuito:** Sì (Anonimo e riservato)\n\n---\n**📚 Servizi Erogati (Verificati):**\n* 📞 Ascolto Telefonico H24\n* 👥 Colloqui di Accoglienza\n* 🧠 Sostegno Psicologico\n* ⚖️ Consulenza Legale Gratuita\n",
        "indirizzo": "Piazza Oldrini 120, 20099, Sesto San Giovanni (MI)",
        "telefono": "02-2496825",
        "email": "centrovenus.info@gmail.com",
        "sito_web": "",
        "orari": "Mercoledì: 15:00-18:00 | Venerdì: 9:00-12:00",
        "gratuito": "Sì",
        "colore_marker": "#FF1493",
        "icona": "home"
      }
    },
    {
      "type": "Feature",
      "geometry": {
        "type": "Point",
        "coordinates": [
          10.25696364119065,
          45.58842514999722
        ]
      },
      "properties": {
        "categoria": "CAV",
        "tipo": "Sportello",
        "name": "SPORTELLO DI NAVE",
        "description": "### SPORTELLO DI NAVE\n**Stato:** 🟢 Servizio Accreditato e Verificato da Regione Lombardia\n\n**Tipo:** Sportello\n**📍 Indirizzo:** via Zanardelli, 57, NAVE, (BS)\n**📞 Telefono (Clicca per chiamare):** [3311276110](tel:3311276110)\n**✉️ Email (Clicca per scrivere):** [antiviolenzavalletrompia@gmail.com](mailto:antiviolenzavalletrompia@gmail.com)\n**⏰ Orari di apertura:** : Martedì dalle 15:00 alle ore 18:00.\n**🏠 Gestione Case Rifugio:** NO\n\n---\n**📚 Servizi Erogati (Verificati):**\n* 📞 Ascolto Telefonico H24\n",
        "indirizzo": "via Zanardelli, 57, NAVE, (BS)",
        "telefono": "3311276110",
        "email": "antiviolenzavalletrompia@gmail.com",
        "sito_web": "",
        "orari": ": Martedì dalle 15:00 alle ore 18:00.",
        "gratuito": "Sì",
        "colore_marker": "#FF1493",
        "icona": "home"
      }
    },
    {
      "type": "Feature",
      "geometry": {
        "type": "Point",
        "coordinates": [
          10.261916410968272,
          45.65035989236594
        ]
      },
      "properties": {
        "categoria": "CAV",
        "tipo": "Sportello",
        "name": "SPORTELLO DI LUMEZZANE",
        "description": "### SPORTELLO DI LUMEZZANE\n**Stato:** 🟢 Servizio Accreditato e Verificato da Regione Lombardia\n\n**Tipo:** Sportello\n**📍 Indirizzo:** via Monsuello, 154, LUMEZZANE, (BS)\n**📞 Telefono (Clicca per chiamare):** [3311276117](tel:3311276117)\n**✉️ Email (Clicca per scrivere):** [antiviolenzavalletrompia@gmail.com](mailto:antiviolenzavalletrompia@gmail.com)\n**⏰ Orari di apertura:** : Lunedì dalle 15:00 alle 18:00\n**🏠 Gestione Case Rifugio:** NO\n\n---\n**📚 Servizi Erogati (Verificati):**\n* 📞 Ascolto Telefonico H24\n",
        "indirizzo": "via Monsuello, 154, LUMEZZANE, (BS)",
        "telefono": "3311276117",
        "email": "antiviolenzavalletrompia@gmail.com",
        "sito_web": "",
        "orari": ": Lunedì dalle 15:00 alle 18:00",
        "gratuito": "Sì",
        "colore_marker": "#FF1493",
        "icona": "home"
      }
    },
    {
      "type": "Feature",
      "geometry": {
        "type": "Point",
        "coordinates": [
          10.18334,
          45.68263
        ]
      },
      "properties": {
        "categoria": "CAV",
        "tipo": "Centro",
        "name": "CENTRO ANTIVIOLENZA VIVADONNA",
        "description": "### CENTRO ANTIVIOLENZA VIVADONNA\n**Stato:** 🟢 Servizio Accreditato e Verificato da Regione Lombardia\n\n**Tipo:** Centro\n**📍 Indirizzo:** Via San Francesco d'Assisi, GARDONE VALTROMPIA, (BS)\n**📞 Telefono (Clicca per chiamare):** [3357240973](tel:3357240973)\n**✉️ Email (Clicca per scrivere):** [antiviolenzavalletrompia@gmail.com](mailto:antiviolenzavalletrompia@gmail.com)\n**🌐 Sito Web:** [Visita il sito](https://www.vivadonna.it)\n**⏰ Orari di apertura:** Martedì dalle 09:30 alle 12:30, mercoledì e giovedì dalle 15:00 alle 18:00, venerdì e sabato dalle 09:30 alle 12:30\n**🏠 Gestione Case Rifugio:** NO\n\n---\n**📚 Servizi Erogati (Verificati):**\n* 📞 Ascolto Telefonico H24\n* 🧠 Supporto Psicologico\n* ⚖️ Consulenza Legale Gratuita\n* 🏠 Raccordo con Case Rifugio\n",
        "indirizzo": "Via San Francesco d'Assisi, GARDONE VALTROMPIA, (BS)",
        "telefono": "3357240973",
        "email": "antiviolenzavalletrompia@gmail.com",
        "sito_web": "https://www.vivadonna.it",
        "orari": "Martedì dalle 09:30 alle 12:30, mercoledì e giovedì dalle 15:00 alle 18:00, venerdì e sabato dalle 09:30 alle 12:30",
        "gratuito": "Sì",
        "colore_marker": "#FF1493",
        "icona": "home"
      }
    },
    {
      "type": "Feature",
      "geometry": {
        "type": "Point",
        "coordinates": [
          9.307930739345428,
          45.550230375608635
        ]
      },
      "properties": {
        "categoria": "CAV",
        "tipo": "Sportello",
        "name": "SPORTELLO DI BRUGHERIO",
        "description": "### SPORTELLO DI BRUGHERIO\n**Stato:** 🟢 Servizio Accreditato e Verificato da Regione Lombardia\n\n**Tipo:** Sportello\n**📍 Indirizzo:** Via Oberdan, 83, 24053, BRUGHERIO, (MB)\n**📞 Telefono (Clicca per chiamare):** [3338399968](tel:3338399968)\n**✉️ Email (Clicca per scrivere):** [sportelloanativiolenzabrugherio@gmail.com](mailto:sportelloanativiolenzabrugherio@gmail.com)\n**⏰ Orari di apertura:** : Martedì dalle 9:30 alle 12:30; venerdì dalle 14:30 alle 17:30\n**🏠 Gestione Case Rifugio:** NO\n\n---\n**📚 Servizi Erogati (Verificati):**\n* 📞 Ascolto Telefonico H24\n",
        "indirizzo": "Via Oberdan, 83, 24053, BRUGHERIO, (MB)",
        "telefono": "3338399968",
        "email": "sportelloanativiolenzabrugherio@gmail.com",
        "sito_web": "",
        "orari": ": Martedì dalle 9:30 alle 12:30; venerdì dalle 14:30 alle 17:30",
        "gratuito": "Sì",
        "colore_marker": "#FF1493",
        "icona": "home"
      }
    },
    {
      "type": "Feature",
      "geometry": {
        "type": "Point",
        "coordinates": [
          9.23467956818309,
          45.61845186161424
        ]
      },
      "properties": {
        "categoria": "CAV",
        "tipo": "Centro",
        "name": "CENTRO ANTIVIOLENZA MITTATRON - RETE ARTEMIDE",
        "description": "### CENTRO ANTIVIOLENZA MITTATRON - RETE ARTEMIDE\n**Stato:** 🟢 Servizio Accreditato e Verificato da Regione Lombardia\n\n**Tipo:** Centro\n**📍 Indirizzo:** Via Como, 57, 20134, LISSONE, (MB)\n**📞 Telefono (Clicca per chiamare):** [362621494](tel:362621494)\n**✉️ Email (Clicca per scrivere):** [sportelloantiviolenza@ambitocaratebrianza.it](mailto:sportelloantiviolenza@ambitocaratebrianza.it)\n**🌐 Sito Web:** [Visita il sito](https://www.mittatron.it/)\n**⏰ Orari di apertura:** Lunedì, martedì e giovedì dalle 14:30 alle 17:30; mercoledì e venerdì dalle 9:30 alle 12:30\n**🏠 Gestione Case Rifugio:** NO\n\n---\n**📚 Servizi Erogati (Verificati):**\n* 📞 Ascolto Telefonico H24\n* 🧠 Supporto Psicologico\n* ⚖️ Consulenza Legale Gratuita\n* 🏠 Raccordo con Case Rifugio\n",
        "indirizzo": "Via Como, 57, 20134, LISSONE, (MB)",
        "telefono": "362621494",
        "email": "sportelloantiviolenza@ambitocaratebrianza.it",
        "sito_web": "https://www.mittatron.it/",
        "orari": "Lunedì, martedì e giovedì dalle 14:30 alle 17:30; mercoledì e venerdì dalle 9:30 alle 12:30",
        "gratuito": "Sì",
        "colore_marker": "#FF1493",
        "icona": "home"
      }
    },
    {
      "type": "Feature",
      "geometry": {
        "type": "Point",
        "coordinates": [
          9.199078,
          45.349417
        ]
      },
      "properties": {
        "categoria": "CAV",
        "tipo": "Centro",
        "name": "DONNE INSIEME CONTRO LA VIOLENZA ONLUS",
        "description": "### DONNE INSIEME CONTRO LA VIOLENZA ONLUS\n**Stato:** 🟢 Servizio Accreditato e Verificato da Regione Lombardia\n\n**Tipo:** Centro\n**📍 Indirizzo:** Via dei Pini, 8, 20090, PIEVE EMANUELE, (MI)\n**📞 Telefono (Clicca per chiamare):** [02/90420110](tel:0290420110)\n**✉️ Email (Clicca per scrivere):** [info@donneinsieme.org](mailto:info@donneinsieme.org)\n**🌐 Sito Web:** [Visita il sito](https://www.donneinsieme.org/)\n**⏰ Orari di apertura:** Lunedì e martedì dalle 10:00 alle 13:00; martedì anche su appuntamento dalle 17:00 alle 19.30; mercoledì dalle 15:00 alle 18:00; giovedì dalle 17:00 alle 20:00 e su appuntamento dalle 9:30 alle 11.30; venerdì dalle 15:00 alle 18:00\n**🏠 Gestione Case Rifugio:** NO\n\n---\n**📚 Servizi Erogati (Verificati):**\n* 📞 Ascolto Telefonico H24\n* 🧠 Supporto Psicologico\n* ⚖️ Consulenza Legale Gratuita\n* 🏠 Raccordo con Case Rifugio\n",
        "indirizzo": "Via dei Pini, 8, 20090, PIEVE EMANUELE, (MI)",
        "telefono": "02/90420110",
        "email": "info@donneinsieme.org",
        "sito_web": "https://www.donneinsieme.org/",
        "orari": "Lunedì e martedì dalle 10:00 alle 13:00; martedì anche su appuntamento dalle 17:00 alle 19.30; mercoledì dalle 15:00 alle 18:00; giovedì dalle 17:00 alle 20:00 e su appuntamento dalle 9:30 alle 11.30; venerdì dalle 15:00 alle 18:00",
        "gratuito": "Sì",
        "colore_marker": "#FF1493",
        "icona": "home"
      }
    },
    {
      "type": "Feature",
      "geometry": {
        "type": "Point",
        "coordinates": [
          9.150319623999101,
          45.38001224580392
        ]
      },
      "properties": {
        "categoria": "CAV",
        "tipo": "Sportello",
        "name": "SPORTELLO DI ROZZANO",
        "description": "### SPORTELLO DI ROZZANO\n**Stato:** 🟢 Servizio Accreditato e Verificato da Regione Lombardia\n\n**Tipo:** Sportello\n**📍 Indirizzo:** Viale Liguria, 3, 24058, ROZZANO, (MI)\n**📞 Telefono (Clicca per chiamare):** [0257514156](tel:0257514156)\n**✉️ Email (Clicca per scrivere):** [rozzano@donneinsieme.org](mailto:rozzano@donneinsieme.org)\n**⏰ Orari di apertura:** : Mercoledì dalle 14:00 alle 17:00; venerdì dalle 9:30 alle 12:30\n**🏠 Gestione Case Rifugio:** NO\n\n---\n**📚 Servizi Erogati (Verificati):**\n* 📞 Ascolto Telefonico H24\n",
        "indirizzo": "Viale Liguria, 3, 24058, ROZZANO, (MI)",
        "telefono": "0257514156",
        "email": "rozzano@donneinsieme.org",
        "sito_web": "",
        "orari": ": Mercoledì dalle 14:00 alle 17:00; venerdì dalle 9:30 alle 12:30",
        "gratuito": "Sì",
        "colore_marker": "#FF1493",
        "icona": "home"
      }
    },
    {
      "type": "Feature",
      "geometry": {
        "type": "Point",
        "coordinates": [
          9.282013,
          45.577999
        ]
      },
      "properties": {
        "categoria": "CAV",
        "tipo": "Centro",
        "name": "C.A.DO.M. CENTRO AIUTO DONNE MALTRATTATE",
        "description": "### C.A.DO.M. CENTRO AIUTO DONNE MALTRATTATE\n**Stato:** 🟢 Servizio Accreditato e Verificato da Regione Lombardia\n\n**Tipo:** Centro\n**📍 Indirizzo:** Via Mentana, 43, 20900, MONZA, (MB)\n**📞 Telefono (Clicca per chiamare):** [0392840006](tel:0392840006)\n**✉️ Email (Clicca per scrivere):** [info@cadom.it](mailto:info@cadom.it)\n**🌐 Sito Web:** [Visita il sito](http://www.cadom.it)\n**⏰ Orari di apertura:** Martedì, mercoledì, giovedì e sabato dalle 9:00 alle 12:00; lunedì, martedì, mercoledì, giovedì e venerdì dalle 14:30 alle 17:30; giovedì dalle 20:00 alle 22:30\n**🏠 Gestione Case Rifugio:** NO\n\n---\n**📚 Servizi Erogati (Verificati):**\n* 📞 Ascolto Telefonico H24\n* 🧠 Supporto Psicologico\n* ⚖️ Consulenza Legale Gratuita\n* 🏠 Raccordo con Case Rifugio\n",
        "indirizzo": "Via Mentana, 43, 20900, MONZA, (MB)",
        "telefono": "0392840006",
        "email": "info@cadom.it",
        "sito_web": "http://www.cadom.it",
        "orari": "Martedì, mercoledì, giovedì e sabato dalle 9:00 alle 12:00; lunedì, martedì, mercoledì, giovedì e venerdì dalle 14:30 alle 17:30; giovedì dalle 20:00 alle 22:30",
        "gratuito": "Sì",
        "colore_marker": "#FF1493",
        "icona": "home"
      }
    },
    {
      "type": "Feature",
      "geometry": {
        "type": "Point",
        "coordinates": [
          10.019942,
          45.139101
        ]
      },
      "properties": {
        "categoria": "CAV",
        "tipo": "Centro",
        "name": "A.I.D.A. ONLUS",
        "description": "### A.I.D.A. ONLUS\n**Stato:** 🟢 Servizio Accreditato e Verificato da Regione Lombardia\n\n**Tipo:** Centro\n**📍 Indirizzo:** Via Palestro, 28, 26100, CREMONA, (CR)\n**📞 Telefono (Clicca per chiamare):** [0372/801427](tel:0372801427)\n**✉️ Email (Clicca per scrivere):** [info@aidacremona.it](mailto:info@aidacremona.it)\n**🌐 Sito Web:** [Visita il sito](https://www.aidacremona.it/)\n**⏰ Orari di apertura:** Dal lunedì al venerdì 9:00-12:30, martedì, mercoledì e giovedì anche dalle 13.30 alle 17.30. Attivo il numero 338 960 4533 dalle 8:00 alle 20:00 tutti i giorni, festivi compresi. La segreteria telefonica è attiva 24 ore su 24\n**🏠 Gestione Case Rifugio:** NO\n\n---\n**📚 Servizi Erogati (Verificati):**\n* 📞 Ascolto Telefonico H24\n* 🧠 Supporto Psicologico\n* ⚖️ Consulenza Legale Gratuita\n* 🏠 Raccordo con Case Rifugio\n",
        "indirizzo": "Via Palestro, 28, 26100, CREMONA, (CR)",
        "telefono": "0372/801427",
        "email": "info@aidacremona.it",
        "sito_web": "https://www.aidacremona.it/",
        "orari": "Dal lunedì al venerdì 9:00-12:30, martedì, mercoledì e giovedì anche dalle 13.30 alle 17.30. Attivo il numero 338 960 4533 dalle 8:00 alle 20:00 tutti i giorni, festivi compresi. La segreteria telefonica è attiva 24 ore su 24",
        "gratuito": "Sì",
        "colore_marker": "#FF1493",
        "icona": "home"
      }
    },
    {
      "type": "Feature",
      "geometry": {
        "type": "Point",
        "coordinates": [
          10.792053,
          45.162111
        ]
      },
      "properties": {
        "categoria": "CAV",
        "tipo": "Centro",
        "name": "TELEFONO ROSA MANTOVA",
        "description": "### TELEFONO ROSA MANTOVA\n**Stato:** 🟢 Servizio Accreditato e Verificato da Regione Lombardia\n\n**Tipo:** Centro\n**📍 Indirizzo:** Via Indipendenza, 2, MANTOVA, (MA)\n**📞 Telefono (Clicca per chiamare):** [0376225656](tel:0376225656)\n**✉️ Email (Clicca per scrivere):** [telefonorosamantova@gmail.com](mailto:telefonorosamantova@gmail.com)\n**🌐 Sito Web:** [Visita il sito](http://www.telefonorosamantova.it)\n**⏰ Orari di apertura:** lunedì, martedì, giovedì e venerdì 18:00-20:00 - mercoledì 9:00-11:00. Reperibilità telefonica, 24 ore su 24, al numero 3489910043.\n**🏠 Gestione Case Rifugio:** NO\n\n---\n**📚 Servizi Erogati (Verificati):**\n* 📞 Ascolto Telefonico H24\n* 🧠 Supporto Psicologico\n* ⚖️ Consulenza Legale Gratuita\n* 🏠 Raccordo con Case Rifugio\n",
        "indirizzo": "Via Indipendenza, 2, MANTOVA, (MA)",
        "telefono": "0376225656",
        "email": "telefonorosamantova@gmail.com",
        "sito_web": "http://www.telefonorosamantova.it",
        "orari": "lunedì, martedì, giovedì e venerdì 18:00-20:00 - mercoledì 9:00-11:00. Reperibilità telefonica, 24 ore su 24, al numero 3489910043.",
        "gratuito": "Sì",
        "colore_marker": "#FF1493",
        "icona": "home"
      }
    },
    {
      "type": "Feature",
      "geometry": {
        "type": "Point",
        "coordinates": [
          9.576320168187989,
          45.73658752514525
        ]
      },
      "properties": {
        "categoria": "CAV",
        "tipo": "Sportello",
        "name": "SPORTELLO DI ALMENNO SAN BARTOLOMEO",
        "description": "### SPORTELLO DI ALMENNO SAN BARTOLOMEO\n**Stato:** 🟢 Servizio Accreditato e Verificato da Regione Lombardia\n\n**Tipo:** Sportello\n**📍 Indirizzo:** Via Montale, 24, 20122, ALMENNO SAN BARTOLOMEO, (BG)\n**📞 Telefono (Clicca per chiamare):** [035851782 (int.3)](tel:035851782(int.3))\n**✉️ Email (Clicca per scrivere):** [centroantiviolenzapenelope@centrosirio.it](mailto:centroantiviolenzapenelope@centrosirio.it)\n**⏰ Orari di apertura:** : Giovedì dalle 9:00 alle 12:00\n**🏠 Gestione Case Rifugio:** NO\n\n---\n**📚 Servizi Erogati (Verificati):**\n* 📞 Ascolto Telefonico H24\n",
        "indirizzo": "Via Montale, 24, 20122, ALMENNO SAN BARTOLOMEO, (BG)",
        "telefono": "035851782 (int.3)",
        "email": "centroantiviolenzapenelope@centrosirio.it",
        "sito_web": "",
        "orari": ": Giovedì dalle 9:00 alle 12:00",
        "gratuito": "Sì",
        "colore_marker": "#FF1493",
        "icona": "home"
      }
    },
    {
      "type": "Feature",
      "geometry": {
        "type": "Point",
        "coordinates": [
          9.663863524018234,
          45.838225611980555
        ]
      },
      "properties": {
        "categoria": "CAV",
        "tipo": "Centro",
        "name": "CENTRO ANTIVIOLENZA PENELOPE",
        "description": "### CENTRO ANTIVIOLENZA PENELOPE\n**Stato:** 🟢 Servizio Accreditato e Verificato da Regione Lombardia\n\n**Tipo:** Centro\n**📍 Indirizzo:** Via San Carlo, 32, 20134, SAN PELLEGRINO TERME, (BG)\n**📞 Telefono (Clicca per chiamare):** [3341046230](tel:3341046230)\n**✉️ Email (Clicca per scrivere):** [centroantiviolenzapenelope@centrosirio.it](mailto:centroantiviolenzapenelope@centrosirio.it)\n**🌐 Sito Web:** [Visita il sito](https://siriocsf.it/servizi-per-le-donne/centro-antiviolenza-valle/)\n**⏰ Orari di apertura:** Lunedì dalle 9:30 alle 12:30; martedì, mercoledì, giovedì dalle 15.00 alle 18.00; venerdì dalle 9.30 alle 12.30\n**🏠 Gestione Case Rifugio:** NO\n\n---\n**📚 Servizi Erogati (Verificati):**\n* 📞 Ascolto Telefonico H24\n* 🧠 Supporto Psicologico\n* ⚖️ Consulenza Legale Gratuita\n* 🏠 Raccordo con Case Rifugio\n",
        "indirizzo": "Via San Carlo, 32, 20134, SAN PELLEGRINO TERME, (BG)",
        "telefono": "3341046230",
        "email": "centroantiviolenzapenelope@centrosirio.it",
        "sito_web": "https://siriocsf.it/servizi-per-le-donne/centro-antiviolenza-valle/",
        "orari": "Lunedì dalle 9:30 alle 12:30; martedì, mercoledì, giovedì dalle 15.00 alle 18.00; venerdì dalle 9.30 alle 12.30",
        "gratuito": "Sì",
        "colore_marker": "#FF1493",
        "icona": "home"
      }
    },
    {
      "type": "Feature",
      "geometry": {
        "type": "Point",
        "coordinates": [
          9.576320168187989,
          45.813060231616426
        ]
      },
      "properties": {
        "categoria": "CAV",
        "tipo": "Sportello",
        "name": "SPORTELLO DI SANT'OMOBONO TERME",
        "description": "### SPORTELLO DI SANT'OMOBONO TERME\n**Stato:** 🟢 Servizio Accreditato e Verificato da Regione Lombardia\n\n**Tipo:** Sportello\n**📍 Indirizzo:** Via Vanoncini, 20, SANT`OMOBONO TERME, (BG)\n**📞 Telefono (Clicca per chiamare):** [035851782 (int.3)](tel:035851782(int.3))\n**✉️ Email (Clicca per scrivere):** [centroantiviolenzapenelope@centrosirio.it](mailto:centroantiviolenzapenelope@centrosirio.it)\n**⏰ Orari di apertura:** : Lunedì dalle 13.30 alle 16.30\n**🏠 Gestione Case Rifugio:** NO\n\n---\n**📚 Servizi Erogati (Verificati):**\n* 📞 Ascolto Telefonico H24\n",
        "indirizzo": "Via Vanoncini, 20, SANT`OMOBONO TERME, (BG)",
        "telefono": "035851782 (int.3)",
        "email": "centroantiviolenzapenelope@centrosirio.it",
        "sito_web": "",
        "orari": ": Lunedì dalle 13.30 alle 16.30",
        "gratuito": "Sì",
        "colore_marker": "#FF1493",
        "icona": "home"
      }
    },
    {
      "type": "Feature",
      "geometry": {
        "type": "Point",
        "coordinates": [
          9.50859,
          45.472409
        ]
      },
      "properties": {
        "categoria": "CAV",
        "tipo": "Sportello",
        "name": "SPORTELLO DI RIVOLTA D’ADDA",
        "description": "### SPORTELLO DI RIVOLTA D’ADDA\n**Stato:** 🟢 Servizio Accreditato e Verificato da Regione Lombardia\n\n**Tipo:** Sportello\n**📍 Indirizzo:** Via Giacomo Renzi, 5, 26027, RIVOLTA D`ADDA, (CR)\n**📞 Telefono (Clicca per chiamare):** [0363301773](tel:0363301773)\n**✉️ Email (Clicca per scrivere):** [info@centrosirio.it](mailto:info@centrosirio.it)\n**⏰ Orari di apertura:** : Giovedì 17:00-19:00\n**🏠 Gestione Case Rifugio:** NO\n\n---\n**📚 Servizi Erogati (Verificati):**\n* 📞 Ascolto Telefonico H24\n",
        "indirizzo": "Via Giacomo Renzi, 5, 26027, RIVOLTA D`ADDA, (CR)",
        "telefono": "0363301773",
        "email": "info@centrosirio.it",
        "sito_web": "",
        "orari": ": Giovedì 17:00-19:00",
        "gratuito": "Sì",
        "colore_marker": "#FF1493",
        "icona": "home"
      }
    },
    {
      "type": "Feature",
      "geometry": {
        "type": "Point",
        "coordinates": [
          9.623552,
          45.555314
        ]
      },
      "properties": {
        "categoria": "CAV",
        "tipo": "Sportello",
        "name": "SPORTELLO DI CASTEL ROZZONE",
        "description": "### SPORTELLO DI CASTEL ROZZONE\n**Stato:** 🟢 Servizio Accreditato e Verificato da Regione Lombardia\n\n**Tipo:** Sportello\n**📍 Indirizzo:** Piazza Castello, 2, 24040, CASTEL ROZZONE, (BG)\n**📞 Telefono (Clicca per chiamare):** [0363301773](tel:0363301773)\n**✉️ Email (Clicca per scrivere):** [info@centrosirio.it](mailto:info@centrosirio.it)\n**⏰ Orari di apertura:** : Il 2° e il 4° Giovedì del mese 10:00-13:00\n**🏠 Gestione Case Rifugio:** NO\n\n---\n**📚 Servizi Erogati (Verificati):**\n* 📞 Ascolto Telefonico H24\n",
        "indirizzo": "Piazza Castello, 2, 24040, CASTEL ROZZONE, (BG)",
        "telefono": "0363301773",
        "email": "info@centrosirio.it",
        "sito_web": "",
        "orari": ": Il 2° e il 4° Giovedì del mese 10:00-13:00",
        "gratuito": "Sì",
        "colore_marker": "#FF1493",
        "icona": "home"
      }
    },
    {
      "type": "Feature",
      "geometry": {
        "type": "Point",
        "coordinates": [
          9.751406,
          45.519366
        ]
      },
      "properties": {
        "categoria": "CAV",
        "tipo": "Sportello",
        "name": "SPORTELLO DI ROMANO DI LOMBARDIA",
        "description": "### SPORTELLO DI ROMANO DI LOMBARDIA\n**Stato:** 🟢 Servizio Accreditato e Verificato da Regione Lombardia\n\n**Tipo:** Sportello\n**📍 Indirizzo:** Via S. Francesco d'Assisi, 12, 24058, ROMANO DI LOMBARDIA, (BG)\n**📞 Telefono (Clicca per chiamare):** [0363990254](tel:0363990254)\n**✉️ Email (Clicca per scrivere):** [info@centrosirio.it](mailto:info@centrosirio.it)\n**⏰ Orari di apertura:** : Lunedì 14:00-17:00 - Giovedì 9:00-12:00\n**🏠 Gestione Case Rifugio:** NO\n\n---\n**📚 Servizi Erogati (Verificati):**\n* 📞 Ascolto Telefonico H24\n",
        "indirizzo": "Via S. Francesco d'Assisi, 12, 24058, ROMANO DI LOMBARDIA, (BG)",
        "telefono": "0363990254",
        "email": "info@centrosirio.it",
        "sito_web": "",
        "orari": ": Lunedì 14:00-17:00 - Giovedì 9:00-12:00",
        "gratuito": "Sì",
        "colore_marker": "#FF1493",
        "icona": "home"
      }
    },
    {
      "type": "Feature",
      "geometry": {
        "type": "Point",
        "coordinates": [
          9.590289,
          45.512496
        ]
      },
      "properties": {
        "categoria": "CAV",
        "tipo": "Centro",
        "name": "CENTRO ANTIVIOLENZA SPORTELLO DONNA",
        "description": "### CENTRO ANTIVIOLENZA SPORTELLO DONNA\n**Stato:** 🟢 Servizio Accreditato e Verificato da Regione Lombardia\n\n**Tipo:** Centro\n**📍 Indirizzo:** Via Roggia Vignola, 18, 24047, TREVIGLIO, (BG)\n**📞 Telefono (Clicca per chiamare):** [0363301773](tel:0363301773)\n**✉️ Email (Clicca per scrivere):** [info@centrosirio.it](mailto:info@centrosirio.it)\n**🌐 Sito Web:** [Visita il sito](http://www.siriocsf.it)\n**⏰ Orari di apertura:** Dal lunedì al giovedì 8:30-12:30 e 13:30-17:30; venerdì 8:30-12:30 e 13:30-15:30; sabato 9:00-12:00\n**🏠 Gestione Case Rifugio:** NO\n\n---\n**📚 Servizi Erogati (Verificati):**\n* 📞 Ascolto Telefonico H24\n* 🧠 Supporto Psicologico\n* ⚖️ Consulenza Legale Gratuita\n* 🏠 Raccordo con Case Rifugio\n",
        "indirizzo": "Via Roggia Vignola, 18, 24047, TREVIGLIO, (BG)",
        "telefono": "0363301773",
        "email": "info@centrosirio.it",
        "sito_web": "http://www.siriocsf.it",
        "orari": "Dal lunedì al giovedì 8:30-12:30 e 13:30-17:30; venerdì 8:30-12:30 e 13:30-15:30; sabato 9:00-12:00",
        "gratuito": "Sì",
        "colore_marker": "#FF1493",
        "icona": "home"
      }
    },
    {
      "type": "Feature",
      "geometry": {
        "type": "Point",
        "coordinates": [
          9.648847,
          45.54583
        ]
      },
      "properties": {
        "categoria": "CAV",
        "tipo": "Sportello",
        "name": "SPORTELLO DI BRIGNANO GERA D’ADDA",
        "description": "### SPORTELLO DI BRIGNANO GERA D’ADDA\n**Stato:** 🟢 Servizio Accreditato e Verificato da Regione Lombardia\n\n**Tipo:** Sportello\n**📍 Indirizzo:** Via Vittorio Emanuele II°, 36/a, 24053, BRIGNANO GERA D`ADDA, (BG)\n**📞 Telefono (Clicca per chiamare):** [0363301773](tel:0363301773)\n**✉️ Email (Clicca per scrivere):** [info@centrosirio.it](mailto:info@centrosirio.it)\n**⏰ Orari di apertura:** : Il 1° e il 3° Lunedì del mese 10:00-13:00\n**🏠 Gestione Case Rifugio:** NO\n\n---\n**📚 Servizi Erogati (Verificati):**\n* 📞 Ascolto Telefonico H24\n",
        "indirizzo": "Via Vittorio Emanuele II°, 36/a, 24053, BRIGNANO GERA D`ADDA, (BG)",
        "telefono": "0363301773",
        "email": "info@centrosirio.it",
        "sito_web": "",
        "orari": ": Il 1° e il 3° Lunedì del mese 10:00-13:00",
        "gratuito": "Sì",
        "colore_marker": "#FF1493",
        "icona": "home"
      }
    },
    {
      "type": "Feature",
      "geometry": {
        "type": "Point",
        "coordinates": [
          9.203756,
          45.449819
        ]
      },
      "properties": {
        "categoria": "CAV",
        "tipo": "Centro",
        "name": "CERCHI D'ACQUA",
        "description": "### CERCHI D'ACQUA\n**Stato:** 🟢 Servizio Accreditato e Verificato da Regione Lombardia\n\n**Tipo:** Centro\n**📍 Indirizzo:** Via Verona, 9, 20135, MILANO, (MI)\n**📞 Telefono (Clicca per chiamare):** [3317485056](tel:3317485056)\n**✉️ Email (Clicca per scrivere):** [amministrazione@cerchidacqua.org](mailto:amministrazione@cerchidacqua.org)\n**🌐 Sito Web:** [Visita il sito](http://www.cerchidacqua.org)\n**⏰ Orari di apertura:** Dal lunedì al venerdì dalle 10:00 alle 18:00\n**🏠 Gestione Case Rifugio:** NO\n\n---\n**📚 Servizi Erogati (Verificati):**\n* 📞 Ascolto Telefonico H24\n* 🧠 Supporto Psicologico\n* ⚖️ Consulenza Legale Gratuita\n* 🏠 Raccordo con Case Rifugio\n",
        "indirizzo": "Via Verona, 9, 20135, MILANO, (MI)",
        "telefono": "3317485056",
        "email": "amministrazione@cerchidacqua.org",
        "sito_web": "http://www.cerchidacqua.org",
        "orari": "Dal lunedì al venerdì dalle 10:00 alle 18:00",
        "gratuito": "Sì",
        "colore_marker": "#FF1493",
        "icona": "home"
      }
    },
    {
      "type": "Feature",
      "geometry": {
        "type": "Point",
        "coordinates": [
          9.22823112584698,
          45.48183996336212
        ]
      },
      "properties": {
        "categoria": "CAV",
        "tipo": "Centro",
        "name": "CENTRO ANTIVIOLENZA ERSILIA BRONZINI",
        "description": "### CENTRO ANTIVIOLENZA ERSILIA BRONZINI\n**Stato:** 🟢 Servizio Accreditato e Verificato da Regione Lombardia\n\n**Tipo:** Centro\n**📍 Indirizzo:** Via Giovanni Pacini, 20, MILANO, (MI)\n**📞 Telefono (Clicca per chiamare):** [3316405349](tel:3316405349)\n**✉️ Email (Clicca per scrivere):** [centroantiviolenza@asilomariuccia.com](mailto:centroantiviolenza@asilomariuccia.com)\n**🌐 Sito Web:** [Visita il sito](https://www.asilomariuccia.com/)\n**⏰ Orari di apertura:** Martedì, mercoledì e giovedì dalle 9:00 alle 14:00; lunedì e venerdì dalle 14:00 alle 19:00\n**🏠 Gestione Case Rifugio:** NO\n\n---\n**📚 Servizi Erogati (Verificati):**\n* 📞 Ascolto Telefonico H24\n* 🧠 Supporto Psicologico\n* ⚖️ Consulenza Legale Gratuita\n* 🏠 Raccordo con Case Rifugio\n",
        "indirizzo": "Via Giovanni Pacini, 20, MILANO, (MI)",
        "telefono": "3316405349",
        "email": "centroantiviolenza@asilomariuccia.com",
        "sito_web": "https://www.asilomariuccia.com/",
        "orari": "Martedì, mercoledì e giovedì dalle 9:00 alle 14:00; lunedì e venerdì dalle 14:00 alle 19:00",
        "gratuito": "Sì",
        "colore_marker": "#FF1493",
        "icona": "home"
      }
    },
    {
      "type": "Feature",
      "geometry": {
        "type": "Point",
        "coordinates": [
          10.797959,
          45.11632
        ]
      },
      "properties": {
        "categoria": "CAV",
        "tipo": "Centro",
        "name": "CENTRO DONNE MANTOVA",
        "description": "### CENTRO DONNE MANTOVA\n**Stato:** 🟢 Servizio Accreditato e Verificato da Regione Lombardia\n\n**Tipo:** Centro\n**📍 Indirizzo:** Via Giovanni Falcone, 1, 46034, BORGO VIRGILIO, (MA)\n**📞 Telefono (Clicca per chiamare):** [3899151596](tel:3899151596)\n**✉️ Email (Clicca per scrivere):** [info@centrodonnemantova.it](mailto:info@centrodonnemantova.it)\n**🌐 Sito Web:** [Visita il sito](https://centrodonnemantova.com/)\n**⏰ Orari di apertura:** Lunedì, mercoledì, giovedì e venerdì dalle 15:00 alle 18:00; martedì dalle 10:00 alle 13:00\n**🏠 Gestione Case Rifugio:** NO\n\n---\n**📚 Servizi Erogati (Verificati):**\n* 📞 Ascolto Telefonico H24\n* 🧠 Supporto Psicologico\n* ⚖️ Consulenza Legale Gratuita\n* 🏠 Raccordo con Case Rifugio\n",
        "indirizzo": "Via Giovanni Falcone, 1, 46034, BORGO VIRGILIO, (MA)",
        "telefono": "3899151596",
        "email": "info@centrodonnemantova.it",
        "sito_web": "https://centrodonnemantova.com/",
        "orari": "Lunedì, mercoledì, giovedì e venerdì dalle 15:00 alle 18:00; martedì dalle 10:00 alle 13:00",
        "gratuito": "Sì",
        "colore_marker": "#FF1493",
        "icona": "home"
      }
    },
    {
      "type": "Feature",
      "geometry": {
        "type": "Point",
        "coordinates": [
          9.130269168174262,
          45.40806637992429
        ]
      },
      "properties": {
        "categoria": "CAV",
        "tipo": "Sportello",
        "name": "SPORTELLO DI ASSAGO",
        "description": "### SPORTELLO DI ASSAGO\n**Stato:** 🟢 Servizio Accreditato e Verificato da Regione Lombardia\n\n**Tipo:** Sportello\n**📍 Indirizzo:** Via Duccio da Buoninsegna, 9, 20122, ASSAGO, (MI)\n**📞 Telefono (Clicca per chiamare):** [3291219666](tel:3291219666)\n**✉️ Email (Clicca per scrivere):** [cavcorsico@fondazionesomaschi.it](mailto:cavcorsico@fondazionesomaschi.it)\n**⏰ Orari di apertura:** : martedì dalle 9:00 alle 12:00; giovedì dalle 14:00 alle 17:00\n**🏠 Gestione Case Rifugio:** NO\n\n---\n**📚 Servizi Erogati (Verificati):**\n* 📞 Ascolto Telefonico H24\n",
        "indirizzo": "Via Duccio da Buoninsegna, 9, 20122, ASSAGO, (MI)",
        "telefono": "3291219666",
        "email": "cavcorsico@fondazionesomaschi.it",
        "sito_web": "",
        "orari": ": martedì dalle 9:00 alle 12:00; giovedì dalle 14:00 alle 17:00",
        "gratuito": "Sì",
        "colore_marker": "#FF1493",
        "icona": "home"
      }
    },
    {
      "type": "Feature",
      "geometry": {
        "type": "Point",
        "coordinates": [
          9.095869,
          45.440126
        ]
      },
      "properties": {
        "categoria": "CAV",
        "tipo": "Centro",
        "name": "CENTRO ANTIVIOLENZA LA STANZA DELLO SCIROCCO",
        "description": "### CENTRO ANTIVIOLENZA LA STANZA DELLO SCIROCCO\n**Stato:** 🟢 Servizio Accreditato e Verificato da Regione Lombardia\n\n**Tipo:** Centro\n**📍 Indirizzo:** Via Marzabotto, 12, 20094, CORSICO, (MI)\n**📞 Telefono (Clicca per chiamare):** [800049722](tel:800049722)\n**✉️ Email (Clicca per scrivere):** [cavcorsico@fondazionesomaschi.it](mailto:cavcorsico@fondazionesomaschi.it)\n**⏰ Orari di apertura:** Lunedì, giovedì e venerdì dalle 10:00 alle 13:00; martedì e mercoledì dalle 14:00 alle 17:00\n**🏠 Gestione Case Rifugio:** NO\n\n---\n**📚 Servizi Erogati (Verificati):**\n* 📞 Ascolto Telefonico H24\n* 🧠 Supporto Psicologico\n* ⚖️ Consulenza Legale Gratuita\n* 🏠 Raccordo con Case Rifugio\n",
        "indirizzo": "Via Marzabotto, 12, 20094, CORSICO, (MI)",
        "telefono": "800049722",
        "email": "cavcorsico@fondazionesomaschi.it",
        "sito_web": "",
        "orari": "Lunedì, giovedì e venerdì dalle 10:00 alle 13:00; martedì e mercoledì dalle 14:00 alle 17:00",
        "gratuito": "Sì",
        "colore_marker": "#FF1493",
        "icona": "home"
      }
    },
    {
      "type": "Feature",
      "geometry": {
        "type": "Point",
        "coordinates": [
          8.834793875541193,
          45.81516592022103
        ]
      },
      "properties": {
        "categoria": "CAV",
        "tipo": "Centro",
        "name": "CAV FELICITA MORANDI",
        "description": "### CAV FELICITA MORANDI\n**Stato:** 🟢 Servizio Accreditato e Verificato da Regione Lombardia\n\n**Tipo:** Centro\n**📍 Indirizzo:** via F. Del Ponte angolo p.zza Biroldi, VARESE, (VA)\n**📞 Telefono (Clicca per chiamare):** [0332/299501](tel:0332299501)\n**✉️ Email (Clicca per scrivere):** [cav@etsfondazione.com](mailto:cav@etsfondazione.com)\n**🌐 Sito Web:** [Visita il sito](https://www.felicitamorandi.it/)\n**⏰ Orari di apertura:** Dal lunedì al venerdì dalle 14:30 alle 17:30\n**🏠 Gestione Case Rifugio:** NO\n\n---\n**📚 Servizi Erogati (Verificati):**\n* 📞 Ascolto Telefonico H24\n* 🧠 Supporto Psicologico\n* ⚖️ Consulenza Legale Gratuita\n* 🏠 Raccordo con Case Rifugio\n",
        "indirizzo": "via F. Del Ponte angolo p.zza Biroldi, VARESE, (VA)",
        "telefono": "0332/299501",
        "email": "cav@etsfondazione.com",
        "sito_web": "https://www.felicitamorandi.it/",
        "orari": "Dal lunedì al venerdì dalle 14:30 alle 17:30",
        "gratuito": "Sì",
        "colore_marker": "#FF1493",
        "icona": "home"
      }
    },
    {
      "type": "Feature",
      "geometry": {
        "type": "Point",
        "coordinates": [
          8.846989,
          45.311243
        ]
      },
      "properties": {
        "categoria": "CAV",
        "tipo": "Centro",
        "name": "COOPERATIVA SOCIALE KORE ONLUS",
        "description": "### COOPERATIVA SOCIALE KORE ONLUS\n**Stato:** 🟢 Servizio Accreditato e Verificato da Regione Lombardia\n\n**Tipo:** Centro\n**📍 Indirizzo:** C.so Torino, 36/B, 27029, VIGEVANO, (PV)\n**📞 Telefono (Clicca per chiamare):** [3519521151](tel:3519521151)\n**✉️ Email (Clicca per scrivere):** [cooperativa@korecooperativa.it](mailto:cooperativa@korecooperativa.it)\n**🌐 Sito Web:** [Visita il sito](https://www.korecooperativa.it/)\n**⏰ Orari di apertura:** Dal lunedì al venerdì 9:00-12:00. Il servizio di reperibilità telefonica è garantito 24 ore su 24 al numero349 2827999\n**🏠 Gestione Case Rifugio:** NO\n\n---\n**📚 Servizi Erogati (Verificati):**\n* 📞 Ascolto Telefonico H24\n* 🧠 Supporto Psicologico\n* ⚖️ Consulenza Legale Gratuita\n* 🏠 Raccordo con Case Rifugio\n",
        "indirizzo": "C.so Torino, 36/B, 27029, VIGEVANO, (PV)",
        "telefono": "3519521151",
        "email": "cooperativa@korecooperativa.it",
        "sito_web": "https://www.korecooperativa.it/",
        "orari": "Dal lunedì al venerdì 9:00-12:00. Il servizio di reperibilità telefonica è garantito 24 ore su 24 al numero349 2827999",
        "gratuito": "Sì",
        "colore_marker": "#FF1493",
        "icona": "home"
      }
    },
    {
      "type": "Feature",
      "geometry": {
        "type": "Point",
        "coordinates": [
          8.865537,
          45.321269
        ]
      },
      "properties": {
        "categoria": "CAV",
        "tipo": "Sportello",
        "name": "SPORTELLO DI VIGEVANO - OSPEDALE CIVILE",
        "description": "### SPORTELLO DI VIGEVANO - OSPEDALE CIVILE\n**Stato:** 🟢 Servizio Accreditato e Verificato da Regione Lombardia\n\n**Tipo:** Sportello\n**📍 Indirizzo:** Corso Milano, 19, 27029, VIGEVANO, (PV)\n**📞 Telefono (Clicca per chiamare):** [3519521151](tel:3519521151)\n**✉️ Email (Clicca per scrivere):** [cooperativa@korecooperativa.it](mailto:cooperativa@korecooperativa.it)\n**⏰ Orari di apertura:** : Martedì e mercoledì dalle 9:00 alle 12:00\n**🏠 Gestione Case Rifugio:** NO\n\n---\n**📚 Servizi Erogati (Verificati):**\n* 📞 Ascolto Telefonico H24\n",
        "indirizzo": "Corso Milano, 19, 27029, VIGEVANO, (PV)",
        "telefono": "3519521151",
        "email": "cooperativa@korecooperativa.it",
        "sito_web": "",
        "orari": ": Martedì e mercoledì dalle 9:00 alle 12:00",
        "gratuito": "Sì",
        "colore_marker": "#FF1493",
        "icona": "home"
      }
    },
    {
      "type": "Feature",
      "geometry": {
        "type": "Point",
        "coordinates": [
          8.869613,
          45.306969
        ]
      },
      "properties": {
        "categoria": "CAV",
        "tipo": "Sportello",
        "name": "SPORTELLO DI VIGEVANO - CLINICA ISTITUTO BEATO MATTEO",
        "description": "### SPORTELLO DI VIGEVANO - CLINICA ISTITUTO BEATO MATTEO\n**Stato:** 🟢 Servizio Accreditato e Verificato da Regione Lombardia\n\n**Tipo:** Sportello\n**📍 Indirizzo:** Corso Pavia, 84, 27029, VIGEVANO, (PV)\n**📞 Telefono (Clicca per chiamare):** [3519521151](tel:3519521151)\n**✉️ Email (Clicca per scrivere):** [cooperativa@korecooperativa.it](mailto:cooperativa@korecooperativa.it)\n**⏰ Orari di apertura:** : giovedi 9:00-12:00\n**🏠 Gestione Case Rifugio:** NO\n\n---\n**📚 Servizi Erogati (Verificati):**\n* 📞 Ascolto Telefonico H24\n",
        "indirizzo": "Corso Pavia, 84, 27029, VIGEVANO, (PV)",
        "telefono": "3519521151",
        "email": "cooperativa@korecooperativa.it",
        "sito_web": "",
        "orari": ": giovedi 9:00-12:00",
        "gratuito": "Sì",
        "colore_marker": "#FF1493",
        "icona": "home"
      }
    },
    {
      "type": "Feature",
      "geometry": {
        "type": "Point",
        "coordinates": [
          9.196992,
          45.45882
        ]
      },
      "properties": {
        "categoria": "CAV",
        "tipo": "Centro",
        "name": "SOCCORSO VIOLENZA SESSUALE E DOMESTICA",
        "description": "### SOCCORSO VIOLENZA SESSUALE E DOMESTICA\n**Stato:** 🟢 Servizio Accreditato e Verificato da Regione Lombardia\n\n**Tipo:** Centro\n**📍 Indirizzo:** Via della Commenda, 12, 20122, MILANO, (MI)\n**📞 Telefono (Clicca per chiamare):** [02/55038585](tel:0255038585)\n**✉️ Email (Clicca per scrivere):** [svsed@policlinico.mi.it](mailto:svsed@policlinico.mi.it)\n**🌐 Sito Web:** [Visita il sito](https://is.gd/Hbd86I)\n**⏰ Orari di apertura:** dal lunedì al venerdì 9:00-18:00 e sabato 9:00-14:00. Reperibilità telefonica garantita, 24 ore su 24, allo 02 55038585 per violenza domestica e allo 02 55032489 per violenza sessuale.\n**🏠 Gestione Case Rifugio:** NO\n\n---\n**📚 Servizi Erogati (Verificati):**\n* 📞 Ascolto Telefonico H24\n* 🧠 Supporto Psicologico\n* ⚖️ Consulenza Legale Gratuita\n* 🏠 Raccordo con Case Rifugio\n",
        "indirizzo": "Via della Commenda, 12, 20122, MILANO, (MI)",
        "telefono": "02/55038585",
        "email": "svsed@policlinico.mi.it",
        "sito_web": "https://is.gd/Hbd86I",
        "orari": "dal lunedì al venerdì 9:00-18:00 e sabato 9:00-14:00. Reperibilità telefonica garantita, 24 ore su 24, allo 02 55038585 per violenza domestica e allo 02 55032489 per violenza sessuale.",
        "gratuito": "Sì",
        "colore_marker": "#FF1493",
        "icona": "home"
      }
    },
    {
      "type": "Feature",
      "geometry": {
        "type": "Point",
        "coordinates": [
          8.921984725843705,
          45.40315139434264
        ]
      },
      "properties": {
        "categoria": "CAV",
        "tipo": "Sportello",
        "name": "SPORTELLO DI ABBIATEGRASSO",
        "description": "### SPORTELLO DI ABBIATEGRASSO\n**Stato:** 🟢 Servizio Accreditato e Verificato da Regione Lombardia\n\n**Tipo:** Sportello\n**📍 Indirizzo:** Via Pontida, 22, 20122, ABBIATEGRASSO, (MI)\n**📞 Telefono (Clicca per chiamare):** [3802831465](tel:3802831465)\n**🏠 Gestione Case Rifugio:** NO\n\n---\n**📚 Servizi Erogati (Verificati):**\n* 📞 Ascolto Telefonico H24\n",
        "indirizzo": "Via Pontida, 22, 20122, ABBIATEGRASSO, (MI)",
        "telefono": "3802831465",
        "email": "",
        "sito_web": "",
        "orari": "",
        "gratuito": "Sì",
        "colore_marker": "#FF1493",
        "icona": "home"
      }
    },
    {
      "type": "Feature",
      "geometry": {
        "type": "Point",
        "coordinates": [
          9.186062,
          45.509958
        ]
      },
      "properties": {
        "categoria": "CAV",
        "tipo": "Centro",
        "name": "CENTRO ANTIVIOLENZA TELEFONO DONNA",
        "description": "### CENTRO ANTIVIOLENZA TELEFONO DONNA\n**Stato:** 🟢 Servizio Accreditato e Verificato da Regione Lombardia\n\n**Tipo:** Centro\n**📍 Indirizzo:** Piazza Ospedale Maggiore, 3, 20162, MILANO, (MI)\n**📞 Telefono (Clicca per chiamare):** [02/64444008](tel:0264444008)\n**✉️ Email (Clicca per scrivere):** [telefonodonnaonline@libero.it](mailto:telefonodonnaonline@libero.it)\n**🌐 Sito Web:** [Visita il sito](http://www.telefonodonna.it)\n**⏰ Orari di apertura:** Dal lunedì al venerdì 9:30-17:30\n**🏠 Gestione Case Rifugio:** NO\n\n---\n**📚 Servizi Erogati (Verificati):**\n* 📞 Ascolto Telefonico H24\n* 🧠 Supporto Psicologico\n* ⚖️ Consulenza Legale Gratuita\n* 🏠 Raccordo con Case Rifugio\n",
        "indirizzo": "Piazza Ospedale Maggiore, 3, 20162, MILANO, (MI)",
        "telefono": "02/64444008",
        "email": "telefonodonnaonline@libero.it",
        "sito_web": "http://www.telefonodonna.it",
        "orari": "Dal lunedì al venerdì 9:30-17:30",
        "gratuito": "Sì",
        "colore_marker": "#FF1493",
        "icona": "home"
      }
    },
    {
      "type": "Feature",
      "geometry": {
        "type": "Point",
        "coordinates": [
          10.791079,
          45.150035
        ]
      },
      "properties": {
        "categoria": "CAV",
        "tipo": "Centro",
        "name": "CENTRO DI AIUTO ALLA VITA MANTOVA",
        "description": "### CENTRO DI AIUTO ALLA VITA MANTOVA\n**Stato:** 🟢 Servizio Accreditato e Verificato da Regione Lombardia\n\n**Tipo:** Centro\n**📍 Indirizzo:** Via Vittorino da Feltre, 46, 46100, MANTOVA, (MA)\n**📞 Telefono (Clicca per chiamare):** [0376325737](tel:0376325737)\n**✉️ Email (Clicca per scrivere):** [sosviolenza@centroaiutovitamantova.it](mailto:sosviolenza@centroaiutovitamantova.it)\n**🌐 Sito Web:** [Visita il sito](http://www.centroaiutovitamantova.it)\n**⏰ Orari di apertura:** Martedì, mercoledì, giovedì e venerdì dalle 9:30 alle 11:30; lunedì e mercoledì dalle 15:30 alle 17:30. SOS Antiviolenza 349 9011590 - sms 388 8989250\n**🏠 Gestione Case Rifugio:** NO\n\n---\n**📚 Servizi Erogati (Verificati):**\n* 📞 Ascolto Telefonico H24\n* 🧠 Supporto Psicologico\n* ⚖️ Consulenza Legale Gratuita\n* 🏠 Raccordo con Case Rifugio\n",
        "indirizzo": "Via Vittorino da Feltre, 46, 46100, MANTOVA, (MA)",
        "telefono": "0376325737",
        "email": "sosviolenza@centroaiutovitamantova.it",
        "sito_web": "http://www.centroaiutovitamantova.it",
        "orari": "Martedì, mercoledì, giovedì e venerdì dalle 9:30 alle 11:30; lunedì e mercoledì dalle 15:30 alle 17:30. SOS Antiviolenza 349 9011590 - sms 388 8989250",
        "gratuito": "Sì",
        "colore_marker": "#FF1493",
        "icona": "home"
      }
    },
    {
      "type": "Feature",
      "geometry": {
        "type": "Point",
        "coordinates": [
          8.753511524453122,
          45.614193850780545
        ]
      },
      "properties": {
        "categoria": "CAV",
        "tipo": "Sportello",
        "name": "SPORTELLO DI FERNO",
        "description": "### SPORTELLO DI FERNO\n**Stato:** 🟢 Servizio Accreditato e Verificato da Regione Lombardia\n\n**Tipo:** Sportello\n**📍 Indirizzo:** via Roma, 51, FERNO, (VA)\n**📞 Telefono (Clicca per chiamare):** [3345369630](tel:3345369630)\n**✉️ Email (Clicca per scrivere):** [info@centroantiviolenzaeva.it](mailto:info@centroantiviolenzaeva.it)\n**⏰ Orari di apertura:** : Lunedì dalle 14:30 alle 17:30 e giovedì dalle 10:30 alle 13:30\n**🏠 Gestione Case Rifugio:** NO\n\n---\n**📚 Servizi Erogati (Verificati):**\n* 📞 Ascolto Telefonico H24\n",
        "indirizzo": "via Roma, 51, FERNO, (VA)",
        "telefono": "3345369630",
        "email": "info@centroantiviolenzaeva.it",
        "sito_web": "",
        "orari": ": Lunedì dalle 14:30 alle 17:30 e giovedì dalle 10:30 alle 13:30",
        "gratuito": "Sì",
        "colore_marker": "#FF1493",
        "icona": "home"
      }
    },
    {
      "type": "Feature",
      "geometry": {
        "type": "Point",
        "coordinates": [
          8.78926,
          45.656709
        ]
      },
      "properties": {
        "categoria": "CAV",
        "tipo": "Sportello",
        "name": "SPORTELLO DI GALLARATE",
        "description": "### SPORTELLO DI GALLARATE\n**Stato:** 🟢 Servizio Accreditato e Verificato da Regione Lombardia\n\n**Tipo:** Sportello\n**📍 Indirizzo:** Via Ferraris, 9, 21013, GALLARATE, (VA)\n**📞 Telefono (Clicca per chiamare):** [3345369630](tel:3345369630)\n**✉️ Email (Clicca per scrivere):** [info@centroantiviolenzaeva.it](mailto:info@centroantiviolenzaeva.it)\n**⏰ Orari di apertura:** : Martedì 14:30-17:30 - Mercoledì 9:00-12:00\n**🏠 Gestione Case Rifugio:** NO\n\n---\n**📚 Servizi Erogati (Verificati):**\n* 📞 Ascolto Telefonico H24\n",
        "indirizzo": "Via Ferraris, 9, 21013, GALLARATE, (VA)",
        "telefono": "3345369630",
        "email": "info@centroantiviolenzaeva.it",
        "sito_web": "",
        "orari": ": Martedì 14:30-17:30 - Mercoledì 9:00-12:00",
        "gratuito": "Sì",
        "colore_marker": "#FF1493",
        "icona": "home"
      }
    },
    {
      "type": "Feature",
      "geometry": {
        "type": "Point",
        "coordinates": [
          8.849096,
          45.613679
        ]
      },
      "properties": {
        "categoria": "CAV",
        "tipo": "Centro",
        "name": "E.VA ONLUS",
        "description": "### E.VA ONLUS\n**Stato:** 🟢 Servizio Accreditato e Verificato da Regione Lombardia\n\n**Tipo:** Centro\n**📍 Indirizzo:** Via Alberto da Giussano, 12, 21052, BUSTO ARSIZIO, (VA)\n**📞 Telefono (Clicca per chiamare):** [3345369630](tel:3345369630)\n**✉️ Email (Clicca per scrivere):** [info@centroantiviolenzaeva.it](mailto:info@centroantiviolenzaeva.it)\n**🌐 Sito Web:** [Visita il sito](http://www.evaonlus.it)\n**⏰ Orari di apertura:** Dal lunedì al venerdì 9:00-12:00 - in altri orari si riceve su appuntamento\n**🏠 Gestione Case Rifugio:** NO\n\n---\n**📚 Servizi Erogati (Verificati):**\n* 📞 Ascolto Telefonico H24\n* 🧠 Supporto Psicologico\n* ⚖️ Consulenza Legale Gratuita\n* 🏠 Raccordo con Case Rifugio\n",
        "indirizzo": "Via Alberto da Giussano, 12, 21052, BUSTO ARSIZIO, (VA)",
        "telefono": "3345369630",
        "email": "info@centroantiviolenzaeva.it",
        "sito_web": "http://www.evaonlus.it",
        "orari": "Dal lunedì al venerdì 9:00-12:00 - in altri orari si riceve su appuntamento",
        "gratuito": "Sì",
        "colore_marker": "#FF1493",
        "icona": "home"
      }
    },
    {
      "type": "Feature",
      "geometry": {
        "type": "Point",
        "coordinates": [
          9.529383653309463,
          45.686376762114726
        ]
      },
      "properties": {
        "categoria": "CAV",
        "tipo": "Centro",
        "name": "CAV ASCOLTA CHI PARLA",
        "description": "### CAV ASCOLTA CHI PARLA\n**Stato:** 🟢 Servizio Accreditato e Verificato da Regione Lombardia\n\n**Tipo:** Centro\n**📍 Indirizzo:** Via Trento, 5, TERNO D`ISOLA, (BG)\n**📞 Telefono (Clicca per chiamare):** [035/19910067](tel:03519910067)\n**✉️ Email (Clicca per scrivere):** [centroascoltachiparla@aiutodonna.it](mailto:centroascoltachiparla@aiutodonna.it)\n**🌐 Sito Web:** [Visita il sito](https://www.aiutodonna.it/terno-disola-centro-ascolta-chi-parla/)\n**⏰ Orari di apertura:** Dalle 9:00 alle 12:00 e dalle 14:00 alle 17:00\n**🏠 Gestione Case Rifugio:** NO\n\n---\n**📚 Servizi Erogati (Verificati):**\n* 📞 Ascolto Telefonico H24\n* 🧠 Supporto Psicologico\n* ⚖️ Consulenza Legale Gratuita\n* 🏠 Raccordo con Case Rifugio\n",
        "indirizzo": "Via Trento, 5, TERNO D`ISOLA, (BG)",
        "telefono": "035/19910067",
        "email": "centroascoltachiparla@aiutodonna.it",
        "sito_web": "https://www.aiutodonna.it/terno-disola-centro-ascolta-chi-parla/",
        "orari": "Dalle 9:00 alle 12:00 e dalle 14:00 alle 17:00",
        "gratuito": "Sì",
        "colore_marker": "#FF1493",
        "icona": "home"
      }
    },
    {
      "type": "Feature",
      "geometry": {
        "type": "Point",
        "coordinates": [
          9.399011,
          45.860351
        ]
      },
      "properties": {
        "categoria": "CAV",
        "tipo": "Centro",
        "name": "TELEFONO DONNA - LECCO",
        "description": "### TELEFONO DONNA - LECCO\n**Stato:** 🟢 Servizio Accreditato e Verificato da Regione Lombardia\n\n**Tipo:** Centro\n**📍 Indirizzo:** Via Solferino, 13A, 23900, LECCO, (LC)\n**📞 Telefono (Clicca per chiamare):** [0341363484](tel:0341363484)\n**✉️ Email (Clicca per scrivere):** [teldonnalecco@gmail.com](mailto:teldonnalecco@gmail.com)\n**🌐 Sito Web:** [Visita il sito](http://www.telefonodonnalecco.it)\n**⏰ Orari di apertura:** lunedì e venerdì dalle 09:00 alle 12:00; martedì dalle 17:00 alle 19:00; mercoledì e giovedì dalle 15:00 alle 18:00\n**🏠 Gestione Case Rifugio:** NO\n\n---\n**📚 Servizi Erogati (Verificati):**\n* 📞 Ascolto Telefonico H24\n* 🧠 Supporto Psicologico\n* ⚖️ Consulenza Legale Gratuita\n* 🏠 Raccordo con Case Rifugio\n",
        "indirizzo": "Via Solferino, 13A, 23900, LECCO, (LC)",
        "telefono": "0341363484",
        "email": "teldonnalecco@gmail.com",
        "sito_web": "http://www.telefonodonnalecco.it",
        "orari": "lunedì e venerdì dalle 09:00 alle 12:00; martedì dalle 17:00 alle 19:00; mercoledì e giovedì dalle 15:00 alle 18:00",
        "gratuito": "Sì",
        "colore_marker": "#FF1493",
        "icona": "home"
      }
    },
    {
      "type": "Feature",
      "geometry": {
        "type": "Point",
        "coordinates": [
          8.883645,
          45.466064
        ]
      },
      "properties": {
        "categoria": "CAV",
        "tipo": "Centro",
        "name": "TELEFONO DONNA - MAGENTA",
        "description": "### TELEFONO DONNA - MAGENTA\n**Stato:** 🟢 Servizio Accreditato e Verificato da Regione Lombardia\n\n**Tipo:** Centro\n**📍 Indirizzo:** Piazza Formenti, 1, 20013, MAGENTA, (MI)\n**📞 Telefono (Clicca per chiamare):** [029735411](tel:029735411)\n**✉️ Email (Clicca per scrivere):** [centroantiviolenzatd@comune.magenta.mi.it](mailto:centroantiviolenzatd@comune.magenta.mi.it)\n**🌐 Sito Web:** [Visita il sito](http://www.telefonodonna.it)\n**⏰ Orari di apertura:** lunedì, mercoledì e venerdì dalle 9:30 alle 12:30; martedì e giovedì dalle 14:30 alle 17:30. Reperibilità telefonica, 24 ore su 24, allo 029735411.\n**🏠 Gestione Case Rifugio:** NO\n\n---\n**📚 Servizi Erogati (Verificati):**\n* 📞 Ascolto Telefonico H24\n* 🧠 Supporto Psicologico\n* ⚖️ Consulenza Legale Gratuita\n* 🏠 Raccordo con Case Rifugio\n",
        "indirizzo": "Piazza Formenti, 1, 20013, MAGENTA, (MI)",
        "telefono": "029735411",
        "email": "centroantiviolenzatd@comune.magenta.mi.it",
        "sito_web": "http://www.telefonodonna.it",
        "orari": "lunedì, mercoledì e venerdì dalle 9:30 alle 12:30; martedì e giovedì dalle 14:30 alle 17:30. Reperibilità telefonica, 24 ore su 24, allo 029735411.",
        "gratuito": "Sì",
        "colore_marker": "#FF1493",
        "icona": "home"
      }
    },
    {
      "type": "Feature",
      "geometry": {
        "type": "Point",
        "coordinates": [
          9.159359568180948,
          45.567315323073686
        ]
      },
      "properties": {
        "categoria": "CAV",
        "tipo": "Sportello",
        "name": "SPORTELLO DI PADERNO DUGNANO",
        "description": "### SPORTELLO DI PADERNO DUGNANO\n**Stato:** 🟢 Servizio Accreditato e Verificato da Regione Lombardia\n\n**Tipo:** Sportello\n**📍 Indirizzo:** Piazza della Divina Commedia, 3, 25035, PADERNO DUGNANO, (MI)\n**📞 Telefono (Clicca per chiamare):** [3664150907](tel:3664150907)\n**✉️ Email (Clicca per scrivere):** [info@whitemathilda.org](mailto:info@whitemathilda.org)\n**⏰ Orari di apertura:** : Lunedì dalle 14:30 alle 17:30\n**🏠 Gestione Case Rifugio:** NO\n\n---\n**📚 Servizi Erogati (Verificati):**\n* 📞 Ascolto Telefonico H24\n",
        "indirizzo": "Piazza della Divina Commedia, 3, 25035, PADERNO DUGNANO, (MI)",
        "telefono": "3664150907",
        "email": "info@whitemathilda.org",
        "sito_web": "",
        "orari": ": Lunedì dalle 14:30 alle 17:30",
        "gratuito": "Sì",
        "colore_marker": "#FF1493",
        "icona": "home"
      }
    },
    {
      "type": "Feature",
      "geometry": {
        "type": "Point",
        "coordinates": [
          9.212839325853807,
          45.64590078168516
        ]
      },
      "properties": {
        "categoria": "CAV",
        "tipo": "Centro",
        "name": "CENTRO ANTIVIOLENZA WHITE MATHILDA - SEREGNO",
        "description": "### CENTRO ANTIVIOLENZA WHITE MATHILDA - SEREGNO\n**Stato:** 🟢 Servizio Accreditato e Verificato da Regione Lombardia\n\n**Tipo:** Centro\n**📍 Indirizzo:** Via Oliveti, 17, 20832, SEREGNO, (MB)\n**📞 Telefono (Clicca per chiamare):** [0362/263411](tel:0362263411)\n**✉️ Email (Clicca per scrivere):** [info@whitemathilda.org](mailto:info@whitemathilda.org)\n**🌐 Sito Web:** [Visita il sito](https://whitemathilda.altervista.org/)\n**⏰ Orari di apertura:** lunedì e venerdì dalle 9:30 alle 12:30; martedì, mercoledì, giovedì dalle 15.00 alle 18.00\n**🏠 Gestione Case Rifugio:** NO\n\n---\n**📚 Servizi Erogati (Verificati):**\n* 📞 Ascolto Telefonico H24\n* 🧠 Supporto Psicologico\n* ⚖️ Consulenza Legale Gratuita\n* 🏠 Raccordo con Case Rifugio\n",
        "indirizzo": "Via Oliveti, 17, 20832, SEREGNO, (MB)",
        "telefono": "0362/263411",
        "email": "info@whitemathilda.org",
        "sito_web": "https://whitemathilda.altervista.org/",
        "orari": "lunedì e venerdì dalle 9:30 alle 12:30; martedì, mercoledì, giovedì dalle 15.00 alle 18.00",
        "gratuito": "Sì",
        "colore_marker": "#FF1493",
        "icona": "home"
      }
    },
    {
      "type": "Feature",
      "geometry": {
        "type": "Point",
        "coordinates": [
          9.42709206633436,
          45.49670357201621
        ]
      },
      "properties": {
        "categoria": "CAV",
        "tipo": "Sportello",
        "name": "SPORTELLO DI MELZO",
        "description": "### SPORTELLO DI MELZO\n**Stato:** 🟢 Servizio Accreditato e Verificato da Regione Lombardia\n\n**Tipo:** Sportello\n**📍 Indirizzo:** Via Mantova, 10, MELZO, (MI)\n**📞 Telefono (Clicca per chiamare):** [3931660783](tel:3931660783)\n**✉️ Email (Clicca per scrivere):** [centroantiviolenza@fondazionesomaschi.it](mailto:centroantiviolenza@fondazionesomaschi.it)\n**⏰ Orari di apertura:** : Lunedì dalle 13:00 alle 16:00; giovedì dalle 9:00 alle 12:00\n**🏠 Gestione Case Rifugio:** NO\n\n---\n**📚 Servizi Erogati (Verificati):**\n* 📞 Ascolto Telefonico H24\n",
        "indirizzo": "Via Mantova, 10, MELZO, (MI)",
        "telefono": "3931660783",
        "email": "centroantiviolenza@fondazionesomaschi.it",
        "sito_web": "",
        "orari": ": Lunedì dalle 13:00 alle 16:00; giovedì dalle 9:00 alle 12:00",
        "gratuito": "Sì",
        "colore_marker": "#FF1493",
        "icona": "home"
      }
    },
    {
      "type": "Feature",
      "geometry": {
        "type": "Point",
        "coordinates": [
          9.187116,
          45.480174
        ]
      },
      "properties": {
        "categoria": "CAV",
        "tipo": "Centro",
        "name": "CENTRO ANTIVIOLENZA SEGNAVIA",
        "description": "### CENTRO ANTIVIOLENZA SEGNAVIA\n**Stato:** 🟢 Servizio Accreditato e Verificato da Regione Lombardia\n\n**Tipo:** Centro\n**📍 Indirizzo:** Piazza XXV Aprile, 2, 20121, MILANO, (MI)\n**📞 Telefono (Clicca per chiamare):** [3295870862](tel:3295870862)\n**✉️ Email (Clicca per scrivere):** [centroantiviolenza@fondazionesomaschi.it](mailto:centroantiviolenza@fondazionesomaschi.it)\n**🌐 Sito Web:** [Visita il sito](http://www.fondazionesomaschi.it)\n**⏰ Orari di apertura:** Dal lunedì al venerdi dalle 9:00 alle 16:00. Richieste di colloquio attivo 24 ore su 24 tutti i giorni dell’anno al 3295870862\n**🏠 Gestione Case Rifugio:** NO\n\n---\n**📚 Servizi Erogati (Verificati):**\n* 📞 Ascolto Telefonico H24\n* 🧠 Supporto Psicologico\n* ⚖️ Consulenza Legale Gratuita\n* 🏠 Raccordo con Case Rifugio\n",
        "indirizzo": "Piazza XXV Aprile, 2, 20121, MILANO, (MI)",
        "telefono": "3295870862",
        "email": "centroantiviolenza@fondazionesomaschi.it",
        "sito_web": "http://www.fondazionesomaschi.it",
        "orari": "Dal lunedì al venerdi dalle 9:00 alle 16:00. Richieste di colloquio attivo 24 ore su 24 tutti i giorni dell’anno al 3295870862",
        "gratuito": "Sì",
        "colore_marker": "#FF1493",
        "icona": "home"
      }
    },
    {
      "type": "Feature",
      "geometry": {
        "type": "Point",
        "coordinates": [
          9.332390597013944,
          45.52412088339921
        ]
      },
      "properties": {
        "categoria": "CAV",
        "tipo": "Sportello",
        "name": "SPORTELLO DI CERNUSCO SUL NAVIGLIO",
        "description": "### SPORTELLO DI CERNUSCO SUL NAVIGLIO\n**Stato:** 🟢 Servizio Accreditato e Verificato da Regione Lombardia\n\n**Tipo:** Sportello\n**📍 Indirizzo:** Via Tizzoni, 1, 24040, CERNUSCO SUL NAVIGLIO, (MI)\n**📞 Telefono (Clicca per chiamare):** [3931660783](tel:3931660783)\n**✉️ Email (Clicca per scrivere):** [centroantiviolenza@fondazionesomaschi.it](mailto:centroantiviolenza@fondazionesomaschi.it)\n**⏰ Orari di apertura:** : Venerdì dalle 13:00 alle 19:00\n**🏠 Gestione Case Rifugio:** NO\n\n---\n**📚 Servizi Erogati (Verificati):**\n* 📞 Ascolto Telefonico H24\n",
        "indirizzo": "Via Tizzoni, 1, 24040, CERNUSCO SUL NAVIGLIO, (MI)",
        "telefono": "3931660783",
        "email": "centroantiviolenza@fondazionesomaschi.it",
        "sito_web": "",
        "orari": ": Venerdì dalle 13:00 alle 19:00",
        "gratuito": "Sì",
        "colore_marker": "#FF1493",
        "icona": "home"
      }
    },
    {
      "type": "Feature",
      "geometry": {
        "type": "Point",
        "coordinates": [
          9.204564,
          45.44901
        ]
      },
      "properties": {
        "categoria": "CAV",
        "tipo": "Centro",
        "name": "CASA DI ACCOGLIENZA DELLE DONNE MALTRATTATE - CADMI",
        "description": "### CASA DI ACCOGLIENZA DELLE DONNE MALTRATTATE - CADMI\n**Stato:** 🟢 Servizio Accreditato e Verificato da Regione Lombardia\n\n**Tipo:** Centro\n**📍 Indirizzo:** via Piacenza,14 Milano (MI), MILANO, (MI)\n**📞 Telefono (Clicca per chiamare):** [02/55019609](tel:0255019609)\n**✉️ Email (Clicca per scrivere):** [amministrazione@cadmi.org](mailto:amministrazione@cadmi.org)\n**🌐 Sito Web:** [Visita il sito](http://www.cadmi.org)\n**⏰ Orari di apertura:** Dal lunedì al giovedì dalle 10:00 alle 18:00; venerdì dalle 10:00 alle 16:00\n**🏠 Gestione Case Rifugio:** NO\n\n---\n**📚 Servizi Erogati (Verificati):**\n* 📞 Ascolto Telefonico H24\n* 🧠 Supporto Psicologico\n* ⚖️ Consulenza Legale Gratuita\n* 🏠 Raccordo con Case Rifugio\n",
        "indirizzo": "via Piacenza,14 Milano (MI), MILANO, (MI)",
        "telefono": "02/55019609",
        "email": "amministrazione@cadmi.org",
        "sito_web": "http://www.cadmi.org",
        "orari": "Dal lunedì al giovedì dalle 10:00 alle 18:00; venerdì dalle 10:00 alle 16:00",
        "gratuito": "Sì",
        "colore_marker": "#FF1493",
        "icona": "home"
      }
    },
    {
      "type": "Feature",
      "geometry": {
        "type": "Point",
        "coordinates": [
          9.090587,
          45.810542
        ]
      },
      "properties": {
        "categoria": "CAV",
        "tipo": "Centro",
        "name": "TELEFONO DONNA - COMO",
        "description": "### TELEFONO DONNA - COMO\n**Stato:** 🟢 Servizio Accreditato e Verificato da Regione Lombardia\n\n**Tipo:** Centro\n**📍 Indirizzo:** Via Ferrari, 9, 22100, COMO, (CO)\n**📞 Telefono (Clicca per chiamare):** [031 304585](tel:031304585)\n**✉️ Email (Clicca per scrivere):** [segreteria@telefonodonnacomo.it](mailto:segreteria@telefonodonnacomo.it)\n**🌐 Sito Web:** [Visita il sito](http://www.telefonodonnacomo.it)\n**⏰ Orari di apertura:** lunedì dalle 9.00 alle 16.00, martedì e giovedì dalle 9.00 alle 14.00, mercoledì e venerdì dalle 13.00 alle 18.00\n**🏠 Gestione Case Rifugio:** NO\n\n---\n**📚 Servizi Erogati (Verificati):**\n* 📞 Ascolto Telefonico H24\n* 🧠 Supporto Psicologico\n* ⚖️ Consulenza Legale Gratuita\n* 🏠 Raccordo con Case Rifugio\n",
        "indirizzo": "Via Ferrari, 9, 22100, COMO, (CO)",
        "telefono": "031 304585",
        "email": "segreteria@telefonodonnacomo.it",
        "sito_web": "http://www.telefonodonnacomo.it",
        "orari": "lunedì dalle 9.00 alle 16.00, martedì e giovedì dalle 9.00 alle 14.00, mercoledì e venerdì dalle 13.00 alle 18.00",
        "gratuito": "Sì",
        "colore_marker": "#FF1493",
        "icona": "home"
      }
    },
    {
      "type": "Feature",
      "geometry": {
        "type": "Point",
        "coordinates": [
          9.090517939356362,
          45.81081049433715
        ]
      },
      "properties": {
        "categoria": "CAV",
        "tipo": "Sportello",
        "name": "SPORTELLO DI COMO",
        "description": "### SPORTELLO DI COMO\n**Stato:** 🟢 Servizio Accreditato e Verificato da Regione Lombardia\n\n**Tipo:** Sportello\n**📍 Indirizzo:** Via Ferrari, 9, COMO, (CO)\n**📞 Telefono (Clicca per chiamare):** [031304585](tel:031304585)\n**✉️ Email (Clicca per scrivere):** [segreteria@telefonodonnacomo.it](mailto:segreteria@telefonodonnacomo.it)\n**⏰ Orari di apertura:** : Lunedì dalle 9:00 alle 16:00; martedì e giovedì dalle 9:00 alle 14:00; mercoledì e venerdì dalle 13:00 alle 18:00\n**🏠 Gestione Case Rifugio:** NO\n\n---\n**📚 Servizi Erogati (Verificati):**\n* 📞 Ascolto Telefonico H24\n",
        "indirizzo": "Via Ferrari, 9, COMO, (CO)",
        "telefono": "031304585",
        "email": "segreteria@telefonodonnacomo.it",
        "sito_web": "",
        "orari": ": Lunedì dalle 9:00 alle 16:00; martedì e giovedì dalle 9:00 alle 14:00; mercoledì e venerdì dalle 13:00 alle 18:00",
        "gratuito": "Sì",
        "colore_marker": "#FF1493",
        "icona": "home"
      }
    },
    {
      "type": "Feature",
      "geometry": {
        "type": "Point",
        "coordinates": [
          9.32552082400435,
          45.5060598542297
        ]
      },
      "properties": {
        "categoria": "CAV",
        "tipo": "Sportello",
        "name": "SPORTELLO DI PIOLTELLO",
        "description": "### SPORTELLO DI PIOLTELLO\n**Stato:** 🟢 Servizio Accreditato e Verificato da Regione Lombardia\n\n**Tipo:** Sportello\n**📍 Indirizzo:** Via Aldo Moro, 19, PIOLTELLO, (MI)\n**📞 Telefono (Clicca per chiamare):** [3931660783](tel:3931660783)\n**✉️ Email (Clicca per scrivere):** [centroantiviolenza@fondazionesomaschi.it](mailto:centroantiviolenza@fondazionesomaschi.it)\n**⏰ Orari di apertura:** : Martedì dalle 9:00 alle 12:00; giovedì dalle 13:00 alle 16:00\n**🏠 Gestione Case Rifugio:** NO\n\n---\n**📚 Servizi Erogati (Verificati):**\n* 📞 Ascolto Telefonico H24\n",
        "indirizzo": "Via Aldo Moro, 19, PIOLTELLO, (MI)",
        "telefono": "3931660783",
        "email": "centroantiviolenza@fondazionesomaschi.it",
        "sito_web": "",
        "orari": ": Martedì dalle 9:00 alle 12:00; giovedì dalle 13:00 alle 16:00",
        "gratuito": "Sì",
        "colore_marker": "#FF1493",
        "icona": "home"
      }
    },
    {
      "type": "Feature",
      "geometry": {
        "type": "Point",
        "coordinates": [
          9.488931425851218,
          45.58335690903133
        ]
      },
      "properties": {
        "categoria": "CAV",
        "tipo": "Sportello",
        "name": "SPORTELLO DI TREZZANO ROSA",
        "description": "### SPORTELLO DI TREZZANO ROSA\n**Stato:** 🟢 Servizio Accreditato e Verificato da Regione Lombardia\n\n**Tipo:** Sportello\n**📍 Indirizzo:** Piazza XXV Aprile, 1, TREZZANO ROSA, (MI)\n**📞 Telefono (Clicca per chiamare):** [3931660783](tel:3931660783)\n**✉️ Email (Clicca per scrivere):** [centroantiviolenza@fondazionesomaschi.it](mailto:centroantiviolenza@fondazionesomaschi.it)\n**⏰ Orari di apertura:** : Venerdì dalle 9:00 alle 13:00\n**🏠 Gestione Case Rifugio:** NO\n\n---\n**📚 Servizi Erogati (Verificati):**\n* 📞 Ascolto Telefonico H24\n",
        "indirizzo": "Piazza XXV Aprile, 1, TREZZANO ROSA, (MI)",
        "telefono": "3931660783",
        "email": "centroantiviolenza@fondazionesomaschi.it",
        "sito_web": "",
        "orari": ": Venerdì dalle 9:00 alle 13:00",
        "gratuito": "Sì",
        "colore_marker": "#FF1493",
        "icona": "home"
      }
    },
    {
      "type": "Feature",
      "geometry": {
        "type": "Point",
        "coordinates": [
          9.520629,
          45.52444
        ]
      },
      "properties": {
        "categoria": "CAV",
        "tipo": "Centro",
        "name": "CENTRO ANTIVIOLENZA V.I.O.L.A.",
        "description": "### CENTRO ANTIVIOLENZA V.I.O.L.A.\n**Stato:** 🟢 Servizio Accreditato e Verificato da Regione Lombardia\n\n**Tipo:** Centro\n**📍 Indirizzo:** Via Verdi, 22, 20062, CASSANO D`ADDA, (MI)\n**📞 Telefono (Clicca per chiamare):** [3931660783](tel:3931660783)\n**✉️ Email (Clicca per scrivere):** [centroantiviolenza@fondazionesomaschi.it](mailto:centroantiviolenza@fondazionesomaschi.it)\n**🌐 Sito Web:** [Visita il sito](http://www.fondazionesomaschi.it)\n**⏰ Orari di apertura:** Martedì dalle 14 alle 19:00; mercoledì dalle 9:00 alle 15:00\n**🏠 Gestione Case Rifugio:** NO\n\n---\n**📚 Servizi Erogati (Verificati):**\n* 📞 Ascolto Telefonico H24\n* 🧠 Supporto Psicologico\n* ⚖️ Consulenza Legale Gratuita\n* 🏠 Raccordo con Case Rifugio\n",
        "indirizzo": "Via Verdi, 22, 20062, CASSANO D`ADDA, (MI)",
        "telefono": "3931660783",
        "email": "centroantiviolenza@fondazionesomaschi.it",
        "sito_web": "http://www.fondazionesomaschi.it",
        "orari": "Martedì dalle 14 alle 19:00; mercoledì dalle 9:00 alle 15:00",
        "gratuito": "Sì",
        "colore_marker": "#FF1493",
        "icona": "home"
      }
    },
    {
      "type": "Feature",
      "geometry": {
        "type": "Point",
        "coordinates": [
          9.116292,
          45.541014
        ]
      },
      "properties": {
        "categoria": "CAV",
        "tipo": "Sportello",
        "name": "SPORTELLO DI BOLLATE",
        "description": "### SPORTELLO DI BOLLATE\n**Stato:** 🟢 Servizio Accreditato e Verificato da Regione Lombardia\n\n**Tipo:** Sportello\n**📍 Indirizzo:** Via Piave 20, 20021, BOLLATE, (MI)\n**📞 Telefono (Clicca per chiamare):** [3351820629](tel:3351820629)\n**✉️ Email (Clicca per scrivere):** [cavhara@fondazionesomaschi.it](mailto:cavhara@fondazionesomaschi.it)\n**⏰ Orari di apertura:** : Lunedì dalle 14:00 alle 18:00; martedì dalle 17:00 alle 20:00; venerdì dalle 10:00 alle 13:00\n**🏠 Gestione Case Rifugio:** NO\n\n---\n**📚 Servizi Erogati (Verificati):**\n* 📞 Ascolto Telefonico H24\n",
        "indirizzo": "Via Piave 20, 20021, BOLLATE, (MI)",
        "telefono": "3351820629",
        "email": "cavhara@fondazionesomaschi.it",
        "sito_web": "",
        "orari": ": Lunedì dalle 14:00 alle 18:00; martedì dalle 17:00 alle 20:00; venerdì dalle 10:00 alle 13:00",
        "gratuito": "Sì",
        "colore_marker": "#FF1493",
        "icona": "home"
      }
    },
    {
      "type": "Feature",
      "geometry": {
        "type": "Point",
        "coordinates": [
          9.041474,
          45.526619
        ]
      },
      "properties": {
        "categoria": "CAV",
        "tipo": "Centro",
        "name": "CENTRO ANTIVIOLENZA HARA",
        "description": "### CENTRO ANTIVIOLENZA HARA\n**Stato:** 🟢 Servizio Accreditato e Verificato da Regione Lombardia\n\n**Tipo:** Centro\n**📍 Indirizzo:** Via Meda, 20, 20017, RHO, (MI)\n**📞 Telefono (Clicca per chiamare):** [3351820629](tel:3351820629)\n**✉️ Email (Clicca per scrivere):** [cavhara@fondazionesomaschi.it](mailto:cavhara@fondazionesomaschi.it)\n**🌐 Sito Web:** [Visita il sito](https://centroantiviolenzahara.it/)\n**⏰ Orari di apertura:** Lunedì e mercoledì dalle 9:00 alle 13.00; martedì dalle 13:00 alle 17:00; giovedì dalle 15:00 alle 19:00; sabato dalle 14.30 alle 17.30\n**🏠 Gestione Case Rifugio:** NO\n\n---\n**📚 Servizi Erogati (Verificati):**\n* 📞 Ascolto Telefonico H24\n* 🧠 Supporto Psicologico\n* ⚖️ Consulenza Legale Gratuita\n* 🏠 Raccordo con Case Rifugio\n",
        "indirizzo": "Via Meda, 20, 20017, RHO, (MI)",
        "telefono": "3351820629",
        "email": "cavhara@fondazionesomaschi.it",
        "sito_web": "https://centroantiviolenzahara.it/",
        "orari": "Lunedì e mercoledì dalle 9:00 alle 13.00; martedì dalle 13:00 alle 17:00; giovedì dalle 15:00 alle 19:00; sabato dalle 14.30 alle 17.30",
        "gratuito": "Sì",
        "colore_marker": "#FF1493",
        "icona": "home"
      }
    },
    {
      "type": "Feature",
      "geometry": {
        "type": "Point",
        "coordinates": [
          10.24211,
          45.53233
        ]
      },
      "properties": {
        "categoria": "CAV",
        "tipo": "Centro",
        "name": "BUTTERFLY - LA LIBERTÀ IN UN BATTITO D'ALI",
        "description": "### BUTTERFLY - LA LIBERTÀ IN UN BATTITO D'ALI\n**Stato:** 🟢 Servizio Accreditato e Verificato da Regione Lombardia\n\n**Tipo:** Centro\n**📍 Indirizzo:** Via Ferdinando Bertoni, 6, BRESCIA, (BS)\n**📞 Telefono (Clicca per chiamare):** [3385216112](tel:3385216112)\n**✉️ Email (Clicca per scrivere):** [responsabilecav@butterflycs.it](mailto:responsabilecav@butterflycs.it)\n**🌐 Sito Web:** [Visita il sito](https://butterflycs.it/)\n**⏰ Orari di apertura:** Dal lunedì al venerdì dalle 9:00 alle 17:00\n**🏠 Gestione Case Rifugio:** NO\n\n---\n**📚 Servizi Erogati (Verificati):**\n* 📞 Ascolto Telefonico H24\n* 🧠 Supporto Psicologico\n* ⚖️ Consulenza Legale Gratuita\n* 🏠 Raccordo con Case Rifugio\n",
        "indirizzo": "Via Ferdinando Bertoni, 6, BRESCIA, (BS)",
        "telefono": "3385216112",
        "email": "responsabilecav@butterflycs.it",
        "sito_web": "https://butterflycs.it/",
        "orari": "Dal lunedì al venerdì dalle 9:00 alle 17:00",
        "gratuito": "Sì",
        "colore_marker": "#FF1493",
        "icona": "home"
      }
    },
    {
      "type": "Feature",
      "geometry": {
        "type": "Point",
        "coordinates": [
          8.906683,
          45.58848
        ]
      },
      "properties": {
        "categoria": "CAV",
        "tipo": "Centro",
        "name": "FILO ROSA AUSER",
        "description": "### FILO ROSA AUSER\n**Stato:** 🟢 Servizio Accreditato e Verificato da Regione Lombardia\n\n**Tipo:** Centro\n**📍 Indirizzo:** Via Pasubio, 21, LEGNANO, (MI)\n**📞 Telefono (Clicca per chiamare):** [3483212482](tel:3483212482)\n**✉️ Email (Clicca per scrivere):** [auserfilorosa@libero.it](mailto:auserfilorosa@libero.it)\n**🌐 Sito Web:** [Visita il sito](https://filorosaauser.co/)\n**⏰ Orari di apertura:** martedì, giovedì e sabato 10:00-13:00; mercoledì e venerdì 16:00-19:00. Il servizio di reperibilità telefonica è garantito 24 ore su 24.\n**🏠 Gestione Case Rifugio:** NO\n\n---\n**📚 Servizi Erogati (Verificati):**\n* 📞 Ascolto Telefonico H24\n* 🧠 Supporto Psicologico\n* ⚖️ Consulenza Legale Gratuita\n* 🏠 Raccordo con Case Rifugio\n",
        "indirizzo": "Via Pasubio, 21, LEGNANO, (MI)",
        "telefono": "3483212482",
        "email": "auserfilorosa@libero.it",
        "sito_web": "https://filorosaauser.co/",
        "orari": "martedì, giovedì e sabato 10:00-13:00; mercoledì e venerdì 16:00-19:00. Il servizio di reperibilità telefonica è garantito 24 ore su 24.",
        "gratuito": "Sì",
        "colore_marker": "#FF1493",
        "icona": "home"
      }
    },
    {
      "type": "Feature",
      "geometry": {
        "type": "Point",
        "coordinates": [
          8.778412,
          45.551833
        ]
      },
      "properties": {
        "categoria": "CAV",
        "tipo": "Sportello",
        "name": "SPORTELLO DI CASTANO PRIMO",
        "description": "### SPORTELLO DI CASTANO PRIMO\n**Stato:** 🟢 Servizio Accreditato e Verificato da Regione Lombardia\n\n**Tipo:** Sportello\n**📍 Indirizzo:** Via Moroni, 8, 20022, CASTANO PRIMO, (MI)\n**📞 Telefono (Clicca per chiamare):** [3926784436](tel:3926784436)\n**✉️ Email (Clicca per scrivere):** [auserfilorosa@libero.it](mailto:auserfilorosa@libero.it)\n**⏰ Orari di apertura:** : martedì 14:00-17:00 - giovedì 9:30-12:30\n**🏠 Gestione Case Rifugio:** NO\n\n---\n**📚 Servizi Erogati (Verificati):**\n* 📞 Ascolto Telefonico H24\n",
        "indirizzo": "Via Moroni, 8, 20022, CASTANO PRIMO, (MI)",
        "telefono": "3926784436",
        "email": "auserfilorosa@libero.it",
        "sito_web": "",
        "orari": ": martedì 14:00-17:00 - giovedì 9:30-12:30",
        "gratuito": "Sì",
        "colore_marker": "#FF1493",
        "icona": "home"
      }
    },
    {
      "type": "Feature",
      "geometry": {
        "type": "Point",
        "coordinates": [
          9.00796,
          44.990489
        ]
      },
      "properties": {
        "categoria": "CAV",
        "tipo": "Centro",
        "name": "ASSOCIAZIONE C.H.I.A.R.A. ONLUS",
        "description": "### ASSOCIAZIONE C.H.I.A.R.A. ONLUS\n**Stato:** 🟢 Servizio Accreditato e Verificato da Regione Lombardia\n\n**Tipo:** Centro\n**📍 Indirizzo:** Via Martinelli, 4, 27058, VOGHERA, (PV)\n**📞 Telefono (Clicca per chiamare):** [0383 / 1915589](tel:03831915589)\n**✉️ Email (Clicca per scrivere):** [centroantiviolenzachiara@gmail.com](mailto:centroantiviolenzachiara@gmail.com)\n**🌐 Sito Web:** [Visita il sito](http://www.associazionechiara.com)\n**⏰ Orari di apertura:** Dal lunedì al venerdì 16:00-19:00 - giovedì 15:30-19:00. Il servizio di reperibilità telefonica è garantito 24 ore su 24 al numero 328 9556295\n**🏠 Gestione Case Rifugio:** NO\n\n---\n**📚 Servizi Erogati (Verificati):**\n* 📞 Ascolto Telefonico H24\n* 🧠 Supporto Psicologico\n* ⚖️ Consulenza Legale Gratuita\n* 🏠 Raccordo con Case Rifugio\n",
        "indirizzo": "Via Martinelli, 4, 27058, VOGHERA, (PV)",
        "telefono": "0383 / 1915589",
        "email": "centroantiviolenzachiara@gmail.com",
        "sito_web": "http://www.associazionechiara.com",
        "orari": "Dal lunedì al venerdì 16:00-19:00 - giovedì 15:30-19:00. Il servizio di reperibilità telefonica è garantito 24 ore su 24 al numero 328 9556295",
        "gratuito": "Sì",
        "colore_marker": "#FF1493",
        "icona": "home"
      }
    },
    {
      "type": "Feature",
      "geometry": {
        "type": "Point",
        "coordinates": [
          10.073682,
          45.556566
        ]
      },
      "properties": {
        "categoria": "CAV",
        "tipo": "Sportello",
        "name": "SPORTELLO DI OSPITALETTO",
        "description": "### SPORTELLO DI OSPITALETTO\n**Stato:** 🟢 Servizio Accreditato e Verificato da Regione Lombardia\n\n**Tipo:** Sportello\n**📍 Indirizzo:** Via Monsignor Rizzi, 1/5, 25035, OSPITALETTO, (BS)\n**📞 Telefono (Clicca per chiamare):** [3891053337](tel:3891053337)\n**✉️ Email (Clicca per scrivere):** [nonseisola.ambito2@gmail.com](mailto:nonseisola.ambito2@gmail.com)\n**⏰ Orari di apertura:** : Giovedì dalle 14:30 alle 18:30\n**🏠 Gestione Case Rifugio:** NO\n\n---\n**📚 Servizi Erogati (Verificati):**\n* 📞 Ascolto Telefonico H24\n",
        "indirizzo": "Via Monsignor Rizzi, 1/5, 25035, OSPITALETTO, (BS)",
        "telefono": "3891053337",
        "email": "nonseisola.ambito2@gmail.com",
        "sito_web": "",
        "orari": ": Giovedì dalle 14:30 alle 18:30",
        "gratuito": "Sì",
        "colore_marker": "#FF1493",
        "icona": "home"
      }
    },
    {
      "type": "Feature",
      "geometry": {
        "type": "Point",
        "coordinates": [
          10.174214,
          45.484655
        ]
      },
      "properties": {
        "categoria": "CAV",
        "tipo": "Sportello",
        "name": "SPORTELLO DI FLERO",
        "description": "### SPORTELLO DI FLERO\n**Stato:** 🟢 Servizio Accreditato e Verificato da Regione Lombardia\n\n**Tipo:** Sportello\n**📍 Indirizzo:** P.zza IV Novembre, 2, 25020, FLERO, (BS)\n**📞 Telefono (Clicca per chiamare):** [3806522730](tel:3806522730)\n**✉️ Email (Clicca per scrivere):** [nonseisola.ambito3@gmail.com](mailto:nonseisola.ambito3@gmail.com)\n**⏰ Orari di apertura:** : Lunedì 14:30 - 17:30\n**🏠 Gestione Case Rifugio:** NO\n\n---\n**📚 Servizi Erogati (Verificati):**\n* 📞 Ascolto Telefonico H24\n",
        "indirizzo": "P.zza IV Novembre, 2, 25020, FLERO, (BS)",
        "telefono": "3806522730",
        "email": "nonseisola.ambito3@gmail.com",
        "sito_web": "",
        "orari": ": Lunedì 14:30 - 17:30",
        "gratuito": "Sì",
        "colore_marker": "#FF1493",
        "icona": "home"
      }
    },
    {
      "type": "Feature",
      "geometry": {
        "type": "Point",
        "coordinates": [
          10.371729,
          45.531601
        ]
      },
      "properties": {
        "categoria": "CAV",
        "tipo": "Sportello",
        "name": "SPORTELLO DI NUVOLERA",
        "description": "### SPORTELLO DI NUVOLERA\n**Stato:** 🟢 Servizio Accreditato e Verificato da Regione Lombardia\n\n**Tipo:** Sportello\n**📍 Indirizzo:** Piazza Gen. Luigi Soldo, 25080, NUVOLERA, (BS)\n**📞 Telefono (Clicca per chiamare):** [3806522730](tel:3806522730)\n**✉️ Email (Clicca per scrivere):** [nonseisola.ambito3@gmail.com](mailto:nonseisola.ambito3@gmail.com)\n**⏰ Orari di apertura:** : Sabato dalle 9.30 alle 13.30\n**🏠 Gestione Case Rifugio:** NO\n\n---\n**📚 Servizi Erogati (Verificati):**\n* 📞 Ascolto Telefonico H24\n",
        "indirizzo": "Piazza Gen. Luigi Soldo, 25080, NUVOLERA, (BS)",
        "telefono": "3806522730",
        "email": "nonseisola.ambito3@gmail.com",
        "sito_web": "",
        "orari": ": Sabato dalle 9.30 alle 13.30",
        "gratuito": "Sì",
        "colore_marker": "#FF1493",
        "icona": "home"
      }
    },
    {
      "type": "Feature",
      "geometry": {
        "type": "Point",
        "coordinates": [
          10.219614,
          45.542162
        ]
      },
      "properties": {
        "categoria": "CAV",
        "tipo": "Centro",
        "name": "CASA DELLE DONNE BRESCIA",
        "description": "### CASA DELLE DONNE BRESCIA\n**Stato:** 🟢 Servizio Accreditato e Verificato da Regione Lombardia\n\n**Tipo:** Centro\n**📍 Indirizzo:** Via San Faustino, 38, 25122, BRESCIA, (BS)\n**📞 Telefono (Clicca per chiamare):** [333 1258139](tel:3331258139)\n**✉️ Email (Clicca per scrivere):** [vivianacassini13@gmail.com](mailto:vivianacassini13@gmail.com)\n**🌐 Sito Web:** [Visita il sito](http://www.casadelledonne-bs.it)\n**⏰ Orari di apertura:** Dal lunedì al venerdì dalle 9:30 alle 12:30 e dalle 15:00 alle 18:00\n**🏠 Gestione Case Rifugio:** NO\n\n---\n**📚 Servizi Erogati (Verificati):**\n* 📞 Ascolto Telefonico H24\n* 🧠 Supporto Psicologico\n* ⚖️ Consulenza Legale Gratuita\n* 🏠 Raccordo con Case Rifugio\n",
        "indirizzo": "Via San Faustino, 38, 25122, BRESCIA, (BS)",
        "telefono": "333 1258139",
        "email": "vivianacassini13@gmail.com",
        "sito_web": "http://www.casadelledonne-bs.it",
        "orari": "Dal lunedì al venerdì dalle 9:30 alle 12:30 e dalle 15:00 alle 18:00",
        "gratuito": "Sì",
        "colore_marker": "#FF1493",
        "icona": "home"
      }
    },
    {
      "type": "Feature",
      "geometry": {
        "type": "Point",
        "coordinates": [
          9.15958,
          45.182091
        ]
      },
      "properties": {
        "categoria": "CAV",
        "tipo": "Centro",
        "name": "COOPERATIVA LIBERAMENTE ONLUS",
        "description": "### COOPERATIVA LIBERAMENTE ONLUS\n**Stato:** 🟢 Servizio Accreditato e Verificato da Regione Lombardia\n\n**Tipo:** Centro\n**📍 Indirizzo:** Corso Garibaldi, 69, 27100, PAVIA, (PV)\n**📞 Telefono (Clicca per chiamare):** [0382/32136 - 800306850 - 3342606499](tel:0382321368003068503342606499)\n**✉️ Email (Clicca per scrivere):** [liberamentepv@gmail.com](mailto:liberamentepv@gmail.com)\n**🌐 Sito Web:** [Visita il sito](http://www.centroantiviolenzapavia.it)\n**⏰ Orari di apertura:** Dal lunedì al venerdì 9:00-18:00. Il servizio di reperibilità telefonica è garantito 24 ore su 24 al numero 334 2606499\n**🏠 Gestione Case Rifugio:** NO\n\n---\n**📚 Servizi Erogati (Verificati):**\n* 📞 Ascolto Telefonico H24\n* 🧠 Supporto Psicologico\n* ⚖️ Consulenza Legale Gratuita\n* 🏠 Raccordo con Case Rifugio\n",
        "indirizzo": "Corso Garibaldi, 69, 27100, PAVIA, (PV)",
        "telefono": "0382/32136 - 800306850 - 3342606499",
        "email": "liberamentepv@gmail.com",
        "sito_web": "http://www.centroantiviolenzapavia.it",
        "orari": "Dal lunedì al venerdì 9:00-18:00. Il servizio di reperibilità telefonica è garantito 24 ore su 24 al numero 334 2606499",
        "gratuito": "Sì",
        "colore_marker": "#FF1493",
        "icona": "home"
      }
    }
  ]
}