nome,tipo,indirizzo,telefono,sito_web,orari,servizi,latitudine,longitudine
Stazione Carabinieri,Arma dei Carabinieri,Indirizzo non disponibile,112 / 113,,In genere H24 o secondo orari di caserma,"Presidio delle Forze dell'Ordine attivo sul territorio per la ricezione di denunce, segnalazioni e tutela immediata. In caso di pericolo immediato, comporre il 112.",45.4953838,9.4158757
Polizia Locale,Polizia di Stato,Indirizzo non disponibile,112 / 113,,In genere H24 o secondo orari di caserma,"Presidio delle Forze dell'Ordine attivo sul territorio per la ricezione di denunce, segnalazioni e tutela immediata. In caso di pericolo immediato, comporre il 112.",45.842803,8.7179328
Comando Stazione Carabinieri Roverbella,Arma dei Carabinieri,"Piazza Cavour 1, 46048, Roverbella",+39 0376694003,,Sa-Su 10:00-18:00,"Presidio delle Forze dell'Ordine attivo sul territorio per la ricezione di denunce, segnalazioni e tutela immediata. In caso di pericolo immediato, comporre il 112.",45.266838,10.7669785
Stazione Carabinieri di Carate Brianza,Arma dei Carabinieri,"Via Milano 1, 20841, Carate Brianza",+390362900177,,In genere H24 o secondo orari di caserma,"Presidio delle Forze dell'Ordine attivo sul territorio per la ricezione di denunce, segnalazioni e tutela immediata. In caso di pericolo immediato, comporre il 112.",45.6735725,9.2310418
Presidio Forze dell'Ordine,Forze dell'Ordine,Indirizzo non disponibile,112 / 113,,In genere H24 o secondo orari di caserma,"Presidio delle Forze dell'Ordine attivo sul territorio per la ricezione di denunce, segnalazioni e tutela immediata. In caso di pericolo immediato, comporre il 112.",45.5990948,9.8854871
Questura,Polizia di Stato,Indirizzo non disponibile,112 / 113,,In genere H24 o secondo orari di caserma,"Presidio delle Forze dell'Ordine attivo sul territorio per la ricezione di denunce, segnalazioni e tutela immediata. In caso di pericolo immediato, comporre il 112.",45.8178594,8.8136215
Polizia municipale,Polizia di Stato,"Largo Alcide De Gasperi, 21020, Casciago",112 / 113,,Mo-Fr 10:00-12:45,"Presidio delle Forze dell'Ordine attivo sul territorio per la ricezione di denunce, segnalazioni e tutela immediata. In caso di pericolo immediato, comporre il 112.",45.834962,8.7818016
Comando Stazione Carabinieri di Cedegolo,Arma dei Carabinieri,Indirizzo non disponibile,112 / 113,,In genere H24 o secondo orari di caserma,"Presidio delle Forze dell'Ordine attivo sul territorio per la ricezione di denunce, segnalazioni e tutela immediata. In caso di pericolo immediato, comporre il 112.",46.076051,10.3500568
Polizia Locale,Polizia di Stato,Indirizzo non disponibile,112 / 113,,In genere H24 o secondo orari di caserma,"Presidio delle Forze dell'Ordine attivo sul territorio per la ricezione di denunce, segnalazioni e tutela immediata. In caso di pericolo immediato, comporre il 112.",45.6763985,9.2340538
Carabinieri,Arma dei Carabinieri,Indirizzo non disponibile,112 / 113,,In genere H24 o secondo orari di caserma,"Presidio delle Forze dell'Ordine attivo sul territorio per la ricezione di denunce, segnalazioni e tutela immediata. In caso di pericolo immediato, comporre il 112.",45.809958,10.78857
Polizia,Polizia di Stato,Indirizzo non disponibile,112 / 113,,In genere H24 o secondo orari di caserma,"Presidio delle Forze dell'Ordine attivo sul territorio per la ricezione di denunce, segnalazioni e tutela immediata. In caso di pericolo immediato, comporre il 112.",45.5289846,10.5380352
Carabinieri,Arma dei Carabinieri,"Viale Europa 19, 24040",112 / 113,,In genere H24 o secondo orari di caserma,"Presidio delle Forze dell'Ordine attivo sul territorio per la ricezione di denunce, segnalazioni e tutela immediata. In caso di pericolo immediato, comporre il 112.",45.656542,9.6468124
Commissariato Monforte Vittoria,Polizia di Stato,"Via Carlo Poma 8, 20129, Milano",112 / 113,,In genere H24 o secondo orari di caserma,"Presidio delle Forze dell'Ordine attivo sul territorio per la ricezione di denunce, segnalazioni e tutela immediata. In caso di pericolo immediato, comporre il 112.",45.4661627,9.2158498
Commissariato Garibaldi-Venezia,Polizia di Stato,Indirizzo non disponibile,112 / 113,,In genere H24 o secondo orari di caserma,"Presidio delle Forze dell'Ordine attivo sul territorio per la ricezione di denunce, segnalazioni e tutela immediata. In caso di pericolo immediato, comporre il 112.",45.4900871,9.204484
Polizia Municipale,Polizia di Stato,Indirizzo non disponibile,112 / 113,,In genere H24 o secondo orari di caserma,"Presidio delle Forze dell'Ordine attivo sul territorio per la ricezione di denunce, segnalazioni e tutela immediata. In caso di pericolo immediato, comporre il 112.",45.6439174,10.5024853
Carabinieri,Arma dei Carabinieri,Indirizzo non disponibile,112 / 113,,In genere H24 o secondo orari di caserma,"Presidio delle Forze dell'Ordine attivo sul territorio per la ricezione di denunce, segnalazioni e tutela immediata. In caso di pericolo immediato, comporre il 112.",46.4629637,10.3648959
Polizia locale,Polizia di Stato,Indirizzo non disponibile,112 / 113,,In genere H24 o secondo orari di caserma,"Presidio delle Forze dell'Ordine attivo sul territorio per la ricezione di denunce, segnalazioni e tutela immediata. In caso di pericolo immediato, comporre il 112.",45.7979536,8.643016
Polizia Municipale,Polizia di Stato,"Via Carrara Beora 7, 24040, Stezzano",+39 035 454 5390,https://www.poliziamunicipale.it/comune/225/stezzano,"Mo,We,Fr 11:00-12:00; Tu,Th 11:00-12:00, 16:00-17:00","Presidio delle Forze dell'Ordine attivo sul territorio per la ricezione di denunce, segnalazioni e tutela immediata. In caso di pericolo immediato, comporre il 112.",45.6496231,9.6530638
Stazione Carabinieri di Fagnano Olona,Arma dei Carabinieri,"Viale Pompeo Saibene 35, 21054, Fagnano Olona",+39 0331 617012,,08:00-22:00,"Presidio delle Forze dell'Ordine attivo sul territorio per la ricezione di denunce, segnalazioni e tutela immediata. In caso di pericolo immediato, comporre il 112.",45.6703617,8.8712616
Polizia Locale,Polizia di Stato,Indirizzo non disponibile,112 / 113,,In genere H24 o secondo orari di caserma,"Presidio delle Forze dell'Ordine attivo sul territorio per la ricezione di denunce, segnalazioni e tutela immediata. In caso di pericolo immediato, comporre il 112.",45.3952678,8.9806677
Stazione Carabinieri di Santa Giuletta,Arma dei Carabinieri,Indirizzo non disponibile,112 / 113,,In genere H24 o secondo orari di caserma,"Presidio delle Forze dell'Ordine attivo sul territorio per la ricezione di denunce, segnalazioni e tutela immediata. In caso di pericolo immediato, comporre il 112.",45.033708,9.1862779
Carabinieri,Arma dei Carabinieri,Indirizzo non disponibile,112 / 113,,In genere H24 o secondo orari di caserma,"Presidio delle Forze dell'Ordine attivo sul territorio per la ricezione di denunce, segnalazioni e tutela immediata. In caso di pericolo immediato, comporre il 112.",45.0640015,9.2574235
Stazione Carabinieri di Montalto Pavese,Arma dei Carabinieri,Indirizzo non disponibile,112 / 113,,In genere H24 o secondo orari di caserma,"Presidio delle Forze dell'Ordine attivo sul territorio per la ricezione di denunce, segnalazioni e tutela immediata. In caso di pericolo immediato, comporre il 112.",44.9792858,9.2067883
Polizia Stradale,Polizia di Stato,Indirizzo non disponibile,112 / 113,,In genere H24 o secondo orari di caserma,"Presidio delle Forze dell'Ordine attivo sul territorio per la ricezione di denunce, segnalazioni e tutela immediata. In caso di pericolo immediato, comporre il 112.",45.4691415,8.8975781
Polizia Locale,Polizia di Stato,"Via del Ruc 2f, 25084, Gargnano",112 / 113,,In genere H24 o secondo orari di caserma,"Presidio delle Forze dell'Ordine attivo sul territorio per la ricezione di denunce, segnalazioni e tutela immediata. In caso di pericolo immediato, comporre il 112.",45.6920686,10.6683311
Guardia di Finanza,Forze dell'Ordine,Indirizzo non disponibile,112 / 113,,In genere H24 o secondo orari di caserma,"Presidio delle Forze dell'Ordine attivo sul territorio per la ricezione di denunce, segnalazioni e tutela immediata. In caso di pericolo immediato, comporre il 112.",45.466534,8.8881322
Polizia di Stato - Questura di Voghera,Polizia di Stato,Indirizzo non disponibile,+39 0383 344911,,In genere H24 o secondo orari di caserma,"Presidio delle Forze dell'Ordine attivo sul territorio per la ricezione di denunce, segnalazioni e tutela immediata. In caso di pericolo immediato, comporre il 112.",44.9931703,9.0172635
Carabinieri,Arma dei Carabinieri,Indirizzo non disponibile,112,,In genere H24 o secondo orari di caserma,"Presidio delle Forze dell'Ordine attivo sul territorio per la ricezione di denunce, segnalazioni e tutela immediata. In caso di pericolo immediato, comporre il 112.",44.9885548,9.0110846
Carabinieri,Arma dei Carabinieri,Indirizzo non disponibile,112 / 113,,In genere H24 o secondo orari di caserma,"Presidio delle Forze dell'Ordine attivo sul territorio per la ricezione di denunce, segnalazioni e tutela immediata. In caso di pericolo immediato, comporre il 112.",45.6419103,9.6899289
Carabinieri,Arma dei Carabinieri,Indirizzo non disponibile,112 / 113,,In genere H24 o secondo orari di caserma,"Presidio delle Forze dell'Ordine attivo sul territorio per la ricezione di denunce, segnalazioni e tutela immediata. In caso di pericolo immediato, comporre il 112.",45.7054791,9.659438
Comando Polizia Locale,Polizia di Stato,Indirizzo non disponibile,112 / 113,,In genere H24 o secondo orari di caserma,"Presidio delle Forze dell'Ordine attivo sul territorio per la ricezione di denunce, segnalazioni e tutela immediata. In caso di pericolo immediato, comporre il 112.",45.4589232,8.8852961
Comando Stazione Carabinieri Lomazzo,Arma dei Carabinieri,"Viale Somaini 31, 22074, Lomazzo",+39 02 96370510,https://www.carabinieri.it/,In genere H24 o secondo orari di caserma,"Presidio delle Forze dell'Ordine attivo sul territorio per la ricezione di denunce, segnalazioni e tutela immediata. In caso di pericolo immediato, comporre il 112.",45.7014694,9.0334722
Stazione Carabinieri di Bressana Bottarone,Arma dei Carabinieri,Indirizzo non disponibile,112 / 113,,In genere H24 o secondo orari di caserma,"Presidio delle Forze dell'Ordine attivo sul territorio per la ricezione di denunce, segnalazioni e tutela immediata. In caso di pericolo immediato, comporre il 112.",45.0766327,9.133211
Comando Stazione Carabinieri S.Angelo Lodigiano,Arma dei Carabinieri,"Via San Martino e Solferino, 26866, Sant'Angelo Lodigiano",112 / 113,,In genere H24 o secondo orari di caserma,"Presidio delle Forze dell'Ordine attivo sul territorio per la ricezione di denunce, segnalazioni e tutela immediata. In caso di pericolo immediato, comporre il 112.",45.2387196,9.4150232
Polizia Locale,Polizia di Stato,Indirizzo non disponibile,112 / 113,,In genere H24 o secondo orari di caserma,"Presidio delle Forze dell'Ordine attivo sul territorio per la ricezione di denunce, segnalazioni e tutela immediata. In caso di pericolo immediato, comporre il 112.",45.0126297,9.1250597
Polizia Locale,Polizia di Stato,"Via Paderno 5, 24068",+39 035 304213; +39 320 432 3882,https://www.polizialocale.com/,In genere H24 o secondo orari di caserma,"Presidio delle Forze dell'Ordine attivo sul territorio per la ricezione di denunce, segnalazioni e tutela immediata. In caso di pericolo immediato, comporre il 112.",45.684228,9.7175325
Carabinieri Gargnano,Arma dei Carabinieri,"Via Della Liberta 84, 25084, Gargnano",112 / 113,,In genere H24 o secondo orari di caserma,"Presidio delle Forze dell'Ordine attivo sul territorio per la ricezione di denunce, segnalazioni e tutela immediata. In caso di pericolo immediato, comporre il 112.",45.6788252,10.6536939
Stazione Carabinieri di Varzi,Arma dei Carabinieri,Indirizzo non disponibile,112 / 113,,In genere H24 o secondo orari di caserma,"Presidio delle Forze dell'Ordine attivo sul territorio per la ricezione di denunce, segnalazioni e tutela immediata. In caso di pericolo immediato, comporre il 112.",44.8245529,9.1965059
Polizia Municipale,Polizia di Stato,Indirizzo non disponibile,112 / 113,,In genere H24 o secondo orari di caserma,"Presidio delle Forze dell'Ordine attivo sul territorio per la ricezione di denunce, segnalazioni e tutela immediata. In caso di pericolo immediato, comporre il 112.",45.4032072,10.6292591
Vigili Urbani,Polizia di Stato,Indirizzo non disponibile,112 / 113,,In genere H24 o secondo orari di caserma,"Presidio delle Forze dell'Ordine attivo sul territorio per la ricezione di denunce, segnalazioni e tutela immediata. In caso di pericolo immediato, comporre il 112.",45.2101761,8.8723595
Carabinieri,Arma dei Carabinieri,Indirizzo non disponibile,112 / 113,,In genere H24 o secondo orari di caserma,"Presidio delle Forze dell'Ordine attivo sul territorio per la ricezione di denunce, segnalazioni e tutela immediata. In caso di pericolo immediato, comporre il 112.",46.1256755,9.279495
Polizia Locale,Polizia di Stato,Indirizzo non disponibile,112 / 113,,In genere H24 o secondo orari di caserma,"Presidio delle Forze dell'Ordine attivo sul territorio per la ricezione di denunce, segnalazioni e tutela immediata. In caso di pericolo immediato, comporre il 112.",45.6993343,9.0607028
Presidio Forze dell'Ordine,Forze dell'Ordine,Indirizzo non disponibile,112 / 113,,In genere H24 o secondo orari di caserma,"Presidio delle Forze dell'Ordine attivo sul territorio per la ricezione di denunce, segnalazioni e tutela immediata. In caso di pericolo immediato, comporre il 112.",45.3444284,9.7253283
Polizia Locale,Polizia di Stato,Largo Salvo D'Acquisto 8,112 / 113,,In genere H24 o secondo orari di caserma,"Presidio delle Forze dell'Ordine attivo sul territorio per la ricezione di denunce, segnalazioni e tutela immediata. In caso di pericolo immediato, comporre il 112.",45.5341898,9.2789439
Polizia Locale,Polizia di Stato,Indirizzo non disponibile,112 / 113,,In genere H24 o secondo orari di caserma,"Presidio delle Forze dell'Ordine attivo sul territorio per la ricezione di denunce, segnalazioni e tutela immediata. In caso di pericolo immediato, comporre il 112.",45.7246026,9.0384838
Polizia Locale,Polizia di Stato,Indirizzo non disponibile,112 / 113,,In genere H24 o secondo orari di caserma,"Presidio delle Forze dell'Ordine attivo sul territorio per la ricezione di denunce, segnalazioni e tutela immediata. In caso di pericolo immediato, comporre il 112.",45.5152366,9.1933136
Polizia locale,Polizia di Stato,"Via Padana Superiore 90, Ospitaletto",112 / 113,,In genere H24 o secondo orari di caserma,"Presidio delle Forze dell'Ordine attivo sul territorio per la ricezione di denunce, segnalazioni e tutela immediata. In caso di pericolo immediato, comporre il 112.",45.5547943,10.0819527
Carabinieri di San Giuliano Milanese,Arma dei Carabinieri,Indirizzo non disponibile,112 / 113,,In genere H24 o secondo orari di caserma,"Presidio delle Forze dell'Ordine attivo sul territorio per la ricezione di denunce, segnalazioni e tutela immediata. In caso di pericolo immediato, comporre il 112.",45.3903299,9.2956733
Carabinieri,Arma dei Carabinieri,Indirizzo non disponibile,112 / 113,,In genere H24 o secondo orari di caserma,"Presidio delle Forze dell'Ordine attivo sul territorio per la ricezione di denunce, segnalazioni e tutela immediata. In caso di pericolo immediato, comporre il 112.",45.1597943,9.5542957
Polizia locale - Comando vigili urbani,Polizia di Stato,Indirizzo non disponibile,112 / 113,,"Mo,We,Fr 09:00-12:00; Tu,Th 15:00-17:00; Sa-Su closed; PH closed","Presidio delle Forze dell'Ordine attivo sul territorio per la ricezione di denunce, segnalazioni e tutela immediata. In caso di pericolo immediato, comporre il 112.",45.8214093,8.8213255
Comando Polizia Locale Bresso,Polizia di Stato,Indirizzo non disponibile,112 / 113,,In genere H24 o secondo orari di caserma,"Presidio delle Forze dell'Ordine attivo sul territorio per la ricezione di denunce, segnalazioni e tutela immediata. In caso di pericolo immediato, comporre il 112.",45.5386944,9.1885937
Comando Stazione Carabinieri Bresso,Arma dei Carabinieri,Indirizzo non disponibile,112 / 113,,In genere H24 o secondo orari di caserma,"Presidio delle Forze dell'Ordine attivo sul territorio per la ricezione di denunce, segnalazioni e tutela immediata. In caso di pericolo immediato, comporre il 112.",45.5357765,9.1966993
Polizia Locale,Polizia di Stato,Indirizzo non disponibile,112 / 113,,In genere H24 o secondo orari di caserma,"Presidio delle Forze dell'Ordine attivo sul territorio per la ricezione di denunce, segnalazioni e tutela immediata. In caso di pericolo immediato, comporre il 112.",45.5001812,8.8550389
Polizia Locale,Polizia di Stato,Indirizzo non disponibile,112 / 113,,In genere H24 o secondo orari di caserma,"Presidio delle Forze dell'Ordine attivo sul territorio per la ricezione di denunce, segnalazioni e tutela immediata. In caso di pericolo immediato, comporre il 112.",45.5915406,10.2435835
Polizia Locale,Polizia di Stato,Indirizzo non disponibile,112 / 113,,In genere H24 o secondo orari di caserma,"Presidio delle Forze dell'Ordine attivo sul territorio per la ricezione di denunce, segnalazioni e tutela immediata. In caso di pericolo immediato, comporre il 112.",45.5327696,10.2137211
Carabinieri,Arma dei Carabinieri,Indirizzo non disponibile,112 / 113,,In genere H24 o secondo orari di caserma,"Presidio delle Forze dell'Ordine attivo sul territorio per la ricezione di denunce, segnalazioni e tutela immediata. In caso di pericolo immediato, comporre il 112.",45.5689015,9.9934725
Comando Stazione e Comando Compagnia di San Donato Milanese,Arma dei Carabinieri,Indirizzo non disponibile,+39 0255611100,,24/7,"Presidio delle Forze dell'Ordine attivo sul territorio per la ricezione di denunce, segnalazioni e tutela immediata. In caso di pericolo immediato, comporre il 112.",45.4148142,9.2776241
Questura di Mantova,Arma dei Carabinieri,Indirizzo non disponibile,112 / 113,,In genere H24 o secondo orari di caserma,"Presidio delle Forze dell'Ordine attivo sul territorio per la ricezione di denunce, segnalazioni e tutela immediata. In caso di pericolo immediato, comporre il 112.",45.1593791,10.7967435
Carabinieri,Arma dei Carabinieri,Indirizzo non disponibile,112 / 113,,In genere H24 o secondo orari di caserma,"Presidio delle Forze dell'Ordine attivo sul territorio per la ricezione di denunce, segnalazioni e tutela immediata. In caso di pericolo immediato, comporre il 112.",45.999816,10.1007786
Polizia Locale di Rozzano,Polizia di Stato,"Viale Romagna 30, 20089, Rozzano",112 / 113,,In genere H24 o secondo orari di caserma,"Presidio delle Forze dell'Ordine attivo sul territorio per la ricezione di denunce, segnalazioni e tutela immediata. In caso di pericolo immediato, comporre il 112.",45.3841223,9.1638029
Polizia Stradale,Polizia di Stato,Indirizzo non disponibile,112 / 113,,In genere H24 o secondo orari di caserma,"Presidio delle Forze dell'Ordine attivo sul territorio per la ricezione di denunce, segnalazioni e tutela immediata. In caso di pericolo immediato, comporre il 112.",45.1870904,9.7771189
Carabinieri,Arma dei Carabinieri,Indirizzo non disponibile,112 / 113,,In genere H24 o secondo orari di caserma,"Presidio delle Forze dell'Ordine attivo sul territorio per la ricezione di denunce, segnalazioni e tutela immediata. In caso di pericolo immediato, comporre il 112.",45.4741476,8.9253805
Presidio Forze dell'Ordine,Forze dell'Ordine,"Piazza della Libertà 4, 20067, Paullo",112 / 113,,In genere H24 o secondo orari di caserma,"Presidio delle Forze dell'Ordine attivo sul territorio per la ricezione di denunce, segnalazioni e tutela immediata. In caso di pericolo immediato, comporre il 112.",45.4172395,9.3980034
Polizia locale,Polizia di Stato,Indirizzo non disponibile,112 / 113,,In genere H24 o secondo orari di caserma,"Presidio delle Forze dell'Ordine attivo sul territorio per la ricezione di denunce, segnalazioni e tutela immediata. In caso di pericolo immediato, comporre il 112.",45.5821917,9.6707748
Polizia Locale Comando Decentrato 8,Polizia di Stato,"Piazzale Francesco Accursio 5, 20151, Milano",112 / 113,,In genere H24 o secondo orari di caserma,"Presidio delle Forze dell'Ordine attivo sul territorio per la ricezione di denunce, segnalazioni e tutela immediata. In caso di pericolo immediato, comporre il 112.",45.4913692,9.1462471
Comando Polizia Locale Municipio 8 Milano,Polizia di Stato,Indirizzo non disponibile,112 / 113,,Mo-Su 07:30-19:30,"Presidio delle Forze dell'Ordine attivo sul territorio per la ricezione di denunce, segnalazioni e tutela immediata. In caso di pericolo immediato, comporre il 112.",45.4962952,9.1147752
Comando Stazione Carabinieri Cislago,Arma dei Carabinieri,Indirizzo non disponibile,+390296382263,,Mo-Su 08:00-22:00,"Presidio delle Forze dell'Ordine attivo sul territorio per la ricezione di denunce, segnalazioni e tutela immediata. In caso di pericolo immediato, comporre il 112.",45.6605718,8.9734637
Stazione dei Carabinieri,Arma dei Carabinieri,Indirizzo non disponibile,112 / 113,,In genere H24 o secondo orari di caserma,"Presidio delle Forze dell'Ordine attivo sul territorio per la ricezione di denunce, segnalazioni e tutela immediata. In caso di pericolo immediato, comporre il 112.",45.1452378,10.2844523
Carabinieri,Arma dei Carabinieri,Indirizzo non disponibile,112 / 113,,In genere H24 o secondo orari di caserma,"Presidio delle Forze dell'Ordine attivo sul territorio per la ricezione di denunce, segnalazioni e tutela immediata. In caso di pericolo immediato, comporre il 112.",45.7528082,9.2215576
Polizia municipale,Polizia di Stato,Indirizzo non disponibile,112 / 113,,In genere H24 o secondo orari di caserma,"Presidio delle Forze dell'Ordine attivo sul territorio per la ricezione di denunce, segnalazioni e tutela immediata. In caso di pericolo immediato, comporre il 112.",45.5956639,9.3790245
Questura,Polizia di Stato,Indirizzo non disponibile,112 / 113,,In genere H24 o secondo orari di caserma,"Presidio delle Forze dell'Ordine attivo sul territorio per la ricezione di denunce, segnalazioni e tutela immediata. In caso di pericolo immediato, comporre il 112.",45.3123694,9.4990129
Polizia Locale Comune di Pessano con Bornago,Polizia di Stato,"Via Umberto I 1, 20042, Pessano con Bornago",112 / 113,,In genere H24 o secondo orari di caserma,"Presidio delle Forze dell'Ordine attivo sul territorio per la ricezione di denunce, segnalazioni e tutela immediata. In caso di pericolo immediato, comporre il 112.",45.54531,9.3890887
Questura di Como,Polizia di Stato,Indirizzo non disponibile,112 / 113,,In genere H24 o secondo orari di caserma,"Presidio delle Forze dell'Ordine attivo sul territorio per la ricezione di denunce, segnalazioni e tutela immediata. In caso di pericolo immediato, comporre il 112.",45.8036788,9.0828968
Caserma Carabinieri Santa Maria della Versa,Arma dei Carabinieri,Indirizzo non disponibile,112 / 113,,In genere H24 o secondo orari di caserma,"Presidio delle Forze dell'Ordine attivo sul territorio per la ricezione di denunce, segnalazioni e tutela immediata. In caso di pericolo immediato, comporre il 112.",44.9861928,9.2998813
Stazione Carabinieri di Carpenedolo,Arma dei Carabinieri,Indirizzo non disponibile,112 / 113,,In genere H24 o secondo orari di caserma,"Presidio delle Forze dell'Ordine attivo sul territorio per la ricezione di denunce, segnalazioni e tutela immediata. In caso di pericolo immediato, comporre il 112.",45.3670154,10.4389285
Stazione Carabinieri Melegnano,Arma dei Carabinieri,"Piazza Volontari del Sangue 2, 20077, Melegnano",+39 02 9834051,,In genere H24 o secondo orari di caserma,"Presidio delle Forze dell'Ordine attivo sul territorio per la ricezione di denunce, segnalazioni e tutela immediata. In caso di pericolo immediato, comporre il 112.",45.3540681,9.3241309
Carabinieri Manerbio,Arma dei Carabinieri,Indirizzo non disponibile,112 / 113,,In genere H24 o secondo orari di caserma,"Presidio delle Forze dell'Ordine attivo sul territorio per la ricezione di denunce, segnalazioni e tutela immediata. In caso di pericolo immediato, comporre il 112.",45.3467802,10.1432144
Polizia Locale di Cremeno,Polizia di Stato,Indirizzo non disponibile,+39 0341 996113,,In genere H24 o secondo orari di caserma,"Presidio delle Forze dell'Ordine attivo sul territorio per la ricezione di denunce, segnalazioni e tutela immediata. In caso di pericolo immediato, comporre il 112.",45.9353288,9.4727849
Presidio Forze dell'Ordine,Forze dell'Ordine,Indirizzo non disponibile,112 / 113,,In genere H24 o secondo orari di caserma,"Presidio delle Forze dell'Ordine attivo sul territorio per la ricezione di denunce, segnalazioni e tutela immediata. In caso di pericolo immediato, comporre il 112.",45.6911213,9.1887553
Polizia Locale,Polizia di Stato,Indirizzo non disponibile,112 / 113,,In genere H24 o secondo orari di caserma,"Presidio delle Forze dell'Ordine attivo sul territorio per la ricezione di denunce, segnalazioni e tutela immediata. In caso di pericolo immediato, comporre il 112.",45.7466006,9.0490293
Polizia Locale,Polizia di Stato,"Via Castello, Leno",+39 030 9048086,,Tu-Sa 09:00-12:00,"Presidio delle Forze dell'Ordine attivo sul territorio per la ricezione di denunce, segnalazioni e tutela immediata. In caso di pericolo immediato, comporre il 112.",45.3665829,10.2191862
Carabinieri,Arma dei Carabinieri,"Via Guglielmo Marconi, 27013, Chignolo Po",+39038276024,,Mo-Su 08:00-14:00,"Presidio delle Forze dell'Ordine attivo sul territorio per la ricezione di denunce, segnalazioni e tutela immediata. In caso di pericolo immediato, comporre il 112.",45.1522732,9.4886255
Polizia Locale,Polizia di Stato,Indirizzo non disponibile,112 / 113,,In genere H24 o secondo orari di caserma,"Presidio delle Forze dell'Ordine attivo sul territorio per la ricezione di denunce, segnalazioni e tutela immediata. In caso di pericolo immediato, comporre il 112.",45.9019311,8.8251502
Polizia Locale,Polizia di Stato,Indirizzo non disponibile,112 / 113,,In genere H24 o secondo orari di caserma,"Presidio delle Forze dell'Ordine attivo sul territorio per la ricezione di denunce, segnalazioni e tutela immediata. In caso di pericolo immediato, comporre il 112.",45.2816983,8.995814
Carabinieri,Arma dei Carabinieri,Indirizzo non disponibile,112 / 113,,In genere H24 o secondo orari di caserma,"Presidio delle Forze dell'Ordine attivo sul territorio per la ricezione di denunce, segnalazioni e tutela immediata. In caso di pericolo immediato, comporre il 112.",45.2877561,8.9892694
Polizia Locale,Polizia di Stato,Indirizzo non disponibile,112 / 113,,Mo-Sa 09:00-12:00,"Presidio delle Forze dell'Ordine attivo sul territorio per la ricezione di denunce, segnalazioni e tutela immediata. In caso di pericolo immediato, comporre il 112.",44.9907062,9.0023557
Polizia Ferroviaria - Voghera,Polizia di Stato,Indirizzo non disponibile,112 / 113,,In genere H24 o secondo orari di caserma,"Presidio delle Forze dell'Ordine attivo sul territorio per la ricezione di denunce, segnalazioni e tutela immediata. In caso di pericolo immediato, comporre il 112.",44.997526,9.0073448
Comando Tenenza Carabinieri Bollate,Arma dei Carabinieri,"Via Don Vincenzo Donadeo 23, 20021, Bollate",+39023502203,,24/7,"Presidio delle Forze dell'Ordine attivo sul territorio per la ricezione di denunce, segnalazioni e tutela immediata. In caso di pericolo immediato, comporre il 112.",45.5398418,9.1134459
Carabinieri,Arma dei Carabinieri,Indirizzo non disponibile,112 / 113,,In genere H24 o secondo orari di caserma,"Presidio delle Forze dell'Ordine attivo sul territorio per la ricezione di denunce, segnalazioni e tutela immediata. In caso di pericolo immediato, comporre il 112.",45.5188152,9.7488032
Carabinieri - Stazione di Godiasco,Arma dei Carabinieri,Indirizzo non disponibile,112 / 113,,In genere H24 o secondo orari di caserma,"Presidio delle Forze dell'Ordine attivo sul territorio per la ricezione di denunce, segnalazioni e tutela immediata. In caso di pericolo immediato, comporre il 112.",44.8979406,9.0530635
Polizia Municipale,Polizia di Stato,"Via Galileo Ferraris 9, 21013, Gallarate",+39 0331 285911,,In genere H24 o secondo orari di caserma,"Presidio delle Forze dell'Ordine attivo sul territorio per la ricezione di denunce, segnalazioni e tutela immediata. In caso di pericolo immediato, comporre il 112.",45.6568366,8.7893348
Comando Polizia Locale,Polizia di Stato,Indirizzo non disponibile,112 / 113,,In genere H24 o secondo orari di caserma,"Presidio delle Forze dell'Ordine attivo sul territorio per la ricezione di denunce, segnalazioni e tutela immediata. In caso di pericolo immediato, comporre il 112.",45.6071967,10.5323382
Guardia Costiera,Forze dell'Ordine,Indirizzo non disponibile,112 / 113,,In genere H24 o secondo orari di caserma,"Presidio delle Forze dell'Ordine attivo sul territorio per la ricezione di denunce, segnalazioni e tutela immediata. In caso di pericolo immediato, comporre il 112.",45.6070635,10.5324267
Questura,Polizia di Stato,Indirizzo non disponibile,112 / 113,,In genere H24 o secondo orari di caserma,"Presidio delle Forze dell'Ordine attivo sul territorio per la ricezione di denunce, segnalazioni e tutela immediata. In caso di pericolo immediato, comporre il 112.",45.1970207,9.1565315
Presidio Forze dell'Ordine,Forze dell'Ordine,Indirizzo non disponibile,112 / 113,,In genere H24 o secondo orari di caserma,"Presidio delle Forze dell'Ordine attivo sul territorio per la ricezione di denunce, segnalazioni e tutela immediata. In caso di pericolo immediato, comporre il 112.",45.6917152,9.6105414
Polizia Municipale Cesano Boscone,Polizia di Stato,Indirizzo non disponibile,112 / 113,,In genere H24 o secondo orari di caserma,"Presidio delle Forze dell'Ordine attivo sul territorio per la ricezione di denunce, segnalazioni e tutela immediata. In caso di pericolo immediato, comporre il 112.",45.4337596,9.0861545
Presidio Forze dell'Ordine,Forze dell'Ordine,Indirizzo non disponibile,112 / 113,,In genere H24 o secondo orari di caserma,"Presidio delle Forze dell'Ordine attivo sul territorio per la ricezione di denunce, segnalazioni e tutela immediata. In caso di pericolo immediato, comporre il 112.",45.4256012,10.3268454
Polizia di Stato,Polizia di Stato,Indirizzo non disponibile,112 / 113,,In genere H24 o secondo orari di caserma,"Presidio delle Forze dell'Ordine attivo sul territorio per la ricezione di denunce, segnalazioni e tutela immediata. In caso di pericolo immediato, comporre il 112.",45.4543364,9.386618
Carabinieri,Arma dei Carabinieri,Indirizzo non disponibile,112 / 113,,In genere H24 o secondo orari di caserma,"Presidio delle Forze dell'Ordine attivo sul territorio per la ricezione di denunce, segnalazioni e tutela immediata. In caso di pericolo immediato, comporre il 112.",45.4157,10.0798741
Carabinieri Compagnia Corsico,Arma dei Carabinieri,Indirizzo non disponibile,112 / 113,,In genere H24 o secondo orari di caserma,"Presidio delle Forze dell'Ordine attivo sul territorio per la ricezione di denunce, segnalazioni e tutela immediata. In caso di pericolo immediato, comporre il 112.",45.4407227,9.0949408
Carabinieri,Arma dei Carabinieri,Indirizzo non disponibile,112 / 113,,In genere H24 o secondo orari di caserma,"Presidio delle Forze dell'Ordine attivo sul territorio per la ricezione di denunce, segnalazioni e tutela immediata. In caso di pericolo immediato, comporre il 112.",45.1296725,10.3688724
Polizia Locale,Polizia di Stato,Indirizzo non disponibile,112 / 113,,In genere H24 o secondo orari di caserma,"Presidio delle Forze dell'Ordine attivo sul territorio per la ricezione di denunce, segnalazioni e tutela immediata. In caso di pericolo immediato, comporre il 112.",45.5692676,9.9978409
Polizia Stradale Casalmaggiore,Polizia di Stato,Indirizzo non disponibile,112 / 113,,In genere H24 o secondo orari di caserma,"Presidio delle Forze dell'Ordine attivo sul territorio per la ricezione di denunce, segnalazioni e tutela immediata. In caso di pericolo immediato, comporre il 112.",44.9822774,10.4195498
Polizia Locale Lograto,Polizia di Stato,Indirizzo non disponibile,112 / 113,,In genere H24 o secondo orari di caserma,"Presidio delle Forze dell'Ordine attivo sul territorio per la ricezione di denunce, segnalazioni e tutela immediata. In caso di pericolo immediato, comporre il 112.",45.4831716,10.0573172
Carabinieri Comando Stazione di Gandino,Arma dei Carabinieri,Indirizzo non disponibile,112 / 113,,In genere H24 o secondo orari di caserma,"Presidio delle Forze dell'Ordine attivo sul territorio per la ricezione di denunce, segnalazioni e tutela immediata. In caso di pericolo immediato, comporre il 112.",45.809265,9.896343
Polizia locale,Polizia di Stato,"Via Isonzo 6b, 20821, Meda",+390362342074,https://www.comune.meda.mb.it/aree/sicurezza-e-polizia-locale/Polizia-Locale-Comando/,"Mo,We 08:45-12:30,16:00-18:00; Tu,Th-Sa 08:45-12:30; Su off","Presidio delle Forze dell'Ordine attivo sul territorio per la ricezione di denunce, segnalazioni e tutela immediata. In caso di pericolo immediato, comporre il 112.",45.6593003,9.1606293
Carabinieri,Arma dei Carabinieri,Indirizzo non disponibile,112 / 113,,In genere H24 o secondo orari di caserma,"Presidio delle Forze dell'Ordine attivo sul territorio per la ricezione di denunce, segnalazioni e tutela immediata. In caso di pericolo immediato, comporre il 112.",45.0762712,9.3071581
Polizia Locale,Polizia di Stato,Indirizzo non disponibile,112 / 113,,In genere H24 o secondo orari di caserma,"Presidio delle Forze dell'Ordine attivo sul territorio per la ricezione di denunce, segnalazioni e tutela immediata. In caso di pericolo immediato, comporre il 112.",45.7824439,8.6901958
Polizia Ferroviaria - Polfer,Polizia di Stato,"Viale della Stazione 82, 25122, Brescia",+39 030 3757857,,In genere H24 o secondo orari di caserma,"Presidio delle Forze dell'Ordine attivo sul territorio per la ricezione di denunce, segnalazioni e tutela immediata. In caso di pericolo immediato, comporre il 112.",45.5321549,10.2142871
Polizia Locale,Polizia di Stato,"Via Giuseppe Mazzini, 20051, Cassina de' Pecchi",112 / 113,,In genere H24 o secondo orari di caserma,"Presidio delle Forze dell'Ordine attivo sul territorio per la ricezione di denunce, segnalazioni e tutela immediata. In caso di pericolo immediato, comporre il 112.",45.520263,9.3578476
Presidio Forze dell'Ordine,Forze dell'Ordine,Indirizzo non disponibile,112 / 113,,In genere H24 o secondo orari di caserma,"Presidio delle Forze dell'Ordine attivo sul territorio per la ricezione di denunce, segnalazioni e tutela immediata. In caso di pericolo immediato, comporre il 112.",46.0246861,9.0525207
Presidio Forze dell'Ordine,Forze dell'Ordine,Indirizzo non disponibile,112 / 113,,In genere H24 o secondo orari di caserma,"Presidio delle Forze dell'Ordine attivo sul territorio per la ricezione di denunce, segnalazioni e tutela immediata. In caso di pericolo immediato, comporre il 112.",45.8525682,9.374708
Polizia Stradale - Distaccamento di Voghera,Polizia di Stato,Indirizzo non disponibile,+39 0383 369674,,In genere H24 o secondo orari di caserma,"Presidio delle Forze dell'Ordine attivo sul territorio per la ricezione di denunce, segnalazioni e tutela immediata. In caso di pericolo immediato, comporre il 112.",45.0046274,9.0087175
Polizia Ferroviaria,Polizia di Stato,"Via Enrico Arosio 14, 20900, Monza",112 / 113,,In genere H24 o secondo orari di caserma,"Presidio delle Forze dell'Ordine attivo sul territorio per la ricezione di denunce, segnalazioni e tutela immediata. In caso di pericolo immediato, comporre il 112.",45.5783017,9.2732243
Polizia Locale,Polizia di Stato,Indirizzo non disponibile,112 / 113,,In genere H24 o secondo orari di caserma,"Presidio delle Forze dell'Ordine attivo sul territorio per la ricezione di denunce, segnalazioni e tutela immediata. In caso di pericolo immediato, comporre il 112.",45.5663374,8.9592154
Polizia Ferroviaria,Polizia di Stato,"Piazza Sigmund Freud 1, 20154, Milano",+39 02 6371 6175,,In genere H24 o secondo orari di caserma,"Presidio delle Forze dell'Ordine attivo sul territorio per la ricezione di denunce, segnalazioni e tutela immediata. In caso di pericolo immediato, comporre il 112.",45.4844929,9.186284
Polizia di Stato,Polizia di Stato,Indirizzo non disponibile,112 / 113,,In genere H24 o secondo orari di caserma,"Presidio delle Forze dell'Ordine attivo sul territorio per la ricezione di denunce, segnalazioni e tutela immediata. In caso di pericolo immediato, comporre il 112.",45.9778157,8.7201768
Stazione Carabinieri,Arma dei Carabinieri,Indirizzo non disponibile,112 / 113,,In genere H24 o secondo orari di caserma,"Presidio delle Forze dell'Ordine attivo sul territorio per la ricezione di denunce, segnalazioni e tutela immediata. In caso di pericolo immediato, comporre il 112.",45.2532223,10.2916103
Polizia Locale,Polizia di Stato,"Piazza Signorelli 1, 27020, Parona",112 / 113,,In genere H24 o secondo orari di caserma,"Presidio delle Forze dell'Ordine attivo sul territorio per la ricezione di denunce, segnalazioni e tutela immediata. In caso di pericolo immediato, comporre il 112.",45.2825891,8.7496362
Presidio Forze dell'Ordine,Forze dell'Ordine,Indirizzo non disponibile,112 / 113,,In genere H24 o secondo orari di caserma,"Presidio delle Forze dell'Ordine attivo sul territorio per la ricezione di denunce, segnalazioni e tutela immediata. In caso di pericolo immediato, comporre il 112.",45.2932445,9.2354982
ex Stazione Carabinieri Landriano,Arma dei Carabinieri,"Via Salvo D'Acquisto 4, 27015, Landriano",+39 0382 64405,,In genere H24 o secondo orari di caserma,"Presidio delle Forze dell'Ordine attivo sul territorio per la ricezione di denunce, segnalazioni e tutela immediata. In caso di pericolo immediato, comporre il 112.",45.3121384,9.2599856
Polizia Locale,Polizia di Stato,Indirizzo non disponibile,112 / 113,,In genere H24 o secondo orari di caserma,"Presidio delle Forze dell'Ordine attivo sul territorio per la ricezione di denunce, segnalazioni e tutela immediata. In caso di pericolo immediato, comporre il 112.",45.5283918,9.2479737
Carabinieri Comando provinciale Monza,Arma dei Carabinieri,"Via Volturno 35, 20900, Monza",112 / 113,,In genere H24 o secondo orari di caserma,"Presidio delle Forze dell'Ordine attivo sul territorio per la ricezione di denunce, segnalazioni e tutela immediata. In caso di pericolo immediato, comporre il 112.",45.5775814,9.2684302
Polizia Locale,Polizia di Stato,"Via Marsala 13, 20900, Monza",+39 039 28161,,In genere H24 o secondo orari di caserma,"Presidio delle Forze dell'Ordine attivo sul territorio per la ricezione di denunce, segnalazioni e tutela immediata. In caso di pericolo immediato, comporre il 112.",45.57651,9.266925
Carabinieri -i Rivanazzano,Arma dei Carabinieri,Indirizzo non disponibile,112 / 113,,In genere H24 o secondo orari di caserma,"Presidio delle Forze dell'Ordine attivo sul territorio per la ricezione di denunce, segnalazioni e tutela immediata. In caso di pericolo immediato, comporre il 112.",44.9329868,9.0164624
Polizia municipale,Polizia di Stato,Indirizzo non disponibile,112 / 113,,In genere H24 o secondo orari di caserma,"Presidio delle Forze dell'Ordine attivo sul territorio per la ricezione di denunce, segnalazioni e tutela immediata. In caso di pericolo immediato, comporre il 112.",45.6169661,9.0791566
Polizia Locale - Bagnaria,Polizia di Stato,Indirizzo non disponibile,112 / 113,,In genere H24 o secondo orari di caserma,"Presidio delle Forze dell'Ordine attivo sul territorio per la ricezione di denunce, segnalazioni e tutela immediata. In caso di pericolo immediato, comporre il 112.",44.8256411,9.1232579
Guardia di Finanza,Forze dell'Ordine,Indirizzo non disponibile,112 / 113,,In genere H24 o secondo orari di caserma,"Presidio delle Forze dell'Ordine attivo sul territorio per la ricezione di denunce, segnalazioni e tutela immediata. In caso di pericolo immediato, comporre il 112.",44.9961723,9.0068394
Polizia Stradale Sezione di Brescia,Polizia di Stato,"Via Monte Grappa 25, 25128, Brescia",112 / 113,,In genere H24 o secondo orari di caserma,"Presidio delle Forze dell'Ordine attivo sul territorio per la ricezione di denunce, segnalazioni e tutela immediata. In caso di pericolo immediato, comporre il 112.",45.5494352,10.2137716
Comando Polizia Locale,Polizia di Stato,"Via Zuavi 70, 20077, Melegnano",+39 02 98208238,,In genere H24 o secondo orari di caserma,"Presidio delle Forze dell'Ordine attivo sul territorio per la ricezione di denunce, segnalazioni e tutela immediata. In caso di pericolo immediato, comporre il 112.",45.3558667,9.3200739
Polizia Locale,Polizia di Stato,Indirizzo non disponibile,112 / 113,,In genere H24 o secondo orari di caserma,"Presidio delle Forze dell'Ordine attivo sul territorio per la ricezione di denunce, segnalazioni e tutela immediata. In caso di pericolo immediato, comporre il 112.",45.9319514,9.4786997
Polizia Locale Cuggiono,Polizia di Stato,Indirizzo non disponibile,112 / 113,,In genere H24 o secondo orari di caserma,"Presidio delle Forze dell'Ordine attivo sul territorio per la ricezione di denunce, segnalazioni e tutela immediata. In caso di pericolo immediato, comporre il 112.",45.5044984,8.8165694
Polizia Municipale di Landriano,Polizia di Stato,"Piazza Garibaldi 15, 27015, Landriano",+39 0382 65377,https://comune.landriano.pv.it/pagina.cfm?id=40,In genere H24 o secondo orari di caserma,"Presidio delle Forze dell'Ordine attivo sul territorio per la ricezione di denunce, segnalazioni e tutela immediata. In caso di pericolo immediato, comporre il 112.",45.310663,9.2595353
Polizia Municipale di Casaletto Lodigiano,Polizia di Stato,"Via Roma 12, 26852, Casaletto Lodigiano",+39 0371 71542,,In genere H24 o secondo orari di caserma,"Presidio delle Forze dell'Ordine attivo sul territorio per la ricezione di denunce, segnalazioni e tutela immediata. In caso di pericolo immediato, comporre il 112.",45.2931466,9.3619372
Comando Polizia Municipale Caselle Lurani,Polizia di Stato,"Via Roma 19, 26853, Caselle Lurani",112 / 113,,In genere H24 o secondo orari di caserma,"Presidio delle Forze dell'Ordine attivo sul territorio per la ricezione di denunce, segnalazioni e tutela immediata. In caso di pericolo immediato, comporre il 112.",45.2792515,9.3584916
Polizia Ferroviaria,Polizia di Stato,"Via Cesare Beccaria 1, 21013",+39 033 179 3226,,In genere H24 o secondo orari di caserma,"Presidio delle Forze dell'Ordine attivo sul territorio per la ricezione di denunce, segnalazioni e tutela immediata. In caso di pericolo immediato, comporre il 112.",45.6598156,8.7981332
Comando Stazione Carabinieri di Ostiano,Arma dei Carabinieri,"Piazza Bruno Pari 6, 26032, Ostiano",112 / 113,,In genere H24 o secondo orari di caserma,"Presidio delle Forze dell'Ordine attivo sul territorio per la ricezione di denunce, segnalazioni e tutela immediata. In caso di pericolo immediato, comporre il 112.",45.2227615,10.2528332
Presidio Forze dell'Ordine,Forze dell'Ordine,Indirizzo non disponibile,112 / 113,,In genere H24 o secondo orari di caserma,"Presidio delle Forze dell'Ordine attivo sul territorio per la ricezione di denunce, segnalazioni e tutela immediata. In caso di pericolo immediato, comporre il 112.",46.1462411,9.3037739
Gruppo Ponte Chiasso,Forze dell'Ordine,Indirizzo non disponibile,112 / 113,,In genere H24 o secondo orari di caserma,"Presidio delle Forze dell'Ordine attivo sul territorio per la ricezione di denunce, segnalazioni e tutela immediata. In caso di pericolo immediato, comporre il 112.",45.830069,9.0407701
Polizia Locale,Polizia di Stato,Indirizzo non disponibile,112 / 113,,In genere H24 o secondo orari di caserma,"Presidio delle Forze dell'Ordine attivo sul territorio per la ricezione di denunce, segnalazioni e tutela immediata. In caso di pericolo immediato, comporre il 112.",45.726471,9.7172707
Polizia municipale,Polizia di Stato,"Piazza Concordia 3, 20020, Busto Garolfo",+39 0331 569005,,In genere H24 o secondo orari di caserma,"Presidio delle Forze dell'Ordine attivo sul territorio per la ricezione di denunce, segnalazioni e tutela immediata. In caso di pericolo immediato, comporre il 112.",45.5463933,8.8833678
Carabinieri,Arma dei Carabinieri,"Via Pace 18, 20016, Pero",112 / 113,,In genere H24 o secondo orari di caserma,"Presidio delle Forze dell'Ordine attivo sul territorio per la ricezione di denunce, segnalazioni e tutela immediata. In caso di pericolo immediato, comporre il 112.",45.510994,9.0894184
Comando Stazione Carabinieri Delebio,Arma dei Carabinieri,Indirizzo non disponibile,112 / 113,,In genere H24 o secondo orari di caserma,"Presidio delle Forze dell'Ordine attivo sul territorio per la ricezione di denunce, segnalazioni e tutela immediata. In caso di pericolo immediato, comporre il 112.",46.1382611,9.4577447
Presidio Forze dell'Ordine,Forze dell'Ordine,Indirizzo non disponibile,112 / 113,,In genere H24 o secondo orari di caserma,"Presidio delle Forze dell'Ordine attivo sul territorio per la ricezione di denunce, segnalazioni e tutela immediata. In caso di pericolo immediato, comporre il 112.",45.7349611,8.9788478
Polizia di Stato - Commissariato,Polizia di Stato,"Via Ragazzi del 99 4, 21013, Gallarate",+39 033 171 2911,https://www.poliziadistato.it/,"Tu, Th-Fr 08:30-12:30; We 10:05-12:30","Presidio delle Forze dell'Ordine attivo sul territorio per la ricezione di denunce, segnalazioni e tutela immediata. In caso di pericolo immediato, comporre il 112.",45.6569409,8.8000436
Stazione Carabinieri,Arma dei Carabinieri,Indirizzo non disponibile,112 / 113,,In genere H24 o secondo orari di caserma,"Presidio delle Forze dell'Ordine attivo sul territorio per la ricezione di denunce, segnalazioni e tutela immediata. In caso di pericolo immediato, comporre il 112.",46.1692955,9.7445765
Presidio Forze dell'Ordine,Forze dell'Ordine,Indirizzo non disponibile,112 / 113,,In genere H24 o secondo orari di caserma,"Presidio delle Forze dell'Ordine attivo sul territorio per la ricezione di denunce, segnalazioni e tutela immediata. In caso di pericolo immediato, comporre il 112.",46.1694333,9.7447353
Comando Provinciale Guardia di Finanza,Forze dell'Ordine,Indirizzo non disponibile,112 / 113,,In genere H24 o secondo orari di caserma,"Presidio delle Forze dell'Ordine attivo sul territorio per la ricezione di denunce, segnalazioni e tutela immediata. In caso di pericolo immediato, comporre il 112.",45.8123553,9.0858453
Polizia di Stato,Polizia di Stato,Indirizzo non disponibile,112 / 113,,In genere H24 o secondo orari di caserma,"Presidio delle Forze dell'Ordine attivo sul territorio per la ricezione di denunce, segnalazioni e tutela immediata. In caso di pericolo immediato, comporre il 112.",46.1370587,9.4591215
Polizia locale,Polizia di Stato,Indirizzo non disponibile,112 / 113,,In genere H24 o secondo orari di caserma,"Presidio delle Forze dell'Ordine attivo sul territorio per la ricezione di denunce, segnalazioni e tutela immediata. In caso di pericolo immediato, comporre il 112.",45.6719864,8.870423
Polizia Ferroviaria,Polizia di Stato,Indirizzo non disponibile,112 / 113,,In genere H24 o secondo orari di caserma,"Presidio delle Forze dell'Ordine attivo sul territorio per la ricezione di denunce, segnalazioni e tutela immediata. In caso di pericolo immediato, comporre il 112.",45.4858341,9.2056774
Carabinieri,Arma dei Carabinieri,Indirizzo non disponibile,112 / 113,,In genere H24 o secondo orari di caserma,"Presidio delle Forze dell'Ordine attivo sul territorio per la ricezione di denunce, segnalazioni e tutela immediata. In caso di pericolo immediato, comporre il 112.",45.9698834,9.19223
Carabinieri,Arma dei Carabinieri,Indirizzo non disponibile,112 / 113,,In genere H24 o secondo orari di caserma,"Presidio delle Forze dell'Ordine attivo sul territorio per la ricezione di denunce, segnalazioni e tutela immediata. In caso di pericolo immediato, comporre il 112.",44.9806139,11.3533428
Carabinieri Comando Stazione Lodi Vecchio,Arma dei Carabinieri,"Via Domenico Codazzi 31, 26855, Lodi Vecchio",112 / 113,,Mo-Fr 09:00-17:30,"Presidio delle Forze dell'Ordine attivo sul territorio per la ricezione di denunce, segnalazioni e tutela immediata. In caso di pericolo immediato, comporre il 112.",45.3017992,9.4236232
Carabinieri,Arma dei Carabinieri,"Via Cesana e Villa 73, 20853, Biassono",112 / 113,,In genere H24 o secondo orari di caserma,"Presidio delle Forze dell'Ordine attivo sul territorio per la ricezione di denunce, segnalazioni e tutela immediata. In caso di pericolo immediato, comporre il 112.",45.6255939,9.2759213
Stazione Carabinieri,Arma dei Carabinieri,Indirizzo non disponibile,112 / 113,,In genere H24 o secondo orari di caserma,"Presidio delle Forze dell'Ordine attivo sul territorio per la ricezione di denunce, segnalazioni e tutela immediata. In caso di pericolo immediato, comporre il 112.",45.15765,9.3144881
Circoscrizione 1 e Polizia Locale,Polizia di Stato,Via Alessandro Furietti,112 / 113,,In genere H24 o secondo orari di caserma,"Presidio delle Forze dell'Ordine attivo sul territorio per la ricezione di denunce, segnalazioni e tutela immediata. In caso di pericolo immediato, comporre il 112.",45.6824519,9.6760162
Polizia Municipale - Zona Garibaldi,Polizia di Stato,"Piazza Venticinque Aprile 6, 20121, Milano",112 / 113,,In genere H24 o secondo orari di caserma,"Presidio delle Forze dell'Ordine attivo sul territorio per la ricezione di denunce, segnalazioni e tutela immediata. In caso di pericolo immediato, comporre il 112.",45.4801157,9.1874995
Commissariato Sesto San Giovanni,Polizia di Stato,"Via Fiume 2, 20099, Sesto San Giovanni",112 / 113,,In genere H24 o secondo orari di caserma,"Presidio delle Forze dell'Ordine attivo sul territorio per la ricezione di denunce, segnalazioni e tutela immediata. In caso di pericolo immediato, comporre il 112.",45.523666,9.2277182
Comando Polizia Municipale Garbagnate Milanese,Polizia di Stato,"Via Giosuè Carducci 3, 20024, Garbagnate Milanese",112 / 113,,In genere H24 o secondo orari di caserma,"Presidio delle Forze dell'Ordine attivo sul territorio per la ricezione di denunce, segnalazioni e tutela immediata. In caso di pericolo immediato, comporre il 112.",45.5749254,9.0737136
Polizia Locale,Polizia di Stato,Indirizzo non disponibile,112 / 113,,In genere H24 o secondo orari di caserma,"Presidio delle Forze dell'Ordine attivo sul territorio per la ricezione di denunce, segnalazioni e tutela immediata. In caso di pericolo immediato, comporre il 112.",45.4029396,9.493515
Polizia Stradale - COA,Polizia di Stato,Indirizzo non disponibile,112 / 113,,In genere H24 o secondo orari di caserma,"Presidio delle Forze dell'Ordine attivo sul territorio per la ricezione di denunce, segnalazioni e tutela immediata. In caso di pericolo immediato, comporre il 112.",45.5297161,9.1505555
Reparto Mobile Polizia di Stato,Polizia di Stato,Indirizzo non disponibile,112 / 113,,In genere H24 o secondo orari di caserma,"Presidio delle Forze dell'Ordine attivo sul territorio per la ricezione di denunce, segnalazioni e tutela immediata. In caso di pericolo immediato, comporre il 112.",45.5213978,9.2026837
Questura di Milano,Polizia di Stato,"Via Fatebenefratelli 11, 20121, Milano",+39 02 6226 5327; +39 02 6226 5521,,In genere H24 o secondo orari di caserma,"Presidio delle Forze dell'Ordine attivo sul territorio per la ricezione di denunce, segnalazioni e tutela immediata. In caso di pericolo immediato, comporre il 112.",45.4730457,9.1920844
Carabinieri - Comando Compagnia Gallarate,Arma dei Carabinieri,"Largo Francesco Verrotti di Pianella 1, 21013, Gallarate",+39 0331 759100,https://www.carabinieri.it/,24/7,"Presidio delle Forze dell'Ordine attivo sul territorio per la ricezione di denunce, segnalazioni e tutela immediata. In caso di pericolo immediato, comporre il 112.",45.6537519,8.78326
Polizia di Stato,Polizia di Stato,Via Giovanni Giolitti 24,112 / 113,,In genere H24 o secondo orari di caserma,"Presidio delle Forze dell'Ordine attivo sul territorio per la ricezione di denunce, segnalazioni e tutela immediata. In caso di pericolo immediato, comporre il 112.",45.4009283,9.2763842
Polizia Provinciale - Comando Legnano,Polizia di Stato,Indirizzo non disponibile,112 / 113,,In genere H24 o secondo orari di caserma,"Presidio delle Forze dell'Ordine attivo sul territorio per la ricezione di denunce, segnalazioni e tutela immediata. In caso di pericolo immediato, comporre il 112.",45.6016525,8.9113379
Polizia di Stato,Polizia di Stato,Indirizzo non disponibile,112 / 113,,In genere H24 o secondo orari di caserma,"Presidio delle Forze dell'Ordine attivo sul territorio per la ricezione di denunce, segnalazioni e tutela immediata. In caso di pericolo immediato, comporre il 112.",44.9849147,10.414359
Comando Polizia Locale Città S.Angelo Lodigiano,Polizia di Stato,"Piazza Dante Alighieri, 26866, Sant'Angelo Lodigiano",112 / 113,,In genere H24 o secondo orari di caserma,"Presidio delle Forze dell'Ordine attivo sul territorio per la ricezione di denunce, segnalazioni e tutela immediata. In caso di pericolo immediato, comporre il 112.",45.238022,9.4108423
Commissariato di Pubblica Sicurezza Bonola,Polizia di Stato,Indirizzo non disponibile,112 / 113,,In genere H24 o secondo orari di caserma,"Presidio delle Forze dell'Ordine attivo sul territorio per la ricezione di denunce, segnalazioni e tutela immediata. In caso di pericolo immediato, comporre il 112.",45.4996,9.102847
Polizia Locale,Polizia di Stato,Indirizzo non disponibile,112 / 113,,In genere H24 o secondo orari di caserma,"Presidio delle Forze dell'Ordine attivo sul territorio per la ricezione di denunce, segnalazioni e tutela immediata. In caso di pericolo immediato, comporre il 112.",45.7246472,8.6319647
Carabinieri Comando Stazione Mozzate,Arma dei Carabinieri,"Via Enrico Galvaligi, 22076, Mozzate",+390331830191,https://www.carabinieri.it/,Mo-Su 08:00-20:00,"Presidio delle Forze dell'Ordine attivo sul territorio per la ricezione di denunce, segnalazioni e tutela immediata. In caso di pericolo immediato, comporre il 112.",45.6721099,8.9596202
Polizia Locale,Polizia di Stato,"Via Uguaglianza 1, 21029, Vergiate",112 / 113,,In genere H24 o secondo orari di caserma,"Presidio delle Forze dell'Ordine attivo sul territorio per la ricezione di denunce, segnalazioni e tutela immediata. In caso di pericolo immediato, comporre il 112.",45.7214643,8.6949271
Posto Polizia Ferroviaria,Polizia di Stato,Indirizzo non disponibile,112 / 113,,In genere H24 o secondo orari di caserma,"Presidio delle Forze dell'Ordine attivo sul territorio per la ricezione di denunce, segnalazioni e tutela immediata. In caso di pericolo immediato, comporre il 112.",45.1430423,10.0190095
Polizia Locale,Polizia di Stato,"Via Ventisei Agosto 6, 21040, Morazzone",+39 0332 873170,,In genere H24 o secondo orari di caserma,"Presidio delle Forze dell'Ordine attivo sul territorio per la ricezione di denunce, segnalazioni e tutela immediata. In caso di pericolo immediato, comporre il 112.",45.7653387,8.8325923
Stazione Carabinieri,Arma dei Carabinieri,Indirizzo non disponibile,112 / 113,,In genere H24 o secondo orari di caserma,"Presidio delle Forze dell'Ordine attivo sul territorio per la ricezione di denunce, segnalazioni e tutela immediata. In caso di pericolo immediato, comporre il 112.",45.9769712,9.2583046
Caserma dei Carabinieri,Arma dei Carabinieri,Indirizzo non disponibile,112 / 113,,In genere H24 o secondo orari di caserma,"Presidio delle Forze dell'Ordine attivo sul territorio per la ricezione di denunce, segnalazioni e tutela immediata. In caso di pericolo immediato, comporre il 112.",45.0101683,8.9302049
Carabinieri - Comando Stazione di Zavattarello,Arma dei Carabinieri,Indirizzo non disponibile,+39 0383 589133,,In genere H24 o secondo orari di caserma,"Presidio delle Forze dell'Ordine attivo sul territorio per la ricezione di denunce, segnalazioni e tutela immediata. In caso di pericolo immediato, comporre il 112.",44.8682062,9.2657606
Stazione Carabinieri di Vergiate,Arma dei Carabinieri,"Via Giuseppe Di Vittorio, 21029, Vergiate",112 / 113,,In genere H24 o secondo orari di caserma,"Presidio delle Forze dell'Ordine attivo sul territorio per la ricezione di denunce, segnalazioni e tutela immediata. In caso di pericolo immediato, comporre il 112.",45.7225255,8.7066588
Polizia Locale,Polizia di Stato,Indirizzo non disponibile,112 / 113,,In genere H24 o secondo orari di caserma,"Presidio delle Forze dell'Ordine attivo sul territorio per la ricezione di denunce, segnalazioni e tutela immediata. In caso di pericolo immediato, comporre il 112.",45.6645396,8.8910259
Comando Stazione Carabinieri di Gorla Minore,Arma dei Carabinieri,"Via San Martino di Tours 5, 21055, Gorla Minore",+39 0331 601003,https://www.carabinieri.it/,Mo-Su 08:00-20:00,"Presidio delle Forze dell'Ordine attivo sul territorio per la ricezione di denunce, segnalazioni e tutela immediata. In caso di pericolo immediato, comporre il 112.",45.6432013,8.8978019
Polizia Locale,Polizia di Stato,"Via San Martino di Tours 11, 21055, Gorla Minore",112 / 113,,In genere H24 o secondo orari di caserma,"Presidio delle Forze dell'Ordine attivo sul territorio per la ricezione di denunce, segnalazioni e tutela immediata. In caso di pericolo immediato, comporre il 112.",45.6431159,8.897444
Polizia Locale,Polizia di Stato,Via Valle 12,+39 0332 550723,,"Mo,Fr 10:00-12:00; Tu-Th,Su closed; PH closed; Sa 08:30-09:30","Presidio delle Forze dell'Ordine attivo sul territorio per la ricezione di denunce, segnalazioni e tutela immediata. In caso di pericolo immediato, comporre il 112.",45.9662481,8.8545772
Polizia Locale di Lungavilla,Polizia di Stato,Indirizzo non disponibile,112 / 113,,In genere H24 o secondo orari di caserma,"Presidio delle Forze dell'Ordine attivo sul territorio per la ricezione di denunce, segnalazioni e tutela immediata. In caso di pericolo immediato, comporre il 112.",45.042655,9.0810996
Comando Polizia Municipale Uboldo,Polizia di Stato,Indirizzo non disponibile,112 / 113,,In genere H24 o secondo orari di caserma,"Presidio delle Forze dell'Ordine attivo sul territorio per la ricezione di denunce, segnalazioni e tutela immediata. In caso di pericolo immediato, comporre il 112.",45.6106842,9.0028684
Carabinieri Forestali,Arma dei Carabinieri,Indirizzo non disponibile,112 / 113,,In genere H24 o secondo orari di caserma,"Presidio delle Forze dell'Ordine attivo sul territorio per la ricezione di denunce, segnalazioni e tutela immediata. In caso di pericolo immediato, comporre il 112.",45.5806606,10.4381782
Commissariato Città Studi,Polizia di Stato,Indirizzo non disponibile,112 / 113,,In genere H24 o secondo orari di caserma,"Presidio delle Forze dell'Ordine attivo sul territorio per la ricezione di denunce, segnalazioni e tutela immediata. In caso di pericolo immediato, comporre il 112.",45.4763857,9.2090382
Comando Polizia Municipale Cogliate,Polizia di Stato,Indirizzo non disponibile,112 / 113,,In genere H24 o secondo orari di caserma,"Presidio delle Forze dell'Ordine attivo sul territorio per la ricezione di denunce, segnalazioni e tutela immediata. In caso di pericolo immediato, comporre il 112.",45.6478695,9.0785231
Polizia locale,Polizia di Stato,"Via Giacomo Matteotti 8, 20823, Lentate sul Seveso",+390362515218,https://comune.lentatesulseveso.mb.it/amministrazione/unita-organizzativa/settore-polizia-locale-e-sicurezza/polizia-locale/,"Mo-Tu 09:00-12:30, Th 17:00-18:00","Presidio delle Forze dell'Ordine attivo sul territorio per la ricezione di denunce, segnalazioni e tutela immediata. In caso di pericolo immediato, comporre il 112.",45.6777824,9.1194365
Polizia Locale,Polizia di Stato,Indirizzo non disponibile,112 / 113,,In genere H24 o secondo orari di caserma,"Presidio delle Forze dell'Ordine attivo sul territorio per la ricezione di denunce, segnalazioni e tutela immediata. In caso di pericolo immediato, comporre il 112.",45.4821728,9.0536393
Polizia Locale,Polizia di Stato,Indirizzo non disponibile,112 / 113,,In genere H24 o secondo orari di caserma,"Presidio delle Forze dell'Ordine attivo sul territorio per la ricezione di denunce, segnalazioni e tutela immediata. In caso di pericolo immediato, comporre il 112.",45.8069785,8.6752056
Stazione Carabinieri Milano Porta Garibaldi,Arma dei Carabinieri,"Via Copernico 32, 20125, Milano",112 / 113,,In genere H24 o secondo orari di caserma,"Presidio delle Forze dell'Ordine attivo sul territorio per la ricezione di denunce, segnalazioni e tutela immediata. In caso di pericolo immediato, comporre il 112.",45.4904396,9.2041482
Comando Stazione Carabinieri Affori,Arma dei Carabinieri,Indirizzo non disponibile,112 / 113,,In genere H24 o secondo orari di caserma,"Presidio delle Forze dell'Ordine attivo sul territorio per la ricezione di denunce, segnalazioni e tutela immediata. In caso di pericolo immediato, comporre il 112.",45.5166915,9.1683457
Stazione Carabinieri Crescenzago,Arma dei Carabinieri,"Via Padova, 20132, Milano",+39 02 27207080,https://www.carabinieri.it/,In genere H24 o secondo orari di caserma,"Presidio delle Forze dell'Ordine attivo sul territorio per la ricezione di denunce, segnalazioni e tutela immediata. In caso di pericolo immediato, comporre il 112.",45.5070831,9.2442316
"Comando Regione Carabinieri Forestale ""Lombardia""",Arma dei Carabinieri,Indirizzo non disponibile,112 / 113,,In genere H24 o secondo orari di caserma,"Presidio delle Forze dell'Ordine attivo sul territorio per la ricezione di denunce, segnalazioni e tutela immediata. In caso di pericolo immediato, comporre il 112.",45.4830085,9.2050929
Polizia di Stato,Polizia di Stato,Indirizzo non disponibile,112 / 113,,In genere H24 o secondo orari di caserma,"Presidio delle Forze dell'Ordine attivo sul territorio per la ricezione di denunce, segnalazioni e tutela immediata. In caso di pericolo immediato, comporre il 112.",45.6598475,9.9547118
Polizia Ferroviaria,Polizia di Stato,Indirizzo non disponibile,112 / 113,,In genere H24 o secondo orari di caserma,"Presidio delle Forze dell'Ordine attivo sul territorio per la ricezione di denunce, segnalazioni e tutela immediata. In caso di pericolo immediato, comporre il 112.",45.5078746,9.214026
Polizia Locale,Polizia di Stato,"Via Sardegna 10, 21020, Buguggiate",112 / 113,,In genere H24 o secondo orari di caserma,"Presidio delle Forze dell'Ordine attivo sul territorio per la ricezione di denunce, segnalazioni e tutela immediata. In caso di pericolo immediato, comporre il 112.",45.7843755,8.8072748
Carabinieri,Arma dei Carabinieri,Indirizzo non disponibile,112 / 113,,In genere H24 o secondo orari di caserma,"Presidio delle Forze dell'Ordine attivo sul territorio per la ricezione di denunce, segnalazioni e tutela immediata. In caso di pericolo immediato, comporre il 112.",45.2257758,10.5330278
Polizia Locale,Polizia di Stato,Assago,112 / 113,,In genere H24 o secondo orari di caserma,"Presidio delle Forze dell'Ordine attivo sul territorio per la ricezione di denunce, segnalazioni e tutela immediata. In caso di pericolo immediato, comporre il 112.",45.4043752,9.1311031
Commissariato Busto Arsizio,Polizia di Stato,Indirizzo non disponibile,112 / 113,,In genere H24 o secondo orari di caserma,"Presidio delle Forze dell'Ordine attivo sul territorio per la ricezione di denunce, segnalazioni e tutela immediata. In caso di pericolo immediato, comporre il 112.",45.6086925,8.8531189
Polizia Locale,Polizia di Stato,Indirizzo non disponibile,112 / 113,,In genere H24 o secondo orari di caserma,"Presidio delle Forze dell'Ordine attivo sul territorio per la ricezione di denunce, segnalazioni e tutela immediata. In caso di pericolo immediato, comporre il 112.",46.4678091,10.3758449
Polizia Locale,Polizia di Stato,"Largo Porta Nuova 17, 24122, Bergamo",112 / 113,,In genere H24 o secondo orari di caserma,"Presidio delle Forze dell'Ordine attivo sul territorio per la ricezione di denunce, segnalazioni e tutela immediata. In caso di pericolo immediato, comporre il 112.",45.6942193,9.6703896
Comando Polizia Locale,Polizia di Stato,"Via Quattro Novembre 16, 22060, Cabiate",+39031769324,https://www.comune.cabiate.co.it/Vivere-il-comune/Luoghi/Sede-Area-Vigilanza,Tu 10:00-13:00; Th 16:00-18:30; Fr 16:00-18:30,"Presidio delle Forze dell'Ordine attivo sul territorio per la ricezione di denunce, segnalazioni e tutela immediata. In caso di pericolo immediato, comporre il 112.",45.6765182,9.1693417
Polizia di Stato,Polizia di Stato,Indirizzo non disponibile,112 / 113,,In genere H24 o secondo orari di caserma,"Presidio delle Forze dell'Ordine attivo sul territorio per la ricezione di denunce, segnalazioni e tutela immediata. In caso di pericolo immediato, comporre il 112.",45.4915581,10.608444
Guardia di Finanza,Forze dell'Ordine,Indirizzo non disponibile,112 / 113,,In genere H24 o secondo orari di caserma,"Presidio delle Forze dell'Ordine attivo sul territorio per la ricezione di denunce, segnalazioni e tutela immediata. In caso di pericolo immediato, comporre il 112.",45.6122719,8.8449963
Carabinieri,Arma dei Carabinieri,Indirizzo non disponibile,112 / 113,,In genere H24 o secondo orari di caserma,"Presidio delle Forze dell'Ordine attivo sul territorio per la ricezione di denunce, segnalazioni e tutela immediata. In caso di pericolo immediato, comporre il 112.",46.1504077,10.1442242
Polizia locale,Polizia di Stato,"Piazza Quattro Novembre 7, 20034, San Giorgio su Legnano",112 / 113,,In genere H24 o secondo orari di caserma,"Presidio delle Forze dell'Ordine attivo sul territorio per la ricezione di denunce, segnalazioni e tutela immediata. In caso di pericolo immediato, comporre il 112.",45.5765369,8.9167347
Polizia Locale,Polizia di Stato,"Via Arciprete Acerbis 2, 24020, Vilminore di Scalve",112 / 113,,In genere H24 o secondo orari di caserma,"Presidio delle Forze dell'Ordine attivo sul territorio per la ricezione di denunce, segnalazioni e tutela immediata. In caso di pericolo immediato, comporre il 112.",45.9975487,10.0924965
Carabinieri Comando Provinciale Mantova,Arma dei Carabinieri,"Via Giovanni Chiassi 29, 46100, Mantova",112 / 113,,In genere H24 o secondo orari di caserma,"Presidio delle Forze dell'Ordine attivo sul territorio per la ricezione di denunce, segnalazioni e tutela immediata. In caso di pericolo immediato, comporre il 112.",45.1559172,10.7893114
Polizia Locale,Polizia di Stato,Piazza Giovanni XXIII,112 / 113,,In genere H24 o secondo orari di caserma,"Presidio delle Forze dell'Ordine attivo sul territorio per la ricezione di denunce, segnalazioni e tutela immediata. In caso di pericolo immediato, comporre il 112.",45.7529167,9.2223568
Guardia di Finanza,Forze dell'Ordine,"Via Lugano 2, 21050",112 / 113,,In genere H24 o secondo orari di caserma,"Presidio delle Forze dell'Ordine attivo sul territorio per la ricezione di denunce, segnalazioni e tutela immediata. In caso di pericolo immediato, comporre il 112.",45.8330417,8.9097803
Polizia locale,Polizia di Stato,Via Amedeo di Savoia 7,+39 035 419 1430,https://www.comune.ciserano.bg.it/amministrazione/uffici/polizia-locale,"Tu,Th 13:30-14:30","Presidio delle Forze dell'Ordine attivo sul territorio per la ricezione di denunce, segnalazioni e tutela immediata. In caso di pericolo immediato, comporre il 112.",45.584096,9.5994075
Elachem,Forze dell'Ordine,"Corso Torino 129, 27029",112 / 113,,In genere H24 o secondo orari di caserma,"Presidio delle Forze dell'Ordine attivo sul territorio per la ricezione di denunce, segnalazioni e tutela immediata. In caso di pericolo immediato, comporre il 112.",45.3024403,8.8328012
Polizia Locale,Polizia di Stato,Indirizzo non disponibile,112 / 113,,In genere H24 o secondo orari di caserma,"Presidio delle Forze dell'Ordine attivo sul territorio per la ricezione di denunce, segnalazioni e tutela immediata. In caso di pericolo immediato, comporre il 112.",45.5537258,9.4358429
Polizia Locale,Polizia di Stato,Indirizzo non disponibile,112 / 113,,In genere H24 o secondo orari di caserma,"Presidio delle Forze dell'Ordine attivo sul territorio per la ricezione di denunce, segnalazioni e tutela immediata. In caso di pericolo immediato, comporre il 112.",46.5240492,10.1276666
Polizia Locale Como,Polizia di Stato,Indirizzo non disponibile,112 / 113,,In genere H24 o secondo orari di caserma,"Presidio delle Forze dell'Ordine attivo sul territorio per la ricezione di denunce, segnalazioni e tutela immediata. In caso di pericolo immediato, comporre il 112.",45.8082385,9.0760012
Polizia Locale Chiesa Valmalenco,Polizia di Stato,Indirizzo non disponibile,112 / 113,,In genere H24 o secondo orari di caserma,"Presidio delle Forze dell'Ordine attivo sul territorio per la ricezione di denunce, segnalazioni e tutela immediata. In caso di pericolo immediato, comporre il 112.",46.2636941,9.8492363
Polizia Postale e delle Comunicazioni,Polizia di Stato,Indirizzo non disponibile,112 / 113,,In genere H24 o secondo orari di caserma,"Presidio delle Forze dell'Ordine attivo sul territorio per la ricezione di denunce, segnalazioni e tutela immediata. In caso di pericolo immediato, comporre il 112.",45.4590999,9.1579136
Polizia Ferroviaria,Polizia di Stato,"Piazza Libertà, 20017, Rho",112 / 113,,In genere H24 o secondo orari di caserma,"Presidio delle Forze dell'Ordine attivo sul territorio per la ricezione di denunce, segnalazioni e tutela immediata. In caso di pericolo immediato, comporre il 112.",45.5238751,9.0429477
Stazione Carabinieri di Seveso,Arma dei Carabinieri,"Via Europa Unita 13, 20822, Seveso",112 / 113,,In genere H24 o secondo orari di caserma,"Presidio delle Forze dell'Ordine attivo sul territorio per la ricezione di denunce, segnalazioni e tutela immediata. In caso di pericolo immediato, comporre il 112.",45.6444707,9.1450544
Polizia Locale Seveso,Polizia di Stato,"Piazza Venticinque Aprile 1, 20822, Seveso",112 / 113,https://comune.seveso.mb.it/it/unita_organizzative/comando-di-polizia-locale,In genere H24 o secondo orari di caserma,"Presidio delle Forze dell'Ordine attivo sul territorio per la ricezione di denunce, segnalazioni e tutela immediata. In caso di pericolo immediato, comporre il 112.",45.6477051,9.1384165
Polizia ferroviaria,Polizia di Stato,Indirizzo non disponibile,+39 02 3932 6130,,In genere H24 o secondo orari di caserma,"Presidio delle Forze dell'Ordine attivo sul territorio per la ricezione di denunce, segnalazioni e tutela immediata. In caso di pericolo immediato, comporre il 112.",45.5029027,9.1591269
Polizia municipale,Polizia di Stato,Indirizzo non disponibile,112 / 113,,In genere H24 o secondo orari di caserma,"Presidio delle Forze dell'Ordine attivo sul territorio per la ricezione di denunce, segnalazioni e tutela immediata. In caso di pericolo immediato, comporre il 112.",45.4501748,10.0766502
Polizia di Stato,Polizia di Stato,Indirizzo non disponibile,112 / 113,,In genere H24 o secondo orari di caserma,"Presidio delle Forze dell'Ordine attivo sul territorio per la ricezione di denunce, segnalazioni e tutela immediata. In caso di pericolo immediato, comporre il 112.",45.5138375,10.3167098
Questura di Milano - Ufficio Immigrazione,Polizia di Stato,"Via Montebello 28, 20121, Milano",112 / 113,,In genere H24 o secondo orari di caserma,"Presidio delle Forze dell'Ordine attivo sul territorio per la ricezione di denunce, segnalazioni e tutela immediata. In caso di pericolo immediato, comporre il 112.",45.4747279,9.1924948
Comando Carabinieri Compagnia Abbiategrasso,Arma dei Carabinieri,"Viale Giuseppe Mazzini 98/100, 20081, Abbiategrasso",+39 02 9401 0100,,24/7,"Presidio delle Forze dell'Ordine attivo sul territorio per la ricezione di denunce, segnalazioni e tutela immediata. In caso di pericolo immediato, comporre il 112.",45.3990265,8.932267
Polizia Locale,Polizia di Stato,Indirizzo non disponibile,112 / 113,,In genere H24 o secondo orari di caserma,"Presidio delle Forze dell'Ordine attivo sul territorio per la ricezione di denunce, segnalazioni e tutela immediata. In caso di pericolo immediato, comporre il 112.",45.4875741,8.9709374
Polizia locale,Polizia di Stato,Indirizzo non disponibile,112 / 113,,In genere H24 o secondo orari di caserma,"Presidio delle Forze dell'Ordine attivo sul territorio per la ricezione di denunce, segnalazioni e tutela immediata. In caso di pericolo immediato, comporre il 112.",45.5983494,9.1556065
Caserma Mazzotta,Forze dell'Ordine,Via San Bernardino,112 / 113,,In genere H24 o secondo orari di caserma,"Presidio delle Forze dell'Ordine attivo sul territorio per la ricezione di denunce, segnalazioni e tutela immediata. In caso di pericolo immediato, comporre il 112.",45.8420232,8.9129234
Polizia Locale - Inverigo,Polizia di Stato,Indirizzo non disponibile,112 / 113,,In genere H24 o secondo orari di caserma,"Presidio delle Forze dell'Ordine attivo sul territorio per la ricezione di denunce, segnalazioni e tutela immediata. In caso di pericolo immediato, comporre il 112.",45.7347883,9.2163408
Comando Stazione Carabinieri,Arma dei Carabinieri,Corso Martiri della Liberazione 22,112 / 113,,In genere H24 o secondo orari di caserma,"Presidio delle Forze dell'Ordine attivo sul territorio per la ricezione di denunce, segnalazioni e tutela immediata. In caso di pericolo immediato, comporre il 112.",45.8509842,9.3929784
Polizia Stradale Lecco,Polizia di Stato,Corso Martiri della Liberazione 18,112 / 113,,In genere H24 o secondo orari di caserma,"Presidio delle Forze dell'Ordine attivo sul territorio per la ricezione di denunce, segnalazioni e tutela immediata. In caso di pericolo immediato, comporre il 112.",45.8511671,9.3927968
Polizia locale,Polizia di Stato,"Piazza Roma 1, Albavilla",+39 0313354340,,"Mo-Fr 11:30-12:30,17:15-17:45; Sa 11:30-12:30","Presidio delle Forze dell'Ordine attivo sul territorio per la ricezione di denunce, segnalazioni e tutela immediata. In caso di pericolo immediato, comporre il 112.",45.8024186,9.1877025
Presidio Forze dell'Ordine,Forze dell'Ordine,Indirizzo non disponibile,112 / 113,,In genere H24 o secondo orari di caserma,"Presidio delle Forze dell'Ordine attivo sul territorio per la ricezione di denunce, segnalazioni e tutela immediata. In caso di pericolo immediato, comporre il 112.",45.8485587,9.3623321
Ufficio Passaporti Luino,Polizia di Stato,"Piazza Guglielmo Marconi 13, 21016, Luino",+39 0332 511482,https://questure.poliziadistato.it/servizio/uffici/5730dc9d2742e238488201,"Mo,We,Fr 09:00-12:00; Tu 09:00-12:00,15:00-17:00; Th 15:00-17:00; Sa-Su closed; PH closed","Presidio delle Forze dell'Ordine attivo sul territorio per la ricezione di denunce, segnalazioni e tutela immediata. In caso di pericolo immediato, comporre il 112.",45.9968779,8.7371664
Carabinieri - Comando Compagnia Milano Duomo,Arma dei Carabinieri,"Via Fosse Ardeatine 4, 20123, Milano",112 / 113,,In genere H24 o secondo orari di caserma,"Presidio delle Forze dell'Ordine attivo sul territorio per la ricezione di denunce, segnalazioni e tutela immediata. In caso di pericolo immediato, comporre il 112.",45.4625819,9.1848412
Polizia di Stato - Commissariato Centro,Polizia di Stato,Indirizzo non disponibile,112 / 113,,In genere H24 o secondo orari di caserma,"Presidio delle Forze dell'Ordine attivo sul territorio per la ricezione di denunce, segnalazioni e tutela immediata. In caso di pericolo immediato, comporre il 112.",45.4628284,9.1850397
Comando Stazione Carabinieri Orzinuovi,Arma dei Carabinieri,Indirizzo non disponibile,112 / 113,,In genere H24 o secondo orari di caserma,"Presidio delle Forze dell'Ordine attivo sul territorio per la ricezione di denunce, segnalazioni e tutela immediata. In caso di pericolo immediato, comporre il 112.",45.4031739,9.9195064
Polizia di Stato - Commissariato Legnano,Polizia di Stato,"Via Monsignor Eugenio Gilardelli 1, 20025, Legnano",112 / 113,,In genere H24 o secondo orari di caserma,"Presidio delle Forze dell'Ordine attivo sul territorio per la ricezione di denunce, segnalazioni e tutela immediata. In caso di pericolo immediato, comporre il 112.",45.5952183,8.91984
Stazione Carabinieri Forestale,Arma dei Carabinieri,Indirizzo non disponibile,112 / 113,,In genere H24 o secondo orari di caserma,"Presidio delle Forze dell'Ordine attivo sul territorio per la ricezione di denunce, segnalazioni e tutela immediata. In caso di pericolo immediato, comporre il 112.",45.9468145,10.2056438
Polizia Stradale - Compartimento Polizia Stradale Lombardia,Polizia di Stato,"Via Jacopino da Tradate 1, 20155, Milano",112 / 113,,In genere H24 o secondo orari di caserma,"Presidio delle Forze dell'Ordine attivo sul territorio per la ricezione di denunce, segnalazioni e tutela immediata. In caso di pericolo immediato, comporre il 112.",45.4946599,9.1519207
Polizia locale,Polizia di Stato,Indirizzo non disponibile,112 / 113,,In genere H24 o secondo orari di caserma,"Presidio delle Forze dell'Ordine attivo sul territorio per la ricezione di denunce, segnalazioni e tutela immediata. In caso di pericolo immediato, comporre il 112.",45.8151441,10.7931666
Compartimento Polizia Ferroviaria Lombarda,Polizia di Stato,Indirizzo non disponibile,112 / 113,,In genere H24 o secondo orari di caserma,"Presidio delle Forze dell'Ordine attivo sul territorio per la ricezione di denunce, segnalazioni e tutela immediata. In caso di pericolo immediato, comporre il 112.",45.158985,10.7840565
Polizia Locale,Polizia di Stato,"Via della Repubblica 80, 20026, Novate Milanese",112 / 113,,In genere H24 o secondo orari di caserma,"Presidio delle Forze dell'Ordine attivo sul territorio per la ricezione di denunce, segnalazioni e tutela immediata. In caso di pericolo immediato, comporre il 112.",45.5316419,9.1367943
Polizia Locale,Polizia di Stato,Indirizzo non disponibile,112 / 113,,In genere H24 o secondo orari di caserma,"Presidio delle Forze dell'Ordine attivo sul territorio per la ricezione di denunce, segnalazioni e tutela immediata. In caso di pericolo immediato, comporre il 112.",45.2336922,9.1799019
Polizia Locale,Polizia di Stato,Indirizzo non disponibile,112 / 113,,In genere H24 o secondo orari di caserma,"Presidio delle Forze dell'Ordine attivo sul territorio per la ricezione di denunce, segnalazioni e tutela immediata. In caso di pericolo immediato, comporre il 112.",45.6500878,9.2020208
Polizia Municipale,Polizia di Stato,Indirizzo non disponibile,112 / 113,,In genere H24 o secondo orari di caserma,"Presidio delle Forze dell'Ordine attivo sul territorio per la ricezione di denunce, segnalazioni e tutela immediata. In caso di pericolo immediato, comporre il 112.",45.5853488,10.2153064
Polizia Locale Pero,Polizia di Stato,"Via Gabriele D'Annunzio 5, 20016, Pero",+39 02 35371132,,In genere H24 o secondo orari di caserma,"Presidio delle Forze dell'Ordine attivo sul territorio per la ricezione di denunce, segnalazioni e tutela immediata. In caso di pericolo immediato, comporre il 112.",45.5106138,9.0887538
Comando Provinciale Guardia di Finanza,Forze dell'Ordine,"Corso Giuseppe Garibaldi 74, 27100, Pavia",112 / 113,,In genere H24 o secondo orari di caserma,"Presidio delle Forze dell'Ordine attivo sul territorio per la ricezione di denunce, segnalazioni e tutela immediata. In caso di pericolo immediato, comporre il 112.",45.1813891,9.1658515
Comando Provinciale Polizia Tributaria,Polizia di Stato,"Corso Giuseppe Garibaldi 74, 27100, Pavia",112 / 113,,In genere H24 o secondo orari di caserma,"Presidio delle Forze dell'Ordine attivo sul territorio per la ricezione di denunce, segnalazioni e tutela immediata. In caso di pericolo immediato, comporre il 112.",45.18139,9.165619
Polizia Locale,Polizia di Stato,Indirizzo non disponibile,112 / 113,,In genere H24 o secondo orari di caserma,"Presidio delle Forze dell'Ordine attivo sul territorio per la ricezione di denunce, segnalazioni e tutela immediata. In caso di pericolo immediato, comporre il 112.",45.5684213,9.1663957
Polizia locale,Polizia di Stato,Indirizzo non disponibile,112 / 113,,Mo-Sa 10:00-12:00,"Presidio delle Forze dell'Ordine attivo sul territorio per la ricezione di denunce, segnalazioni e tutela immediata. In caso di pericolo immediato, comporre il 112.",45.8135602,9.2828976
Polizia Ferroviaria,Polizia di Stato,Indirizzo non disponibile,112 / 113,,In genere H24 o secondo orari di caserma,"Presidio delle Forze dell'Ordine attivo sul territorio per la ricezione di denunce, segnalazioni e tutela immediata. In caso di pericolo immediato, comporre il 112.",45.8564411,9.3933561
Polizia Locale di Izano,Polizia di Stato,Indirizzo non disponibile,112 / 113,,In genere H24 o secondo orari di caserma,"Presidio delle Forze dell'Ordine attivo sul territorio per la ricezione di denunce, segnalazioni e tutela immediata. In caso di pericolo immediato, comporre il 112.",45.3558273,9.7551154
Comando Carabinieri Tutela Patrimonio Culturale,Arma dei Carabinieri,"Viale Brianza 2, 20052, Monza",+39 039 2303997,https://www.carabinieri.it/cittadino/tutela/patrimonio-culturale/articolazione/nucleo-tpc-di-milano,In genere H24 o secondo orari di caserma,"Presidio delle Forze dell'Ordine attivo sul territorio per la ricezione di denunce, segnalazioni e tutela immediata. In caso di pericolo immediato, comporre il 112.",45.5941907,9.2730916
Comando Stazione Carabinieri Lacchiarella,Arma dei Carabinieri,"Via Venticinque Aprile 2, 20084, Lacchiarella",+39 02 9008003,,In genere H24 o secondo orari di caserma,"Presidio delle Forze dell'Ordine attivo sul territorio per la ricezione di denunce, segnalazioni e tutela immediata. In caso di pericolo immediato, comporre il 112.",45.3213688,9.1403718
Polizia Locale Opera,Polizia di Stato,"Via Dante Alighieri, 20090, Opera",112 / 113,,In genere H24 o secondo orari di caserma,"Presidio delle Forze dell'Ordine attivo sul territorio per la ricezione di denunce, segnalazioni e tutela immediata. In caso di pericolo immediato, comporre il 112.",45.3772804,9.2100971
Polizia Locale Pioltello,Polizia di Stato,Indirizzo non disponibile,112 / 113,,In genere H24 o secondo orari di caserma,"Presidio delle Forze dell'Ordine attivo sul territorio per la ricezione di denunce, segnalazioni e tutela immediata. In caso di pericolo immediato, comporre il 112.",45.5024446,9.3241422
Polizia Municipale (sede di quartiere),Polizia di Stato,Indirizzo non disponibile,112 / 113,,In genere H24 o secondo orari di caserma,"Presidio delle Forze dell'Ordine attivo sul territorio per la ricezione di denunce, segnalazioni e tutela immediata. In caso di pericolo immediato, comporre il 112.",45.160515,10.8238005
Polizia Locale,Polizia di Stato,"Viale Resistenza 5, 27100, Pavia",+39 0382 5451,,In genere H24 o secondo orari di caserma,"Presidio delle Forze dell'Ordine attivo sul territorio per la ricezione di denunce, segnalazioni e tutela immediata. In caso di pericolo immediato, comporre il 112.",45.1796132,9.165876
Polizia ferroviaria,Polizia di Stato,Indirizzo non disponibile,112 / 113,,In genere H24 o secondo orari di caserma,"Presidio delle Forze dell'Ordine attivo sul territorio per la ricezione di denunce, segnalazioni e tutela immediata. In caso di pericolo immediato, comporre il 112.",45.1892642,9.1457021
Polizia di Stato,Polizia di Stato,Indirizzo non disponibile,112 / 113,,In genere H24 o secondo orari di caserma,"Presidio delle Forze dell'Ordine attivo sul territorio per la ricezione di denunce, segnalazioni e tutela immediata. In caso di pericolo immediato, comporre il 112.",45.167109,9.5803708
Stazione Carabinieri San Martino Siccomario,Arma dei Carabinieri,"Via Lombardia 3, 27028, San Martino Siccomario",+39 0382 23695,,Mo-Su 08:00-22:00,"Presidio delle Forze dell'Ordine attivo sul territorio per la ricezione di denunce, segnalazioni e tutela immediata. In caso di pericolo immediato, comporre il 112.",45.1609646,9.1351513
Stazione Carabinieri Pavia,Arma dei Carabinieri,"Piazza San Pietro in Ciel d'Oro 4, 27100, Pavia",+39 0382 5341,,In genere H24 o secondo orari di caserma,"Presidio delle Forze dell'Ordine attivo sul territorio per la ricezione di denunce, segnalazioni e tutela immediata. In caso di pericolo immediato, comporre il 112.",45.1915938,9.1542336
Stazione Carabinieri Forestale Pavia,Arma dei Carabinieri,"Via Camillo Campari 60, 27100, Pavia",+39 0382 472341,,In genere H24 o secondo orari di caserma,"Presidio delle Forze dell'Ordine attivo sul territorio per la ricezione di denunce, segnalazioni e tutela immediata. In caso di pericolo immediato, comporre il 112.",45.1889246,9.1742315
Stazione Carabinieri Sannazzaro De' Burgondi,Arma dei Carabinieri,"Via Pavia 4, 27039, Sannazzaro de' Burgondi",+39 0382 997207,,In genere H24 o secondo orari di caserma,"Presidio delle Forze dell'Ordine attivo sul territorio per la ricezione di denunce, segnalazioni e tutela immediata. In caso di pericolo immediato, comporre il 112.",45.1069824,8.9131736
Stazione Carabinieri Pieve Del Cairo,Arma dei Carabinieri,"Via Monsignor P. Barbieri 8, 27037, Pieve del Cairo",+39 0384 87101,,In genere H24 o secondo orari di caserma,"Presidio delle Forze dell'Ordine attivo sul territorio per la ricezione di denunce, segnalazioni e tutela immediata. In caso di pericolo immediato, comporre il 112.",45.0544019,8.8068115
Carabinieri,Arma dei Carabinieri,"Piazza Monumento 3, 27012, Certosa di Pavia",+39 0382 925203,,In genere H24 o secondo orari di caserma,"Presidio delle Forze dell'Ordine attivo sul territorio per la ricezione di denunce, segnalazioni e tutela immediata. In caso di pericolo immediato, comporre il 112.",45.2561885,9.1463138
Comando Carabinieri Stazione di Siziano,Arma dei Carabinieri,"Via San Rocco 2, 27010, Siziano",+39 0382 67033,,In genere H24 o secondo orari di caserma,"Presidio delle Forze dell'Ordine attivo sul territorio per la ricezione di denunce, segnalazioni e tutela immediata. In caso di pericolo immediato, comporre il 112.",45.3172244,9.2015303
Polizia Locale,Polizia di Stato,"Via Alessandro Manzoni 18, 24020, Castione della Presolana",112 / 113,,In genere H24 o secondo orari di caserma,"Presidio delle Forze dell'Ordine attivo sul territorio per la ricezione di denunce, segnalazioni e tutela immediata. In caso di pericolo immediato, comporre il 112.",45.909204,10.0376372
Polizia Locale Comando Decentrato 4,Polizia di Stato,"Via Oglio 18, 20139, Milano",112 / 113,,In genere H24 o secondo orari di caserma,"Presidio delle Forze dell'Ordine attivo sul territorio per la ricezione di denunce, segnalazioni e tutela immediata. In caso di pericolo immediato, comporre il 112.",45.4404402,9.2178421
Comando Polizia Municipale Lainate,Polizia di Stato,"Via Marche 62, 20020, Lainate",+39 02 9371111,,In genere H24 o secondo orari di caserma,"Presidio delle Forze dell'Ordine attivo sul territorio per la ricezione di denunce, segnalazioni e tutela immediata. In caso di pericolo immediato, comporre il 112.",45.5630932,9.0245486
Polizia Locale,Polizia di Stato,Indirizzo non disponibile,112 / 113,,In genere H24 o secondo orari di caserma,"Presidio delle Forze dell'Ordine attivo sul territorio per la ricezione di denunce, segnalazioni e tutela immediata. In caso di pericolo immediato, comporre il 112.",45.596281,9.0484173
Presidio Forze dell'Ordine,Forze dell'Ordine,Indirizzo non disponibile,112 / 113,,In genere H24 o secondo orari di caserma,"Presidio delle Forze dell'Ordine attivo sul territorio per la ricezione di denunce, segnalazioni e tutela immediata. In caso di pericolo immediato, comporre il 112.",45.8121117,10.7939225
Polizia Municipale,Polizia di Stato,Indirizzo non disponibile,112 / 113,,In genere H24 o secondo orari di caserma,"Presidio delle Forze dell'Ordine attivo sul territorio per la ricezione di denunce, segnalazioni e tutela immediata. In caso di pericolo immediato, comporre il 112.",45.7030052,9.6625421
Polizia municipale,Polizia di Stato,"Via Molino 2, 21052, Busto Arsizio",+39 0331 162 0611,,In genere H24 o secondo orari di caserma,"Presidio delle Forze dell'Ordine attivo sul territorio per la ricezione di denunce, segnalazioni e tutela immediata. In caso di pericolo immediato, comporre il 112.",45.6088871,8.858027
Carabinieri,Arma dei Carabinieri,Indirizzo non disponibile,112 / 113,,In genere H24 o secondo orari di caserma,"Presidio delle Forze dell'Ordine attivo sul territorio per la ricezione di denunce, segnalazioni e tutela immediata. In caso di pericolo immediato, comporre il 112.",45.3159985,9.5077593
Polizia ferroviaria,Polizia di Stato,Indirizzo non disponibile,+39 02 6371 4563,,In genere H24 o secondo orari di caserma,"Presidio delle Forze dell'Ordine attivo sul territorio per la ricezione di denunce, segnalazioni e tutela immediata. In caso di pericolo immediato, comporre il 112.",45.485119,9.2378995
Polizia Postale,Polizia di Stato,"Via della Posta 2, 25121, Brescia",112 / 113,,Mo-Fr 09:00-12:00,"Presidio delle Forze dell'Ordine attivo sul territorio per la ricezione di denunce, segnalazioni e tutela immediata. In caso di pericolo immediato, comporre il 112.",45.5391359,10.2196241
Polizia di Stato,Polizia di Stato,Indirizzo non disponibile,112 / 113,,In genere H24 o secondo orari di caserma,"Presidio delle Forze dell'Ordine attivo sul territorio per la ricezione di denunce, segnalazioni e tutela immediata. In caso di pericolo immediato, comporre il 112.",45.1381924,10.0091161
"Carabinieri - Comando unità forestali, ambientali e agroalimentari",Arma dei Carabinieri,Indirizzo non disponibile,112 / 113,,In genere H24 o secondo orari di caserma,"Presidio delle Forze dell'Ordine attivo sul territorio per la ricezione di denunce, segnalazioni e tutela immediata. In caso di pericolo immediato, comporre il 112.",45.7042556,10.2112743
Polizia municipale,Polizia di Stato,"Via Giacomo Rubini 24, 24058, Romano di Lombardia",112 / 113,https://www.comune.romano.bg.it/,In genere H24 o secondo orari di caserma,"Presidio delle Forze dell'Ordine attivo sul territorio per la ricezione di denunce, segnalazioni e tutela immediata. In caso di pericolo immediato, comporre il 112.",45.5211162,9.7560525
Sezione Polizia stradale,Polizia di Stato,"Via Montevecchia, 20900, Monza",112 / 113,,In genere H24 o secondo orari di caserma,"Presidio delle Forze dell'Ordine attivo sul territorio per la ricezione di denunce, segnalazioni e tutela immediata. In caso di pericolo immediato, comporre il 112.",45.5948918,9.2475947
Polizia Municipale,Polizia di Stato,"Via Antonio Tebaldini 16, 25018, Montichiari",+39 030 9656264,,In genere H24 o secondo orari di caserma,"Presidio delle Forze dell'Ordine attivo sul territorio per la ricezione di denunce, segnalazioni e tutela immediata. In caso di pericolo immediato, comporre il 112.",45.4141705,10.3921001
Stazione dei Carabinieri di Edolo,Arma dei Carabinieri,"Via Generale Giuseppe Treboldi 45, 25048, Edolo",112 / 113,,In genere H24 o secondo orari di caserma,"Presidio delle Forze dell'Ordine attivo sul territorio per la ricezione di denunce, segnalazioni e tutela immediata. In caso di pericolo immediato, comporre il 112.",46.1782714,10.3247109
Polizia di Stato,Polizia di Stato,Indirizzo non disponibile,112 / 113,,In genere H24 o secondo orari di caserma,"Presidio delle Forze dell'Ordine attivo sul territorio per la ricezione di denunce, segnalazioni e tutela immediata. In caso di pericolo immediato, comporre il 112.",46.1358933,9.374851
Commissariato Polizia di Stato,Polizia di Stato,Viale Dante Alighieri 17,112 / 113,https://www.poliziadistato.it/,In genere H24 o secondo orari di caserma,"Presidio delle Forze dell'Ordine attivo sul territorio per la ricezione di denunce, segnalazioni e tutela immediata. In caso di pericolo immediato, comporre il 112.",45.4646226,10.5419364
Stazione Carabinieri,Arma dei Carabinieri,Indirizzo non disponibile,112 / 113,,In genere H24 o secondo orari di caserma,"Presidio delle Forze dell'Ordine attivo sul territorio per la ricezione di denunce, segnalazioni e tutela immediata. In caso di pericolo immediato, comporre il 112.",45.2867066,9.7133209
Stazione di Asso,Arma dei Carabinieri,Indirizzo non disponibile,112 / 113,,In genere H24 o secondo orari di caserma,"Presidio delle Forze dell'Ordine attivo sul territorio per la ricezione di denunce, segnalazioni e tutela immediata. In caso di pericolo immediato, comporre il 112.",45.8648308,9.2691243
Carabinieri Gorgonzola,Arma dei Carabinieri,"Via Trieste 133, 20064, Gorgonzola",+39 02 9513278,,In genere H24 o secondo orari di caserma,"Presidio delle Forze dell'Ordine attivo sul territorio per la ricezione di denunce, segnalazioni e tutela immediata. In caso di pericolo immediato, comporre il 112.",45.5371556,9.4234705
Comando Stazione Carabinieri di Esine,Arma dei Carabinieri,Indirizzo non disponibile,112 / 113,,In genere H24 o secondo orari di caserma,"Presidio delle Forze dell'Ordine attivo sul territorio per la ricezione di denunce, segnalazioni e tutela immediata. In caso di pericolo immediato, comporre il 112.",45.9266724,10.2507248
Stazione Carabinieri Forestale di Iseo,Arma dei Carabinieri,"Via Pusterla 14d, 25049, Iseo",112 / 113,,Tu 08:30-12:30,"Presidio delle Forze dell'Ordine attivo sul territorio per la ricezione di denunce, segnalazioni e tutela immediata. In caso di pericolo immediato, comporre il 112.",45.6601637,10.0534116
Stazione Carabinieri,Arma dei Carabinieri,Indirizzo non disponibile,112 / 113,,In genere H24 o secondo orari di caserma,"Presidio delle Forze dell'Ordine attivo sul territorio per la ricezione di denunce, segnalazioni e tutela immediata. In caso di pericolo immediato, comporre il 112.",45.1128212,9.8594764
Polizia Locale Treviglio,Polizia di Stato,"Piazza Insurrezione, 24047, Treviglio",112 / 113,,In genere H24 o secondo orari di caserma,"Presidio delle Forze dell'Ordine attivo sul territorio per la ricezione di denunce, segnalazioni e tutela immediata. In caso di pericolo immediato, comporre il 112.",45.5193638,9.5915546
Polizia di Stato,Polizia di Stato,Indirizzo non disponibile,112 / 113,,In genere H24 o secondo orari di caserma,"Presidio delle Forze dell'Ordine attivo sul territorio per la ricezione di denunce, segnalazioni e tutela immediata. In caso di pericolo immediato, comporre il 112.",45.4337597,9.2385492
Carabinieri,Arma dei Carabinieri,Indirizzo non disponibile,112 / 113,,In genere H24 o secondo orari di caserma,"Presidio delle Forze dell'Ordine attivo sul territorio per la ricezione di denunce, segnalazioni e tutela immediata. In caso di pericolo immediato, comporre il 112.",46.0351793,9.3840198
Polizia,Polizia di Stato,"Via Angelo Merati, 20039, Canegrate",+39 0331 411221,https://www.comunecanegrate.it/ufficio.php?idMenu=120&idUfficio=4,"Mo 09:00-12:30, 17:00-18:00; Tu-Fr 09:00-12:30; Sa 10:00-12:15","Presidio delle Forze dell'Ordine attivo sul territorio per la ricezione di denunce, segnalazioni e tutela immediata. In caso di pericolo immediato, comporre il 112.",45.5704277,8.9265754
Comando Polizia Locale,Polizia di Stato,"Via dei Gigli, 20090, Pieve Emanuele",112 / 113,,In genere H24 o secondo orari di caserma,"Presidio delle Forze dell'Ordine attivo sul territorio per la ricezione di denunce, segnalazioni e tutela immediata. In caso di pericolo immediato, comporre il 112.",45.3408819,9.1904811
Presidio Forze dell'Ordine,Forze dell'Ordine,Indirizzo non disponibile,112 / 113,,In genere H24 o secondo orari di caserma,"Presidio delle Forze dell'Ordine attivo sul territorio per la ricezione di denunce, segnalazioni e tutela immediata. In caso di pericolo immediato, comporre il 112.",45.5910286,10.1547509
Polizia Locale,Polizia di Stato,Indirizzo non disponibile,112 / 113,,"Mo,Fr 10:00-12:30; Tu,Th 17:00-18:30","Presidio delle Forze dell'Ordine attivo sul territorio per la ricezione di denunce, segnalazioni e tutela immediata. In caso di pericolo immediato, comporre il 112.",45.7537486,8.8662189
Carabinieri Forestali,Arma dei Carabinieri,Indirizzo non disponibile,112 / 113,,In genere H24 o secondo orari di caserma,"Presidio delle Forze dell'Ordine attivo sul territorio per la ricezione di denunce, segnalazioni e tutela immediata. In caso di pericolo immediato, comporre il 112.",45.9962869,10.0950021
Comando Stazione Villa d'Almè,Arma dei Carabinieri,Indirizzo non disponibile,112 / 113,,In genere H24 o secondo orari di caserma,"Presidio delle Forze dell'Ordine attivo sul territorio per la ricezione di denunce, segnalazioni e tutela immediata. In caso di pericolo immediato, comporre il 112.",45.7331447,9.6364052
Comando Stazione Carabinieri Mede Lomellina,Arma dei Carabinieri,Indirizzo non disponibile,112 / 113,,In genere H24 o secondo orari di caserma,"Presidio delle Forze dell'Ordine attivo sul territorio per la ricezione di denunce, segnalazioni e tutela immediata. In caso di pericolo immediato, comporre il 112.",45.0980177,8.7337229
Polizia di Stato,Polizia di Stato,Indirizzo non disponibile,112 / 113,,In genere H24 o secondo orari di caserma,"Presidio delle Forze dell'Ordine attivo sul territorio per la ricezione di denunce, segnalazioni e tutela immediata. In caso di pericolo immediato, comporre il 112.",45.514397,9.286671
Polizia Locale Nova Milanese,Polizia di Stato,"Via Eugenio Villoresi 3, 20834, Nova Milanese",+39 0362 374411,https://www.comune.novamilanese.mb.it/c108035/zf/index.php/uffici/index/detail/categoria/80/id/39,Mo-Sa 09:00-12:30; Mo-Fr 14:30-16:00,"Presidio delle Forze dell'Ordine attivo sul territorio per la ricezione di denunce, segnalazioni e tutela immediata. In caso di pericolo immediato, comporre il 112.",45.5868331,9.2017459
Tenenza di Tirano,Forze dell'Ordine,"Via Pedrotti 9, 23037, Tirano",+39 0342 701223,,In genere H24 o secondo orari di caserma,"Presidio delle Forze dell'Ordine attivo sul territorio per la ricezione di denunce, segnalazioni e tutela immediata. In caso di pericolo immediato, comporre il 112.",46.2172769,10.1669542
Dogana Ferrovia,Forze dell'Ordine,"piazza delle Stazioni, 23037, Tirano",112 / 113,,In genere H24 o secondo orari di caserma,"Presidio delle Forze dell'Ordine attivo sul territorio per la ricezione di denunce, segnalazioni e tutela immediata. In caso di pericolo immediato, comporre il 112.",46.2157701,10.1667797
Polizia Locale,Polizia di Stato,Indirizzo non disponibile,112 / 113,,In genere H24 o secondo orari di caserma,"Presidio delle Forze dell'Ordine attivo sul territorio per la ricezione di denunce, segnalazioni e tutela immediata. In caso di pericolo immediato, comporre il 112.",45.2888673,9.8548475
Comando Stazione Carabinieri Soresina,Arma dei Carabinieri,"Via Quattro Novembre 117, 26015, Soresina",+39 0374 342777,,In genere H24 o secondo orari di caserma,"Presidio delle Forze dell'Ordine attivo sul territorio per la ricezione di denunce, segnalazioni e tutela immediata. In caso di pericolo immediato, comporre il 112.",45.2851163,9.8480542
Polizia Stradale sottostazione di Bellano,Polizia di Stato,Indirizzo non disponibile,112 / 113,,In genere H24 o secondo orari di caserma,"Presidio delle Forze dell'Ordine attivo sul territorio per la ricezione di denunce, segnalazioni e tutela immediata. In caso di pericolo immediato, comporre il 112.",46.038461,9.3094573
Stazione Carabinieri,Arma dei Carabinieri,Indirizzo non disponibile,112 / 113,,In genere H24 o secondo orari di caserma,"Presidio delle Forze dell'Ordine attivo sul territorio per la ricezione di denunce, segnalazioni e tutela immediata. In caso di pericolo immediato, comporre il 112.",45.3510812,9.0221424
Polizia Locale distaccamento di Grignano,Polizia di Stato,Via Monte Grappa 2,112 / 113,,In genere H24 o secondo orari di caserma,"Presidio delle Forze dell'Ordine attivo sul territorio per la ricezione di denunce, segnalazioni e tutela immediata. In caso di pericolo immediato, comporre il 112.",45.6186282,9.5429857
Carabinieri Capriate San Gervasio,Arma dei Carabinieri,Indirizzo non disponibile,112 / 113,,In genere H24 o secondo orari di caserma,"Presidio delle Forze dell'Ordine attivo sul territorio per la ricezione di denunce, segnalazioni e tutela immediata. In caso di pericolo immediato, comporre il 112.",45.6204183,9.5300601
Compagnia di Seregno,Forze dell'Ordine,"Via Goffredo Mameli 32, 20831, Seregno",112 / 113,,In genere H24 o secondo orari di caserma,"Presidio delle Forze dell'Ordine attivo sul territorio per la ricezione di denunce, segnalazioni e tutela immediata. In caso di pericolo immediato, comporre il 112.",45.6502284,9.1951501
Nucleo di Polizia Economico Finanziaria Monza,Polizia di Stato,"Piazza Armando Diaz 1b, 20900, Monza",+39 039 8921,,Mo-Fr 08:00-17:00,"Presidio delle Forze dell'Ordine attivo sul territorio per la ricezione di denunce, segnalazioni e tutela immediata. In caso di pericolo immediato, comporre il 112.",45.5801766,9.2708915
Comando Provinciale Monza Brianza,Forze dell'Ordine,"Piazza Armando Diaz 1b, 20900, Monza",+39 039 8921,http://www.gdf.gov.it/reparti-del-corpo/territorio/lombardia/monza-e-della-brianza/comando-provinciale-monza,Mo-Fr 08:00-17:00,"Presidio delle Forze dell'Ordine attivo sul territorio per la ricezione di denunce, segnalazioni e tutela immediata. In caso di pericolo immediato, comporre il 112.",45.5801729,9.2708744
Gruppo Monza,Forze dell'Ordine,"Piazza Armando Diaz 1b, 20900, Monza",112 / 113,,Mo-Fr 08:00-17:00,"Presidio delle Forze dell'Ordine attivo sul territorio per la ricezione di denunce, segnalazioni e tutela immediata. In caso di pericolo immediato, comporre il 112.",45.5801797,9.2709093
Presidio Forze dell'Ordine,Forze dell'Ordine,"Via San Clemente 15, 24036, Ponte San Pietro",112 / 113,,In genere H24 o secondo orari di caserma,"Presidio delle Forze dell'Ordine attivo sul territorio per la ricezione di denunce, segnalazioni e tutela immediata. In caso di pericolo immediato, comporre il 112.",45.7015942,9.5928114
Caserma Carabinieri,Arma dei Carabinieri,"Piazza Municipio, 26022, Castelverde",112 / 113,,In genere H24 o secondo orari di caserma,"Presidio delle Forze dell'Ordine attivo sul territorio per la ricezione di denunce, segnalazioni e tutela immediata. In caso di pericolo immediato, comporre il 112.",45.1871618,9.996075
Guardia di Finanza - Comando Gruppo Legnano,Forze dell'Ordine,"Viale Pietro Toselli 42a, 20025, Legnano",+39 0331 593448,http://www.gdf.gov.it/reparti-del-corpo/territorio/lombardia/milano/gruppo-legnano,In genere H24 o secondo orari di caserma,"Presidio delle Forze dell'Ordine attivo sul territorio per la ricezione di denunce, segnalazioni e tutela immediata. In caso di pericolo immediato, comporre il 112.",45.5890839,8.9298875
Polizia Locale Ranco,Polizia di Stato,Indirizzo non disponibile,112 / 113,,In genere H24 o secondo orari di caserma,"Presidio delle Forze dell'Ordine attivo sul territorio per la ricezione di denunce, segnalazioni e tutela immediata. In caso di pericolo immediato, comporre il 112.",45.7977419,8.571337
Polizia locale Cairate,Polizia di Stato,"Via Monastero 10, 21050, Cairate",112 / 113,,In genere H24 o secondo orari di caserma,"Presidio delle Forze dell'Ordine attivo sul territorio per la ricezione di denunce, segnalazioni e tutela immediata. In caso di pericolo immediato, comporre il 112.",45.6922254,8.87325
Polizia Locale,Polizia di Stato,Indirizzo non disponibile,112 / 113,,In genere H24 o secondo orari di caserma,"Presidio delle Forze dell'Ordine attivo sul territorio per la ricezione di denunce, segnalazioni e tutela immediata. In caso di pericolo immediato, comporre il 112.",45.7515423,9.9063343
Polizia di Stato,Polizia di Stato,Indirizzo non disponibile,112 / 113,,In genere H24 o secondo orari di caserma,"Presidio delle Forze dell'Ordine attivo sul territorio per la ricezione di denunce, segnalazioni e tutela immediata. In caso di pericolo immediato, comporre il 112.",46.3074368,9.397906
Presidio Forze dell'Ordine,Forze dell'Ordine,Indirizzo non disponibile,112 / 113,,In genere H24 o secondo orari di caserma,"Presidio delle Forze dell'Ordine attivo sul territorio per la ricezione di denunce, segnalazioni e tutela immediata. In caso di pericolo immediato, comporre il 112.",45.3179242,9.503582
Polizia di Stato,Polizia di Stato,Indirizzo non disponibile,112 / 113,,In genere H24 o secondo orari di caserma,"Presidio delle Forze dell'Ordine attivo sul territorio per la ricezione di denunce, segnalazioni e tutela immediata. In caso di pericolo immediato, comporre il 112.",45.3179995,9.4910052
Polizia Locale Misinto,Polizia di Stato,"Via dei Caduti 5, 20826, Misinto",112 / 113,,In genere H24 o secondo orari di caserma,"Presidio delle Forze dell'Ordine attivo sul territorio per la ricezione di denunce, segnalazioni e tutela immediata. In caso di pericolo immediato, comporre il 112.",45.6624577,9.0825258
Polizia Locale,Polizia di Stato,Indirizzo non disponibile,112 / 113,,In genere H24 o secondo orari di caserma,"Presidio delle Forze dell'Ordine attivo sul territorio per la ricezione di denunce, segnalazioni e tutela immediata. In caso di pericolo immediato, comporre il 112.",45.6566495,9.2615501
Polizia locale di San Donato Milanese,Polizia di Stato,"20097, San Donato Milanese",+39 02518881,,"Mo-We 8:30-13:00, Th 8:30-16:00, Fr 8:30-13:00, Sa 8:30-11:30","Presidio delle Forze dell'Ordine attivo sul territorio per la ricezione di denunce, segnalazioni e tutela immediata. In caso di pericolo immediato, comporre il 112.",45.4164288,9.2658887
Stazione Carabinieri di Lovere,Arma dei Carabinieri,"Via Guglielmo Marconi 39, 24065, Lovere",+39 035 960557,,In genere H24 o secondo orari di caserma,"Presidio delle Forze dell'Ordine attivo sul territorio per la ricezione di denunce, segnalazioni e tutela immediata. In caso di pericolo immediato, comporre il 112.",45.8203275,10.0794666
Comando Decentrato 2,Polizia di Stato,Indirizzo non disponibile,112 / 113,,In genere H24 o secondo orari di caserma,"Presidio delle Forze dell'Ordine attivo sul territorio per la ricezione di denunce, segnalazioni e tutela immediata. In caso di pericolo immediato, comporre il 112.",45.480451,9.2062496
Polizia locale,Polizia di Stato,Indirizzo non disponibile,112 / 113,,In genere H24 o secondo orari di caserma,"Presidio delle Forze dell'Ordine attivo sul territorio per la ricezione di denunce, segnalazioni e tutela immediata. In caso di pericolo immediato, comporre il 112.",45.5437133,9.6499027
Polizia di Stato,Polizia di Stato,Indirizzo non disponibile,+390354996027,,In genere H24 o secondo orari di caserma,"Presidio delle Forze dell'Ordine attivo sul territorio per la ricezione di denunce, segnalazioni e tutela immediata. In caso di pericolo immediato, comporre il 112.",45.6828897,9.5588323
Comando Polizia Municipale Chiavenna,Polizia di Stato,"Piazza Giovanni Bertacchi 2, 23022, Chiavenna",112 / 113,,In genere H24 o secondo orari di caserma,"Presidio delle Forze dell'Ordine attivo sul territorio per la ricezione di denunce, segnalazioni e tutela immediata. In caso di pericolo immediato, comporre il 112.",46.3210329,9.4034391
Comando Compagnia Carabinieri Chiavenna,Arma dei Carabinieri,"Viale Maloggia 48, 23022, Chiavenna",+390343262600,,In genere H24 o secondo orari di caserma,"Presidio delle Forze dell'Ordine attivo sul territorio per la ricezione di denunce, segnalazioni e tutela immediata. In caso di pericolo immediato, comporre il 112.",46.3236013,9.4026429
Comando Stazione Carabinieri Limbiate,Arma dei Carabinieri,"Via Monte Grappa 22, 20812, Limbiate",+39029960077,,In genere H24 o secondo orari di caserma,"Presidio delle Forze dell'Ordine attivo sul territorio per la ricezione di denunce, segnalazioni e tutela immediata. In caso di pericolo immediato, comporre il 112.",45.6133804,9.1223519
Presidio Forze dell'Ordine,Forze dell'Ordine,Indirizzo non disponibile,112 / 113,,In genere H24 o secondo orari di caserma,"Presidio delle Forze dell'Ordine attivo sul territorio per la ricezione di denunce, segnalazioni e tutela immediata. In caso di pericolo immediato, comporre il 112.",46.2194966,10.1550097
Comando Polizia Municipale Cisliano,Polizia di Stato,Indirizzo non disponibile,112 / 113,,In genere H24 o secondo orari di caserma,"Presidio delle Forze dell'Ordine attivo sul territorio per la ricezione di denunce, segnalazioni e tutela immediata. In caso di pericolo immediato, comporre il 112.",45.4463549,8.9854382
Guardia di Finanza Gruppo Malpensa,Forze dell'Ordine,"Via Cipriano Facchinetti 11, 21019, Somma Lombardo",+390331796394,,In genere H24 o secondo orari di caserma,"Presidio delle Forze dell'Ordine attivo sul territorio per la ricezione di denunce, segnalazioni e tutela immediata. In caso di pericolo immediato, comporre il 112.",45.6497651,8.7123371
Ufficio Polizia di Frontiera Aerea Malpensa,Polizia di Stato,Indirizzo non disponibile,+390258584511,https://questure.poliziadistato.it/Varese/articolo/1010577f9394c45a2001899163,In genere H24 o secondo orari di caserma,"Presidio delle Forze dell'Ordine attivo sul territorio per la ricezione di denunce, segnalazioni e tutela immediata. In caso di pericolo immediato, comporre il 112.",45.6448386,8.7109682
Comando Polizia Municipale Baranzate,Polizia di Stato,"Via Mercantesse 14, 20021, Baranzate",+390239306712,,Mo-Su 09:00-12:00,"Presidio delle Forze dell'Ordine attivo sul territorio per la ricezione di denunce, segnalazioni e tutela immediata. In caso di pericolo immediato, comporre il 112.",45.5258997,9.1191737
Comando Polizia Municipale Arese,Polizia di Stato,"Via Madre Teresa di Calcutta 3, 20044, Arese",+390293527450,,In genere H24 o secondo orari di caserma,"Presidio delle Forze dell'Ordine attivo sul territorio per la ricezione di denunce, segnalazioni e tutela immediata. In caso di pericolo immediato, comporre il 112.",45.5513114,9.0879923
Polizia Municipale Baranzate - Villaggio Gorizia,Polizia di Stato,Indirizzo non disponibile,112 / 113,,In genere H24 o secondo orari di caserma,"Presidio delle Forze dell'Ordine attivo sul territorio per la ricezione di denunce, segnalazioni e tutela immediata. In caso di pericolo immediato, comporre il 112.",45.5219473,9.1205095
Comando Polizia Locale Bollate,Polizia di Stato,Indirizzo non disponibile,112 / 113,,In genere H24 o secondo orari di caserma,"Presidio delle Forze dell'Ordine attivo sul territorio per la ricezione di denunce, segnalazioni e tutela immediata. In caso di pericolo immediato, comporre il 112.",45.5452948,9.1178275
Comando Polizia Municipale Rho,Polizia di Stato,"Corso Europa 190, 20017, Rho",112 / 113,,In genere H24 o secondo orari di caserma,"Presidio delle Forze dell'Ordine attivo sul territorio per la ricezione di denunce, segnalazioni e tutela immediata. In caso di pericolo immediato, comporre il 112.",45.532865,9.040687
Comando Compagnia Guardia di Finanza Rho,Forze dell'Ordine,Indirizzo non disponibile,112 / 113,,In genere H24 o secondo orari di caserma,"Presidio delle Forze dell'Ordine attivo sul territorio per la ricezione di denunce, segnalazioni e tutela immediata. In caso di pericolo immediato, comporre il 112.",45.5306706,9.0424562
Comando Stazione Carabinieri Nerviano,Arma dei Carabinieri,Indirizzo non disponibile,112 / 113,,In genere H24 o secondo orari di caserma,"Presidio delle Forze dell'Ordine attivo sul territorio per la ricezione di denunce, segnalazioni e tutela immediata. In caso di pericolo immediato, comporre il 112.",45.55877,8.963429
Comando Stazione Carabinieri Parabiago,Arma dei Carabinieri,"Viale Europa 48, 20015, Parabiago",+390331551350,,Mo-Su 08:00-22:00,"Presidio delle Forze dell'Ordine attivo sul territorio per la ricezione di denunce, segnalazioni e tutela immediata. In caso di pericolo immediato, comporre il 112.",45.5560578,8.9553993
Comando Stazione Carabinieri Lainate,Arma dei Carabinieri,"Viale Rimembranze 54, 20045, Lainate",+39029370705,,In genere H24 o secondo orari di caserma,"Presidio delle Forze dell'Ordine attivo sul territorio per la ricezione di denunce, segnalazioni e tutela immediata. In caso di pericolo immediato, comporre il 112.",45.5674136,9.0266556
Comando Stazione Carabinieri Cinisello Balsamo,Arma dei Carabinieri,"Via Luigi Pecchenini 12, 20092, Cinisello Balsamo",+390266046490,,In genere H24 o secondo orari di caserma,"Presidio delle Forze dell'Ordine attivo sul territorio per la ricezione di denunce, segnalazioni e tutela immediata. In caso di pericolo immediato, comporre il 112.",45.5543617,9.2205037
Comando Stazione Carabinieri Rescaldina,Arma dei Carabinieri,Indirizzo non disponibile,112 / 113,,In genere H24 o secondo orari di caserma,"Presidio delle Forze dell'Ordine attivo sul territorio per la ricezione di denunce, segnalazioni e tutela immediata. In caso di pericolo immediato, comporre il 112.",45.6230927,8.9475746
Comando Stazione Carabinieri Cesate,Arma dei Carabinieri,"Via Brenta 3b, 20031, Cesate",112 / 113,,In genere H24 o secondo orari di caserma,"Presidio delle Forze dell'Ordine attivo sul territorio per la ricezione di denunce, segnalazioni e tutela immediata. In caso di pericolo immediato, comporre il 112.",45.5991094,9.0751101
Comando Compagnia Carabinieri Saronno,Arma dei Carabinieri,"Via Alessandro Manzoni 9, 21047, Saronno",+390296367000,,24/7,"Presidio delle Forze dell'Ordine attivo sul territorio per la ricezione di denunce, segnalazioni e tutela immediata. In caso di pericolo immediato, comporre il 112.",45.6245057,9.0405027
Comando Stazione Carabinieri Solaro,Arma dei Carabinieri,"Via Drizza 12, 20033, Solaro",+390296798017,,In genere H24 o secondo orari di caserma,"Presidio delle Forze dell'Ordine attivo sul territorio per la ricezione di denunce, segnalazioni e tutela immediata. In caso di pericolo immediato, comporre il 112.",45.6173295,9.0748462
Comando Stazione Carabinieri Villa di Chiavenna,Arma dei Carabinieri,Indirizzo non disponibile,112 / 113,,In genere H24 o secondo orari di caserma,"Presidio delle Forze dell'Ordine attivo sul territorio per la ricezione di denunce, segnalazioni e tutela immediata. In caso di pericolo immediato, comporre il 112.",46.3332828,9.51258
Guardia di Finanza,Forze dell'Ordine,"Via Dogana 27, 23029, Villa di Chiavenna",112 / 113,,In genere H24 o secondo orari di caserma,"Presidio delle Forze dell'Ordine attivo sul territorio per la ricezione di denunce, segnalazioni e tutela immediata. In caso di pericolo immediato, comporre il 112.",46.3333241,9.512992
Comando Stazione Carabinieri Garbagnate Milanese,Arma dei Carabinieri,"Via Cesare Bonetti 13, 20024, Garbagnate Milanese",+39029954343,,In genere H24 o secondo orari di caserma,"Presidio delle Forze dell'Ordine attivo sul territorio per la ricezione di denunce, segnalazioni e tutela immediata. In caso di pericolo immediato, comporre il 112.",45.5800104,9.0709185
Comando Stazione Carabinieri di Manerba del Garda,Arma dei Carabinieri,Indirizzo non disponibile,112 / 113,,In genere H24 o secondo orari di caserma,"Presidio delle Forze dell'Ordine attivo sul territorio per la ricezione di denunce, segnalazioni e tutela immediata. In caso di pericolo immediato, comporre il 112.",45.5494433,10.5554485
Comando Gruppo Carabinieri Forestale Cremona,Arma dei Carabinieri,"Largo Marinai d'Italia 1, 26100, Cremona",112 / 113,,In genere H24 o secondo orari di caserma,"Presidio delle Forze dell'Ordine attivo sul territorio per la ricezione di denunce, segnalazioni e tutela immediata. In caso di pericolo immediato, comporre il 112.",45.127624,9.9985378
Carabinieri,Arma dei Carabinieri,Indirizzo non disponibile,112 / 113,,In genere H24 o secondo orari di caserma,"Presidio delle Forze dell'Ordine attivo sul territorio per la ricezione di denunce, segnalazioni e tutela immediata. In caso di pericolo immediato, comporre il 112.",45.0409215,10.9279612
Comando Tenenza Guardia di Finanza Chiavenna,Forze dell'Ordine,"Via della Marmirola 3, 23022, Chiavenna",+39034337454,,In genere H24 o secondo orari di caserma,"Presidio delle Forze dell'Ordine attivo sul territorio per la ricezione di denunce, segnalazioni e tutela immediata. In caso di pericolo immediato, comporre il 112.",46.3241462,9.4059141
I Fontanili,Polizia di Stato,Indirizzo non disponibile,112 / 113,,In genere H24 o secondo orari di caserma,"Presidio delle Forze dell'Ordine attivo sul territorio per la ricezione di denunce, segnalazioni e tutela immediata. In caso di pericolo immediato, comporre il 112.",45.3827417,9.0287004
Comando Stazione Carabinieri di Senago,Arma dei Carabinieri,"Via Martiri di Cefalonia 2, 20030, Senago",+390299482236,,Mo-Su 08:00-22:00,"Presidio delle Forze dell'Ordine attivo sul territorio per la ricezione di denunce, segnalazioni e tutela immediata. In caso di pericolo immediato, comporre il 112.",45.5828182,9.131398
Comando Compagnia Carabinieri di Desio,Arma dei Carabinieri,Indirizzo non disponibile,112 / 113,,In genere H24 o secondo orari di caserma,"Presidio delle Forze dell'Ordine attivo sul territorio per la ricezione di denunce, segnalazioni e tutela immediata. In caso di pericolo immediato, comporre il 112.",45.6070395,9.211893
Polizia Locale Robbio,Polizia di Stato,Indirizzo non disponibile,112 / 113,,In genere H24 o secondo orari di caserma,"Presidio delle Forze dell'Ordine attivo sul territorio per la ricezione di denunce, segnalazioni e tutela immediata. In caso di pericolo immediato, comporre il 112.",45.2899203,8.5938057
Guardie Ecologiche Alta Valtellina,Forze dell'Ordine,Indirizzo non disponibile,112 / 113,,In genere H24 o secondo orari di caserma,"Presidio delle Forze dell'Ordine attivo sul territorio per la ricezione di denunce, segnalazioni e tutela immediata. In caso di pericolo immediato, comporre il 112.",46.4543123,10.3657135
Comando Polizia Locale Besozzo,Polizia di Stato,Indirizzo non disponibile,112 / 113,,In genere H24 o secondo orari di caserma,"Presidio delle Forze dell'Ordine attivo sul territorio per la ricezione di denunce, segnalazioni e tutela immediata. In caso di pericolo immediato, comporre il 112.",45.8477757,8.6693842
Polizia locale,Polizia di Stato,Indirizzo non disponibile,112 / 113,,In genere H24 o secondo orari di caserma,"Presidio delle Forze dell'Ordine attivo sul territorio per la ricezione di denunce, segnalazioni e tutela immediata. In caso di pericolo immediato, comporre il 112.",45.6118197,9.1477261
Polizia Locale Comando Operativo Isola Bergamasca,Polizia di Stato,Indirizzo non disponibile,+39 035 9999,,In genere H24 o secondo orari di caserma,"Presidio delle Forze dell'Ordine attivo sul territorio per la ricezione di denunce, segnalazioni e tutela immediata. In caso di pericolo immediato, comporre il 112.",45.6480394,9.5354201
Polizia Stradale - Distaccamento di Mese,Polizia di Stato,"Via Trivulzia 64, 23020, Mese",+39 0343 41829,,In genere H24 o secondo orari di caserma,"Presidio delle Forze dell'Ordine attivo sul territorio per la ricezione di denunce, segnalazioni e tutela immediata. In caso di pericolo immediato, comporre il 112.",46.3126368,9.3863981
Comando Stazione Carabinieri Romanengo,Arma dei Carabinieri,Indirizzo non disponibile,112 / 113,,In genere H24 o secondo orari di caserma,"Presidio delle Forze dell'Ordine attivo sul territorio per la ricezione di denunce, segnalazioni e tutela immediata. In caso di pericolo immediato, comporre il 112.",45.3775681,9.7835122
Carabinieri,Arma dei Carabinieri,"Via Fratelli Bandiera 26, 25122, Brescia",+39 03049412,https://www.carabinieri.it,In genere H24 o secondo orari di caserma,"Presidio delle Forze dell'Ordine attivo sul territorio per la ricezione di denunce, segnalazioni e tutela immediata. In caso di pericolo immediato, comporre il 112.",45.5452,10.215457
Polizia municipale,Polizia di Stato,Indirizzo non disponibile,112 / 113,,In genere H24 o secondo orari di caserma,"Presidio delle Forze dell'Ordine attivo sul territorio per la ricezione di denunce, segnalazioni e tutela immediata. In caso di pericolo immediato, comporre il 112.",45.9855021,9.2623614
Polizia Locale,Polizia di Stato,Indirizzo non disponibile,112 / 113,,In genere H24 o secondo orari di caserma,"Presidio delle Forze dell'Ordine attivo sul territorio per la ricezione di denunce, segnalazioni e tutela immediata. In caso di pericolo immediato, comporre il 112.",45.469852,10.5394942
Guardia di Finanza,Forze dell'Ordine,"Piazza Risorgimento 1/A, 21016",+390332530591,https://www.gdf.gov.it/it/reparti-del-corpo/lombardia/varese/compagnia-luino,In genere H24 o secondo orari di caserma,"Presidio delle Forze dell'Ordine attivo sul territorio per la ricezione di denunce, segnalazioni e tutela immediata. In caso di pericolo immediato, comporre il 112.",46.0009563,8.7448588
Comando Polizia Municipale Erba,Polizia di Stato,Indirizzo non disponibile,112 / 113,,In genere H24 o secondo orari di caserma,"Presidio delle Forze dell'Ordine attivo sul territorio per la ricezione di denunce, segnalazioni e tutela immediata. In caso di pericolo immediato, comporre il 112.",45.8114723,9.2244763
Polizia Locale Truccazzano,Polizia di Stato,Indirizzo non disponibile,112 / 113,,In genere H24 o secondo orari di caserma,"Presidio delle Forze dell'Ordine attivo sul territorio per la ricezione di denunce, segnalazioni e tutela immediata. In caso di pericolo immediato, comporre il 112.",45.4836991,9.4687316
Polizia di Stato,Polizia di Stato,Indirizzo non disponibile,+39 0363 313311,,In genere H24 o secondo orari di caserma,"Presidio delle Forze dell'Ordine attivo sul territorio per la ricezione di denunce, segnalazioni e tutela immediata. In caso di pericolo immediato, comporre il 112.",45.5211925,9.5888274
Polizia di Stato - Uffici amministrativi,Polizia di Stato,Indirizzo non disponibile,+39 0363 313347,https://questure.poliziadistato.it/,"Mo-Sa 09:00-12:00, Su,PH off","Presidio delle Forze dell'Ordine attivo sul territorio per la ricezione di denunce, segnalazioni e tutela immediata. In caso di pericolo immediato, comporre il 112.",45.5212772,9.5889171
Polizia Stradale,Polizia di Stato,Indirizzo non disponibile,+39 0363 313350,,In genere H24 o secondo orari di caserma,"Presidio delle Forze dell'Ordine attivo sul territorio per la ricezione di denunce, segnalazioni e tutela immediata. In caso di pericolo immediato, comporre il 112.",45.5212962,9.5883914
Carabinieri Tenenza Cassano D'Adda,Arma dei Carabinieri,"Via Giovanni Falcone e Paolo Borsellino, 20062, Cassano d'Adda",+39 0363 364935,,24/7,"Presidio delle Forze dell'Ordine attivo sul territorio per la ricezione di denunce, segnalazioni e tutela immediata. In caso di pericolo immediato, comporre il 112.",45.5312389,9.504181
Polizia Locale,Polizia di Stato,Indirizzo non disponibile,112 / 113,,In genere H24 o secondo orari di caserma,"Presidio delle Forze dell'Ordine attivo sul territorio per la ricezione di denunce, segnalazioni e tutela immediata. In caso di pericolo immediato, comporre il 112.",45.4925665,9.6406451
Polfer Treviglio,Polizia di Stato,Indirizzo non disponibile,112 / 113,,In genere H24 o secondo orari di caserma,"Presidio delle Forze dell'Ordine attivo sul territorio per la ricezione di denunce, segnalazioni e tutela immediata. In caso di pericolo immediato, comporre il 112.",45.5153428,9.5891346
Arma dei Carabinieri,Arma dei Carabinieri,Piazzale Aldo Moro 35,+39 0363 84023,,In genere H24 o secondo orari di caserma,"Presidio delle Forze dell'Ordine attivo sul territorio per la ricezione di denunce, segnalazioni e tutela immediata. In caso di pericolo immediato, comporre il 112.",45.460932,9.6010969
Polizia di Stato,Polizia di Stato,Indirizzo non disponibile,112 / 113,,In genere H24 o secondo orari di caserma,"Presidio delle Forze dell'Ordine attivo sul territorio per la ricezione di denunce, segnalazioni e tutela immediata. In caso di pericolo immediato, comporre il 112.",45.8182105,8.8333671
Comando Carabinieri di Vaprio d'Adda,Arma dei Carabinieri,Indirizzo non disponibile,112 / 113,,24/7,"Presidio delle Forze dell'Ordine attivo sul territorio per la ricezione di denunce, segnalazioni e tutela immediata. In caso di pericolo immediato, comporre il 112.",45.5766192,9.5257635
Stazione Carabinieri di Trezzo sull'Adda,Arma dei Carabinieri,Indirizzo non disponibile,112 / 113,,24/7,"Presidio delle Forze dell'Ordine attivo sul territorio per la ricezione di denunce, segnalazioni e tutela immediata. In caso di pericolo immediato, comporre il 112.",45.6131003,9.5095901
Carabinieri Forestale,Arma dei Carabinieri,Indirizzo non disponibile,112 / 113,,In genere H24 o secondo orari di caserma,"Presidio delle Forze dell'Ordine attivo sul territorio per la ricezione di denunce, segnalazioni e tutela immediata. In caso di pericolo immediato, comporre il 112.",45.1566862,10.7971519
Caserma Don Giuseppe Gabana,Forze dell'Ordine,Indirizzo non disponibile,112 / 113,,In genere H24 o secondo orari di caserma,"Presidio delle Forze dell'Ordine attivo sul territorio per la ricezione di denunce, segnalazioni e tutela immediata. In caso di pericolo immediato, comporre il 112.",45.4742246,10.5384026
Polizia locale,Polizia di Stato,Indirizzo non disponibile,112 / 113,,In genere H24 o secondo orari di caserma,"Presidio delle Forze dell'Ordine attivo sul territorio per la ricezione di denunce, segnalazioni e tutela immediata. In caso di pericolo immediato, comporre il 112.",45.6846033,9.5316992
Polizia Locale,Polizia di Stato,Indirizzo non disponibile,112 / 113,,In genere H24 o secondo orari di caserma,"Presidio delle Forze dell'Ordine attivo sul territorio per la ricezione di denunce, segnalazioni e tutela immediata. In caso di pericolo immediato, comporre il 112.",45.5131047,9.7052421
Polizia Locale,Polizia di Stato,Indirizzo non disponibile,112 / 113,,In genere H24 o secondo orari di caserma,"Presidio delle Forze dell'Ordine attivo sul territorio per la ricezione di denunce, segnalazioni e tutela immediata. In caso di pericolo immediato, comporre il 112.",45.6903444,9.5681297
Comando Stazione Carabinieri di Tavernola Bergamasca,Arma dei Carabinieri,Indirizzo non disponibile,112 / 113,,In genere H24 o secondo orari di caserma,"Presidio delle Forze dell'Ordine attivo sul territorio per la ricezione di denunce, segnalazioni e tutela immediata. In caso di pericolo immediato, comporre il 112.",45.7009775,10.0516366
Comando Carabinieri Treviglio,Arma dei Carabinieri,Indirizzo non disponibile,112 / 113,,In genere H24 o secondo orari di caserma,"Presidio delle Forze dell'Ordine attivo sul territorio per la ricezione di denunce, segnalazioni e tutela immediata. In caso di pericolo immediato, comporre il 112.",45.5233612,9.5999523
Guardia di Finanza,Forze dell'Ordine,Indirizzo non disponibile,112 / 113,,In genere H24 o secondo orari di caserma,"Presidio delle Forze dell'Ordine attivo sul territorio per la ricezione di denunce, segnalazioni e tutela immediata. In caso di pericolo immediato, comporre il 112.",45.5209687,9.6005856
Polizia Locale,Polizia di Stato,"Via Milano 11, 20865, Usmate Velate",+390396757031,https://www.comune.usmatevelate.mb.it/amministrazione/uffici/ufficio_69.html,Mo 10:00-12:30; We 17:00-18:30; Sa 10:00-12:00,"Presidio delle Forze dell'Ordine attivo sul territorio per la ricezione di denunce, segnalazioni e tutela immediata. In caso di pericolo immediato, comporre il 112.",45.6513361,9.3609567
Polizia Locale,Polizia di Stato,"Via Filippo Corridoni 2, 20862, Arcore",112 / 113,,In genere H24 o secondo orari di caserma,"Presidio delle Forze dell'Ordine attivo sul territorio per la ricezione di denunce, segnalazioni e tutela immediata. In caso di pericolo immediato, comporre il 112.",45.6272984,9.3234845
Polizia Locale Villasanta,Polizia di Stato,"Via Achille Grandi 2, 20852, Villasanta",112 / 113,,In genere H24 o secondo orari di caserma,"Presidio delle Forze dell'Ordine attivo sul territorio per la ricezione di denunce, segnalazioni e tutela immediata. In caso di pericolo immediato, comporre il 112.",45.6046558,9.3076306
Sezione Polizia Postale - Ufficio Denunce,Polizia di Stato,"Via Lattanzio Gambara 12, 25122, Brescia",+39 030 2913028,"https://questure.poliziadistato.it/servizio/uffici/5730dc9d14ab4929487638#:~:text=Note%3A%20Si%20comunica%20all'utenza,.bs%40poliziadistato.it%20.",Mo-Fr 08:30-12:30,"Presidio delle Forze dell'Ordine attivo sul territorio per la ricezione di denunce, segnalazioni e tutela immediata. In caso di pericolo immediato, comporre il 112.",45.5318603,10.215547
Sede distaccata del comando di Polizia Locale,Polizia di Stato,"Piazza Achille Grandi 54, 20033, Solaro",112 / 113,,In genere H24 o secondo orari di caserma,"Presidio delle Forze dell'Ordine attivo sul territorio per la ricezione di denunce, segnalazioni e tutela immediata. In caso di pericolo immediato, comporre il 112.",45.6204389,9.1072948
Ufficio Immigrazione,Polizia di Stato,"Piazza Guglielmo Marconi 13, 21016, Luino",+39 0332 534680,https://questure.poliziadistato.it/servizio/uffici/5730dc9d2742e238488201,"Mo,Tu,We,Fr 08:00-12:00","Presidio delle Forze dell'Ordine attivo sul territorio per la ricezione di denunce, segnalazioni e tutela immediata. In caso di pericolo immediato, comporre il 112.",45.9969501,8.7370711
Polizia locale,Polizia di Stato,"Via Quattro Novembre 311, 22040, Alzate Brianza",+390313351516,https://www.comune.alzate-brianza.co.it/c013007/zf/index.php/uffici/index/detail/categoria/80/id/4,"Mo, We, Fr 12:00-13:00","Presidio delle Forze dell'Ordine attivo sul territorio per la ricezione di denunce, segnalazioni e tutela immediata. In caso di pericolo immediato, comporre il 112.",45.7698033,9.1819125
Carabinieri - Comando Stazione Milano Porta Sempione,Arma dei Carabinieri,"Via Valtellina 7, 20159, Milano",112 / 113,,In genere H24 o secondo orari di caserma,"Presidio delle Forze dell'Ordine attivo sul territorio per la ricezione di denunce, segnalazioni e tutela immediata. In caso di pericolo immediato, comporre il 112.",45.4911066,9.1810273
Polizia locale,Polizia di Stato,Indirizzo non disponibile,112 / 113,,In genere H24 o secondo orari di caserma,"Presidio delle Forze dell'Ordine attivo sul territorio per la ricezione di denunce, segnalazioni e tutela immediata. In caso di pericolo immediato, comporre il 112.",45.5110516,9.7044656
Polizia Locale,Polizia di Stato,Indirizzo non disponibile,112 / 113,,In genere H24 o secondo orari di caserma,"Presidio delle Forze dell'Ordine attivo sul territorio per la ricezione di denunce, segnalazioni e tutela immediata. In caso di pericolo immediato, comporre il 112.",45.9589191,8.8438278
Polizia Locale,Polizia di Stato,Indirizzo non disponibile,112 / 113,,In genere H24 o secondo orari di caserma,"Presidio delle Forze dell'Ordine attivo sul territorio per la ricezione di denunce, segnalazioni e tutela immediata. In caso di pericolo immediato, comporre il 112.",45.0969368,8.7370448
Polizia Locale,Polizia di Stato,Indirizzo non disponibile,112 / 113,,In genere H24 o secondo orari di caserma,"Presidio delle Forze dell'Ordine attivo sul territorio per la ricezione di denunce, segnalazioni e tutela immediata. In caso di pericolo immediato, comporre il 112.",45.2991821,10.4745571
Stazione Carabinieri,Arma dei Carabinieri,Indirizzo non disponibile,112 / 113,,In genere H24 o secondo orari di caserma,"Presidio delle Forze dell'Ordine attivo sul territorio per la ricezione di denunce, segnalazioni e tutela immediata. In caso di pericolo immediato, comporre il 112.",45.1874107,10.9783472
Polizia Locale Vignate,Polizia di Stato,"Via Roma 19, 20052, Vignate",112 / 113,https://comune.vignate.mi.it/uffici/polizia-locale/,In genere H24 o secondo orari di caserma,"Presidio delle Forze dell'Ordine attivo sul territorio per la ricezione di denunce, segnalazioni e tutela immediata. In caso di pericolo immediato, comporre il 112.",45.4961574,9.3767231
Carabinieri - Comando di Caravaggio,Arma dei Carabinieri,"Via Giuseppe Mazzini 9, 24043, Caravaggio",+39 0363 50101,,10:00-22:00; PH open,"Presidio delle Forze dell'Ordine attivo sul territorio per la ricezione di denunce, segnalazioni e tutela immediata. In caso di pericolo immediato, comporre il 112.",45.4994423,9.6390408
Comando Polizia municipale di Flero,Polizia di Stato,Indirizzo non disponibile,112 / 113,,"Tu,Fr 10:00-12:00, We 15:00-17:00","Presidio delle Forze dell'Ordine attivo sul territorio per la ricezione di denunce, segnalazioni e tutela immediata. In caso di pericolo immediato, comporre il 112.",45.4837127,10.1744999
Polizia di Stato,Polizia di Stato,Indirizzo non disponibile,112 / 113,,In genere H24 o secondo orari di caserma,"Presidio delle Forze dell'Ordine attivo sul territorio per la ricezione di denunce, segnalazioni e tutela immediata. In caso di pericolo immediato, comporre il 112.",45.8404292,8.7582367
Carabinieri,Arma dei Carabinieri,"Via San Carlo 39, 24016, San Pellegrino Terme",112 / 113,,In genere H24 o secondo orari di caserma,"Presidio delle Forze dell'Ordine attivo sul territorio per la ricezione di denunce, segnalazioni e tutela immediata. In caso di pericolo immediato, comporre il 112.",45.8371576,9.6643867
Stazione Carabinieri,Arma dei Carabinieri,Indirizzo non disponibile,112 / 113,,In genere H24 o secondo orari di caserma,"Presidio delle Forze dell'Ordine attivo sul territorio per la ricezione di denunce, segnalazioni e tutela immediata. In caso di pericolo immediato, comporre il 112.",45.1528122,10.6510643
Polizia Locale,Polizia di Stato,Indirizzo non disponibile,112 / 113,,In genere H24 o secondo orari di caserma,"Presidio delle Forze dell'Ordine attivo sul territorio per la ricezione di denunce, segnalazioni e tutela immediata. In caso di pericolo immediato, comporre il 112.",45.0772408,9.1339819
Polizia di Stato,Polizia di Stato,Indirizzo non disponibile,112 / 113,,In genere H24 o secondo orari di caserma,"Presidio delle Forze dell'Ordine attivo sul territorio per la ricezione di denunce, segnalazioni e tutela immediata. In caso di pericolo immediato, comporre il 112.",45.5046482,9.2658916
Presidio Forze dell'Ordine,Forze dell'Ordine,Indirizzo non disponibile,112 / 113,,In genere H24 o secondo orari di caserma,"Presidio delle Forze dell'Ordine attivo sul territorio per la ricezione di denunce, segnalazioni e tutela immediata. In caso di pericolo immediato, comporre il 112.",45.2975656,9.7589086
Comando Stazione Carabinieri di Bagolino,Arma dei Carabinieri,"Via Alberto Lombardi 20, 25072, Bagolino",+39 0365 99122,,In genere H24 o secondo orari di caserma,"Presidio delle Forze dell'Ordine attivo sul territorio per la ricezione di denunce, segnalazioni e tutela immediata. In caso di pericolo immediato, comporre il 112.",45.8229111,10.4670218
"Comando Polizia Locale, Palazzo Landriani",Polizia di Stato,"Via Franzolino Prinetti 29, 20881, Bernareggio",112 / 113,,In genere H24 o secondo orari di caserma,"Presidio delle Forze dell'Ordine attivo sul territorio per la ricezione di denunce, segnalazioni e tutela immediata. In caso di pericolo immediato, comporre il 112.",45.6488934,9.406723
Stazione Carabinieri,Arma dei Carabinieri,Indirizzo non disponibile,112 / 113,,In genere H24 o secondo orari di caserma,"Presidio delle Forze dell'Ordine attivo sul territorio per la ricezione di denunce, segnalazioni e tutela immediata. In caso di pericolo immediato, comporre il 112.",45.0053135,11.1816707
Polizia Locale Crema,Polizia di Stato,"Piazzale Croce Rossa 2, 26013, Crema",112 / 113,,In genere H24 o secondo orari di caserma,"Presidio delle Forze dell'Ordine attivo sul territorio per la ricezione di denunce, segnalazioni e tutela immediata. In caso di pericolo immediato, comporre il 112.",45.3534638,9.6908465
Polizia Locale di Laveno,Polizia di Stato,Indirizzo non disponibile,112 / 113,,In genere H24 o secondo orari di caserma,"Presidio delle Forze dell'Ordine attivo sul territorio per la ricezione di denunce, segnalazioni e tutela immediata. In caso di pericolo immediato, comporre il 112.",45.9106879,8.6186065
Polizia Locale Borgosatollo,Polizia di Stato,Indirizzo non disponibile,+39 030 250 7207,comune.borgosatollo.bs.it,"Tu, Sa 10:00-12:00; Th 16:00-18:00","Presidio delle Forze dell'Ordine attivo sul territorio per la ricezione di denunce, segnalazioni e tutela immediata. In caso di pericolo immediato, comporre il 112.",45.4761907,10.2396132
Polizia provinciale,Polizia di Stato,Via Romiglio 2,+39 030 3748011,https://www.poliziamunicipale.it//,"We, Fr 08:30-13:30; Mo, Tu 08:30-13:00; Th 08:30-13:00, 14:30-17:30","Presidio delle Forze dell'Ordine attivo sul territorio per la ricezione di denunce, segnalazioni e tutela immediata. In caso di pericolo immediato, comporre il 112.",45.5249713,10.236724
Presidio Forze dell'Ordine,Forze dell'Ordine,Indirizzo non disponibile,112 / 113,,In genere H24 o secondo orari di caserma,"Presidio delle Forze dell'Ordine attivo sul territorio per la ricezione di denunce, segnalazioni e tutela immediata. In caso di pericolo immediato, comporre il 112.",45.7713347,10.7592446
Polizia Locale Ghedi,Polizia di Stato,Via Dante Alighieri 8,+39 030 905 0590,https://www.comune.ghedi.brescia.it/it/unita_organizzative/polizia-locale,In genere H24 o secondo orari di caserma,"Presidio delle Forze dell'Ordine attivo sul territorio per la ricezione di denunce, segnalazioni e tutela immediata. In caso di pericolo immediato, comporre il 112.",45.4063788,10.2774241
Stazione Carabinieri San Zeno Naviglio,Arma dei Carabinieri,Via Sandro Pertini 47,+39 030 266222,https://www.carabinieri.it/,In genere H24 o secondo orari di caserma,"Presidio delle Forze dell'Ordine attivo sul territorio per la ricezione di denunce, segnalazioni e tutela immediata. In caso di pericolo immediato, comporre il 112.",45.4941476,10.2169888
Polizia Locale San Zeno,Polizia di Stato,Via Cavour 1,+39 030 216 0383,https://www.comune.sanzenonaviglio.bs.it/,In genere H24 o secondo orari di caserma,"Presidio delle Forze dell'Ordine attivo sul territorio per la ricezione di denunce, segnalazioni e tutela immediata. In caso di pericolo immediato, comporre il 112.",45.4912294,10.2164463
Carabinieri,Arma dei Carabinieri,Viale Piave 16,+39 030 901222,,In genere H24 o secondo orari di caserma,"Presidio delle Forze dell'Ordine attivo sul territorio per la ricezione di denunce, segnalazioni e tutela immediata. In caso di pericolo immediato, comporre il 112.",45.4026186,10.2749825
Polizia Locale Gestione Associata Intercomunale Valseriana,Polizia di Stato,"Via Papa Giovanni Ventitreesimo 20, 24027, Nembro",112 / 113,,In genere H24 o secondo orari di caserma,"Presidio delle Forze dell'Ordine attivo sul territorio per la ricezione di denunce, segnalazioni e tutela immediata. In caso di pericolo immediato, comporre il 112.",45.7433646,9.7568262
Stazione Carabinieri Uboldo,Arma dei Carabinieri,"Via Quattro Novembre 33, 21040, Uboldo",+390296780223,,"Mo-Su 09:00-13:00,13:30-17:30","Presidio delle Forze dell'Ordine attivo sul territorio per la ricezione di denunce, segnalazioni e tutela immediata. In caso di pericolo immediato, comporre il 112.",45.6160574,9.0080998
Polizia Locale - Reparto Radiomobile,Polizia di Stato,"Via Pietro Custodi 13, 20136, Milano",+39 02 7727 3079,,In genere H24 o secondo orari di caserma,"Presidio delle Forze dell'Ordine attivo sul territorio per la ricezione di denunce, segnalazioni e tutela immediata. In caso di pericolo immediato, comporre il 112.",45.4494171,9.1824025
Questura - Ufficio Passaporti,Polizia di Stato,Indirizzo non disponibile,+39 02 62261,https://questure.poliziadistato.it/servizio/orari/5730dc9d1c2b6663551681,In genere H24 o secondo orari di caserma,"Presidio delle Forze dell'Ordine attivo sul territorio per la ricezione di denunce, segnalazioni e tutela immediata. In caso di pericolo immediato, comporre il 112.",45.4647043,9.1852048
Comando Polizia Locale Renate-Veduggio,Polizia di Stato,"Via Roma, 20838, Renate",112 / 113,,In genere H24 o secondo orari di caserma,"Presidio delle Forze dell'Ordine attivo sul territorio per la ricezione di denunce, segnalazioni e tutela immediata. In caso di pericolo immediato, comporre il 112.",45.7283809,9.2800562
Comando Stazione Carabinieri Sondalo,Arma dei Carabinieri,"Via Dosso 21, 23035, Sondalo",+39 0342801130,,In genere H24 o secondo orari di caserma,"Presidio delle Forze dell'Ordine attivo sul territorio per la ricezione di denunce, segnalazioni e tutela immediata. In caso di pericolo immediato, comporre il 112.",46.3327159,10.3284505
Polizia Locale di Cusago,Polizia di Stato,Cusago,112 / 113,,We 10:00-12:00; Sa 09:00-11:00; PH off,"Presidio delle Forze dell'Ordine attivo sul territorio per la ricezione di denunce, segnalazioni e tutela immediata. In caso di pericolo immediato, comporre il 112.",45.4464395,9.0336697
Carabinieri Forestali,Arma dei Carabinieri,Indirizzo non disponibile,112 / 113,,In genere H24 o secondo orari di caserma,"Presidio delle Forze dell'Ordine attivo sul territorio per la ricezione di denunce, segnalazioni e tutela immediata. In caso di pericolo immediato, comporre il 112.",45.946024,9.6750738
Stazione Carabinieri Gropello Cairoli,Arma dei Carabinieri,"Via Guglielmo Marconi 42/44, 27027, Gropello Cairoli",112 / 113,,In genere H24 o secondo orari di caserma,"Presidio delle Forze dell'Ordine attivo sul territorio per la ricezione di denunce, segnalazioni e tutela immediata. In caso di pericolo immediato, comporre il 112.",45.179308,8.9849736
Polizia di Stato,Polizia di Stato,Indirizzo non disponibile,+39 035 4872359,https://www.comune.colognoalserio.bg.it/amministrazione/uffici/polizia-locale,"Mo,Th 09:00-11:30; Tu 14:30-16:30","Presidio delle Forze dell'Ordine attivo sul territorio per la ricezione di denunce, segnalazioni e tutela immediata. In caso di pericolo immediato, comporre il 112.",45.5814484,9.706242
Guardia di Finanza,Forze dell'Ordine,"Località Palone 13, Dumenza",112 / 113,,In genere H24 o secondo orari di caserma,"Presidio delle Forze dell'Ordine attivo sul territorio per la ricezione di denunce, segnalazioni e tutela immediata. In caso di pericolo immediato, comporre il 112.",46.0053976,8.7918298
Polizia locale,Polizia di Stato,Indirizzo non disponibile,112 / 113,,In genere H24 o secondo orari di caserma,"Presidio delle Forze dell'Ordine attivo sul territorio per la ricezione di denunce, segnalazioni e tutela immediata. In caso di pericolo immediato, comporre il 112.",45.7007663,9.0013922
Polizia Locale,Polizia di Stato,Indirizzo non disponibile,112 / 113,,In genere H24 o secondo orari di caserma,"Presidio delle Forze dell'Ordine attivo sul territorio per la ricezione di denunce, segnalazioni e tutela immediata. In caso di pericolo immediato, comporre il 112.",45.2674607,9.2190426
Stazione Carabinieri,Arma dei Carabinieri,Indirizzo non disponibile,112 / 113,,In genere H24 o secondo orari di caserma,"Presidio delle Forze dell'Ordine attivo sul territorio per la ricezione di denunce, segnalazioni e tutela immediata. In caso di pericolo immediato, comporre il 112.",45.6892817,9.4743481
Polizia Locale,Polizia di Stato,Indirizzo non disponibile,112 / 113,,In genere H24 o secondo orari di caserma,"Presidio delle Forze dell'Ordine attivo sul territorio per la ricezione di denunce, segnalazioni e tutela immediata. In caso di pericolo immediato, comporre il 112.",45.0812213,10.3568802
Polizia Locale di Verdellino,Polizia di Stato,"Via Verdi 13, 24040, Verdello",112 / 113,,In genere H24 o secondo orari di caserma,"Presidio delle Forze dell'Ordine attivo sul territorio per la ricezione di denunce, segnalazioni e tutela immediata. In caso di pericolo immediato, comporre il 112.",45.6047301,9.6158412
Polizia Locale Comando Centrale,Polizia di Stato,"20122, Milano",112 / 113,,In genere H24 o secondo orari di caserma,"Presidio delle Forze dell'Ordine attivo sul territorio per la ricezione di denunce, segnalazioni e tutela immediata. In caso di pericolo immediato, comporre il 112.",45.4637954,9.1949974
Carabinieri - NAS,Arma dei Carabinieri,"Via Vincenzo Monti 58, 20145, Milano",+390262767213,,In genere H24 o secondo orari di caserma,"Presidio delle Forze dell'Ordine attivo sul territorio per la ricezione di denunce, segnalazioni e tutela immediata. In caso di pericolo immediato, comporre il 112.",45.4735332,9.1660881
Carabinieri - Nucleo Radiomobile Milano,Arma dei Carabinieri,"Via Vincenzo Monti 58, 20145, Milano",112 / 113,,In genere H24 o secondo orari di caserma,"Presidio delle Forze dell'Ordine attivo sul territorio per la ricezione di denunce, segnalazioni e tutela immediata. In caso di pericolo immediato, comporre il 112.",45.4738156,9.1657215
Polizia locale,Polizia di Stato,Indirizzo non disponibile,112 / 113,,In genere H24 o secondo orari di caserma,"Presidio delle Forze dell'Ordine attivo sul territorio per la ricezione di denunce, segnalazioni e tutela immediata. In caso di pericolo immediato, comporre il 112.",45.6994421,9.2099257
Polizia Locale Comando Decentrato 9,Polizia di Stato,"Via Livigno 3, 20158, Milano",112 / 113,,In genere H24 o secondo orari di caserma,"Presidio delle Forze dell'Ordine attivo sul territorio per la ricezione di denunce, segnalazioni e tutela immediata. In caso di pericolo immediato, comporre il 112.",45.4986801,9.1781762
Polizia Provinciale Milano Centrale Operativa,Polizia di Stato,"Via Principe Eugenio 53, 20155, Milano",112 / 113,,In genere H24 o secondo orari di caserma,"Presidio delle Forze dell'Ordine attivo sul territorio per la ricezione di denunce, segnalazioni e tutela immediata. In caso di pericolo immediato, comporre il 112.",45.4928376,9.1667191
Polizia di Stato - Personale e Servizi Tecnico Logistici,Polizia di Stato,Indirizzo non disponibile,112 / 113,,In genere H24 o secondo orari di caserma,"Presidio delle Forze dell'Ordine attivo sul territorio per la ricezione di denunce, segnalazioni e tutela immediata. In caso di pericolo immediato, comporre il 112.",45.4637132,9.1762949
Polizia di stato - Commissariato Carmine,Polizia di Stato,"Via Elia Capriolo 3, 25122, Brescia",112 / 113,,In genere H24 o secondo orari di caserma,"Presidio delle Forze dell'Ordine attivo sul territorio per la ricezione di denunce, segnalazioni e tutela immediata. In caso di pericolo immediato, comporre il 112.",45.5414777,10.2189098
Carabinieri comando di Poggio Rusco,Arma dei Carabinieri,Via Pastrengo 6,112 / 113,,In genere H24 o secondo orari di caserma,"Presidio delle Forze dell'Ordine attivo sul territorio per la ricezione di denunce, segnalazioni e tutela immediata. In caso di pericolo immediato, comporre il 112.",44.9793015,11.1229313
Polizia Locale Cuveglio ed Uniti,Polizia di Stato,Indirizzo non disponibile,112 / 113,,In genere H24 o secondo orari di caserma,"Presidio delle Forze dell'Ordine attivo sul territorio per la ricezione di denunce, segnalazioni e tutela immediata. In caso di pericolo immediato, comporre il 112.",45.9051983,8.7346944
Commissariato Porta Ticinese,Polizia di Stato,"Via Odoardo Tabacchi 6, 20136, Milano",+39028330181,https://questure.poliziadistato.it/it/servizio/commissariati/5730dc9d1c2b6663551681,In genere H24 o secondo orari di caserma,"Presidio delle Forze dell'Ordine attivo sul territorio per la ricezione di denunce, segnalazioni e tutela immediata. In caso di pericolo immediato, comporre il 112.",45.4472761,9.1806907
Commissariato Milano Porta Genova,Polizia di Stato,"Piazza Venino 3, 20123, Milano",+39 02 4380071,https://questure.poliziadistato.it/servizio/commissariati/5730dc9d1c2b6663551681,In genere H24 o secondo orari di caserma,"Presidio delle Forze dell'Ordine attivo sul territorio per la ricezione di denunce, segnalazioni e tutela immediata. In caso di pericolo immediato, comporre il 112.",45.4607191,9.1689334
Corpo di Polizia Locale - Lonato,Polizia di Stato,"Piazza Martiri della Libertà 8, 25017, Lonato del Garda",112 / 113,,In genere H24 o secondo orari di caserma,"Presidio delle Forze dell'Ordine attivo sul territorio per la ricezione di denunce, segnalazioni e tutela immediata. In caso di pericolo immediato, comporre il 112.",45.4612281,10.4842169
Presidio Forze dell'Ordine,Forze dell'Ordine,Indirizzo non disponibile,112 / 113,,In genere H24 o secondo orari di caserma,"Presidio delle Forze dell'Ordine attivo sul territorio per la ricezione di denunce, segnalazioni e tutela immediata. In caso di pericolo immediato, comporre il 112.",44.9947063,9.0176235
Polizia Locale,Polizia di Stato,Indirizzo non disponibile,112 / 113,,In genere H24 o secondo orari di caserma,"Presidio delle Forze dell'Ordine attivo sul territorio per la ricezione di denunce, segnalazioni e tutela immediata. In caso di pericolo immediato, comporre il 112.",45.6034018,9.1237452
Presidio Forze dell'Ordine,Forze dell'Ordine,Indirizzo non disponibile,112 / 113,https://infocarabinieri.com/carabinieri-campione-ditalia/,In genere H24 o secondo orari di caserma,"Presidio delle Forze dell'Ordine attivo sul territorio per la ricezione di denunce, segnalazioni e tutela immediata. In caso di pericolo immediato, comporre il 112.",45.9676482,8.9713549
Guardia di Finanza - Comando Provinciale Milano,Forze dell'Ordine,"Via Valtellina 3, 20159, Milano",112 / 113,,In genere H24 o secondo orari di caserma,"Presidio delle Forze dell'Ordine attivo sul territorio per la ricezione di denunce, segnalazioni e tutela immediata. In caso di pericolo immediato, comporre il 112.",45.4906151,9.1805789
Commissariato Milano Villa San Giovanni,Polizia di Stato,Indirizzo non disponibile,112 / 113,,In genere H24 o secondo orari di caserma,"Presidio delle Forze dell'Ordine attivo sul territorio per la ricezione di denunce, segnalazioni e tutela immediata. In caso di pericolo immediato, comporre il 112.",45.5213646,9.2276752
Polizia di Stato - Commissariato Sempione,Polizia di Stato,"Viale Certosa 7, 20149, Milano",+39023267121,,In genere H24 o secondo orari di caserma,"Presidio delle Forze dell'Ordine attivo sul territorio per la ricezione di denunce, segnalazioni e tutela immediata. In caso di pericolo immediato, comporre il 112.",45.4885092,9.1543022
Guardia di Finanza - Comando Interregionale Nord Occidentale,Forze dell'Ordine,Indirizzo non disponibile,112 / 113,,In genere H24 o secondo orari di caserma,"Presidio delle Forze dell'Ordine attivo sul territorio per la ricezione di denunce, segnalazioni e tutela immediata. In caso di pericolo immediato, comporre il 112.",45.4788896,9.1671224
Commissariato Lorenteggio,Polizia di Stato,Indirizzo non disponibile,112 / 113,,In genere H24 o secondo orari di caserma,"Presidio delle Forze dell'Ordine attivo sul territorio per la ricezione di denunce, segnalazioni e tutela immediata. In caso di pericolo immediato, comporre il 112.",45.4504246,9.1349032
Carabinieri Comando Interregionale 1ª Divisione Pastrengo,Arma dei Carabinieri,Indirizzo non disponibile,112 / 113,,In genere H24 o secondo orari di caserma,"Presidio delle Forze dell'Ordine attivo sul territorio per la ricezione di denunce, segnalazioni e tutela immediata. In caso di pericolo immediato, comporre il 112.",45.4778635,9.1945205
Stazione Carabinieri Porta Genova,Arma dei Carabinieri,Indirizzo non disponibile,112 / 113,,In genere H24 o secondo orari di caserma,"Presidio delle Forze dell'Ordine attivo sul territorio per la ricezione di denunce, segnalazioni e tutela immediata. In caso di pericolo immediato, comporre il 112.",45.4601013,9.1379132
Polizia Locale - Comando Decentrato 7,Polizia di Stato,"Via Seprio 9, 20149, Milano",112 / 113,https://www.comune.milano.it/servizi/comandi-decentrati-della-polizia-locale/comando-decentrato-7,In genere H24 o secondo orari di caserma,"Presidio delle Forze dell'Ordine attivo sul territorio per la ricezione di denunce, segnalazioni e tutela immediata. In caso di pericolo immediato, comporre il 112.",45.4657291,9.1533605
Guardia di Finanza - Nucleo Polizia Tributaria,Polizia di Stato,Indirizzo non disponibile,112 / 113,,In genere H24 o secondo orari di caserma,"Presidio delle Forze dell'Ordine attivo sul territorio per la ricezione di denunce, segnalazioni e tutela immediata. In caso di pericolo immediato, comporre il 112.",45.4878989,9.2033711
Comando Stazione Carabinieri Milano Vigentino,Arma dei Carabinieri,Indirizzo non disponibile,+3902531580,,In genere H24 o secondo orari di caserma,"Presidio delle Forze dell'Ordine attivo sul territorio per la ricezione di denunce, segnalazioni e tutela immediata. In caso di pericolo immediato, comporre il 112.",45.4317629,9.2012282
Carabinieri Comando III Reggimento Lombardia,Arma dei Carabinieri,Indirizzo non disponibile,112 / 113,,In genere H24 o secondo orari di caserma,"Presidio delle Forze dell'Ordine attivo sul territorio per la ricezione di denunce, segnalazioni e tutela immediata. In caso di pericolo immediato, comporre il 112.",45.4572225,9.2021021
Comando Polizia Locale di Albino,Polizia di Stato,"Via Giuseppe Mazzini 2b, 24021, Albino",112 / 113,,In genere H24 o secondo orari di caserma,"Presidio delle Forze dell'Ordine attivo sul territorio per la ricezione di denunce, segnalazioni e tutela immediata. In caso di pericolo immediato, comporre il 112.",45.7604391,9.7962724
Polizia locale,Polizia di Stato,Indirizzo non disponibile,112 / 113,,In genere H24 o secondo orari di caserma,"Presidio delle Forze dell'Ordine attivo sul territorio per la ricezione di denunce, segnalazioni e tutela immediata. In caso di pericolo immediato, comporre il 112.",45.3954371,9.2128217
Comando Stazione Carabinieri Ardenno,Arma dei Carabinieri,"Via Libertà 94, 23011, Ardenno",+390342661266,,Mo-Su 10:00-13:00,"Presidio delle Forze dell'Ordine attivo sul territorio per la ricezione di denunce, segnalazioni e tutela immediata. In caso di pericolo immediato, comporre il 112.",46.1647974,9.6491762
Nucleo Antisofisticazioni e Sanità,Arma dei Carabinieri,"Via Vittorio Veneto 3d, Brescia",112 / 113,,In genere H24 o secondo orari di caserma,"Presidio delle Forze dell'Ordine attivo sul territorio per la ricezione di denunce, segnalazioni e tutela immediata. In caso di pericolo immediato, comporre il 112.",45.5497693,10.2146476
Comando Compagnia Carabinieri Merate,Arma dei Carabinieri,"Via Antonio Gramsci 1, 23807, Merate",112 / 113,,In genere H24 o secondo orari di caserma,"Presidio delle Forze dell'Ordine attivo sul territorio per la ricezione di denunce, segnalazioni e tutela immediata. In caso di pericolo immediato, comporre il 112.",45.6892328,9.4150706
Presidio Forze dell'Ordine,Forze dell'Ordine,Indirizzo non disponibile,112 / 113,,In genere H24 o secondo orari di caserma,"Presidio delle Forze dell'Ordine attivo sul territorio per la ricezione di denunce, segnalazioni e tutela immediata. In caso di pericolo immediato, comporre il 112.",45.6051976,10.5206557
Polizia Locale,Polizia di Stato,Indirizzo non disponibile,+39 0383 336435,https://www.vogheranews.it/wp/2025/07/voghera-10-07-2025-autunno-piazzale-marconi-apre-il-presidio-fisso-la-sicurezza-stazione,In genere H24 o secondo orari di caserma,"Presidio delle Forze dell'Ordine attivo sul territorio per la ricezione di denunce, segnalazioni e tutela immediata. In caso di pericolo immediato, comporre il 112.",44.9975077,9.0102424
Polizia di Stato - 2° Reparto Volo Malpensa,Polizia di Stato,Indirizzo non disponibile,112 / 113,,In genere H24 o secondo orari di caserma,"Presidio delle Forze dell'Ordine attivo sul territorio per la ricezione di denunce, segnalazioni e tutela immediata. In caso di pericolo immediato, comporre il 112.",45.6441356,8.7106586
Comando Stazione Carabinieri Aeroporto Malpensa,Arma dei Carabinieri,Indirizzo non disponibile,+390258583439,,In genere H24 o secondo orari di caserma,"Presidio delle Forze dell'Ordine attivo sul territorio per la ricezione di denunce, segnalazioni e tutela immediata. In caso di pericolo immediato, comporre il 112.",45.6408257,8.7156276
Polizia Locale di Peschiera Borromeo,Polizia di Stato,"Via Giosuè Carducci 14, 20068, Peschiera Borromeo",112 / 113,,In genere H24 o secondo orari di caserma,"Presidio delle Forze dell'Ordine attivo sul territorio per la ricezione di denunce, segnalazioni e tutela immediata. In caso di pericolo immediato, comporre il 112.",45.4292265,9.2952703
Carabinieri - Comando Stazione Cesano Boscone,Arma dei Carabinieri,Indirizzo non disponibile,112 / 113,,In genere H24 o secondo orari di caserma,"Presidio delle Forze dell'Ordine attivo sul territorio per la ricezione di denunce, segnalazioni e tutela immediata. In caso di pericolo immediato, comporre il 112.",45.4442973,9.0870961
Polizia Locale Corsico,Polizia di Stato,Indirizzo non disponibile,112 / 113,,In genere H24 o secondo orari di caserma,"Presidio delle Forze dell'Ordine attivo sul territorio per la ricezione di denunce, segnalazioni e tutela immediata. In caso di pericolo immediato, comporre il 112.",45.4416376,9.1092527
Carabinieri Stazione Porta Magenta,Arma dei Carabinieri,Indirizzo non disponibile,112 / 113,,In genere H24 o secondo orari di caserma,"Presidio delle Forze dell'Ordine attivo sul territorio per la ricezione di denunce, segnalazioni e tutela immediata. In caso di pericolo immediato, comporre il 112.",45.4736695,9.1659012
Stazione Carabinieri Aeroporto Milano-Linate,Arma dei Carabinieri,"Via Forlanini Snc, 20054, Segrate",+39027384426,,08:00-22:00,"Presidio delle Forze dell'Ordine attivo sul territorio per la ricezione di denunce, segnalazioni e tutela immediata. In caso di pericolo immediato, comporre il 112.",45.4615893,9.279916
Polizia Locale di Missaglia,Polizia di Stato,"Via Giuseppe Garibaldi 85, 23873, Missaglia",+39 039 9200211,https://www.comune.missaglia.lc.it/amministrazione/uffici/ufficio_8.html,In genere H24 o secondo orari di caserma,"Presidio delle Forze dell'Ordine attivo sul territorio per la ricezione di denunce, segnalazioni e tutela immediata. In caso di pericolo immediato, comporre il 112.",45.7082405,9.3390277
Carabinieri,Arma dei Carabinieri,Indirizzo non disponibile,112 / 113,,In genere H24 o secondo orari di caserma,"Presidio delle Forze dell'Ordine attivo sul territorio per la ricezione di denunce, segnalazioni e tutela immediata. In caso di pericolo immediato, comporre il 112.",45.6053338,9.6303451
Presidio Forze dell'Ordine,Forze dell'Ordine,Indirizzo non disponibile,112 / 113,,In genere H24 o secondo orari di caserma,"Presidio delle Forze dell'Ordine attivo sul territorio per la ricezione di denunce, segnalazioni e tutela immediata. In caso di pericolo immediato, comporre il 112.",45.8957942,9.4236799
Commissariato Lambrate,Polizia di Stato,Indirizzo non disponibile,112 / 113,,In genere H24 o secondo orari di caserma,"Presidio delle Forze dell'Ordine attivo sul territorio per la ricezione di denunce, segnalazioni e tutela immediata. In caso di pericolo immediato, comporre il 112.",45.4907205,9.2387072
Autocentro della Polizia di Stato,Polizia di Stato,"Via Attilio Regolo 29, 20138, Milano",112 / 113,,In genere H24 o secondo orari di caserma,"Presidio delle Forze dell'Ordine attivo sul territorio per la ricezione di denunce, segnalazioni e tutela immediata. In caso di pericolo immediato, comporre il 112.",45.4572529,9.2391254
Stazione Carabinieri di Cusano Milanino,Arma dei Carabinieri,Indirizzo non disponibile,112 / 113,,In genere H24 o secondo orari di caserma,"Presidio delle Forze dell'Ordine attivo sul territorio per la ricezione di denunce, segnalazioni e tutela immediata. In caso di pericolo immediato, comporre il 112.",45.5577263,9.1858174
Carabinieri - Comando Compagnia Porta Monforte,Arma dei Carabinieri,Indirizzo non disponibile,112 / 113,,In genere H24 o secondo orari di caserma,"Presidio delle Forze dell'Ordine attivo sul territorio per la ricezione di denunce, segnalazioni e tutela immediata. In caso di pericolo immediato, comporre il 112.",45.4544255,9.2164244
Comando Stazione Carabinieri di Palazzolo sull'Oglio,Arma dei Carabinieri,Indirizzo non disponibile,112 / 113,,In genere H24 o secondo orari di caserma,"Presidio delle Forze dell'Ordine attivo sul territorio per la ricezione di denunce, segnalazioni e tutela immediata. In caso di pericolo immediato, comporre il 112.",45.5956412,9.8901955
Carabinieri - Comando Provinciale Milano,Arma dei Carabinieri,Indirizzo non disponibile,112 / 113,,In genere H24 o secondo orari di caserma,"Presidio delle Forze dell'Ordine attivo sul territorio per la ricezione di denunce, segnalazioni e tutela immediata. In caso di pericolo immediato, comporre il 112.",45.4764411,9.1902161
Guardia di Finanza - Comando Regionale Lombardia,Forze dell'Ordine,Indirizzo non disponibile,112 / 113,,In genere H24 o secondo orari di caserma,"Presidio delle Forze dell'Ordine attivo sul territorio per la ricezione di denunce, segnalazioni e tutela immediata. In caso di pericolo immediato, comporre il 112.",45.4817604,9.1912891
Questura,Polizia di Stato,Via Botticelli 2,+39 030 37441,https://questure.poliziadistato.it/,In genere H24 o secondo orari di caserma,"Presidio delle Forze dell'Ordine attivo sul territorio per la ricezione di denunce, segnalazioni e tutela immediata. In caso di pericolo immediato, comporre il 112.",45.5253321,10.2416423
Polizia Locale,Polizia di Stato,Indirizzo non disponibile,+39 02 615 0421,,"Mo-Sa 09:00-12:30; Mo,We 16:00-18:45","Presidio delle Forze dell'Ordine attivo sul territorio per la ricezione di denunce, segnalazioni e tutela immediata. In caso di pericolo immediato, comporre il 112.",45.5456852,9.1572232
Polizia Locale,Polizia di Stato,Indirizzo non disponibile,112 / 113,,In genere H24 o secondo orari di caserma,"Presidio delle Forze dell'Ordine attivo sul territorio per la ricezione di denunce, segnalazioni e tutela immediata. In caso di pericolo immediato, comporre il 112.",45.6916035,9.6117803
Carabinieri,Arma dei Carabinieri,Indirizzo non disponibile,112 / 113,,In genere H24 o secondo orari di caserma,"Presidio delle Forze dell'Ordine attivo sul territorio per la ricezione di denunce, segnalazioni e tutela immediata. In caso di pericolo immediato, comporre il 112.",45.6917675,9.6104685
Stazione Carabinieri Casteggio,Arma dei Carabinieri,Indirizzo non disponibile,112 / 113,,In genere H24 o secondo orari di caserma,"Presidio delle Forze dell'Ordine attivo sul territorio per la ricezione di denunce, segnalazioni e tutela immediata. In caso di pericolo immediato, comporre il 112.",45.0157792,9.1310944
Questura,Polizia di Stato,Indirizzo non disponibile,112 / 113,,In genere H24 o secondo orari di caserma,"Presidio delle Forze dell'Ordine attivo sul territorio per la ricezione di denunce, segnalazioni e tutela immediata. In caso di pericolo immediato, comporre il 112.",45.7015079,9.6814604
Caserma Carabinieri Bergamo,Arma dei Carabinieri,Indirizzo non disponibile,112 / 113,,In genere H24 o secondo orari di caserma,"Presidio delle Forze dell'Ordine attivo sul territorio per la ricezione di denunce, segnalazioni e tutela immediata. In caso di pericolo immediato, comporre il 112.",45.6967855,9.6930496
Carabinieri,Arma dei Carabinieri,Indirizzo non disponibile,112 / 113,,In genere H24 o secondo orari di caserma,"Presidio delle Forze dell'Ordine attivo sul territorio per la ricezione di denunce, segnalazioni e tutela immediata. In caso di pericolo immediato, comporre il 112.",45.7402441,9.1251511
Stazione Carabinieri,Arma dei Carabinieri,"Via dei Mille 16, 20082",112 / 113,,In genere H24 o secondo orari di caserma,"Presidio delle Forze dell'Ordine attivo sul territorio per la ricezione di denunce, segnalazioni e tutela immediata. In caso di pericolo immediato, comporre il 112.",45.3274354,9.1015161
Comando Stazione Carabinieri Livigno,Arma dei Carabinieri,"Via Bondi 45, 23041, Livigno",+300342996009,,Mo-Su 08:00-22:00,"Presidio delle Forze dell'Ordine attivo sul territorio per la ricezione di denunce, segnalazioni e tutela immediata. In caso di pericolo immediato, comporre il 112.",46.5382692,10.137895
Polizia,Polizia di Stato,Indirizzo non disponibile,112 / 113,,In genere H24 o secondo orari di caserma,"Presidio delle Forze dell'Ordine attivo sul territorio per la ricezione di denunce, segnalazioni e tutela immediata. In caso di pericolo immediato, comporre il 112.",45.804111,9.0833777
Presidio Forze dell'Ordine,Forze dell'Ordine,Indirizzo non disponibile,112 / 113,,In genere H24 o secondo orari di caserma,"Presidio delle Forze dell'Ordine attivo sul territorio per la ricezione di denunce, segnalazioni e tutela immediata. In caso di pericolo immediato, comporre il 112.",46.4735473,10.3711975
Guardia di finanza,Forze dell'Ordine,Indirizzo non disponibile,112 / 113,,In genere H24 o secondo orari di caserma,"Presidio delle Forze dell'Ordine attivo sul territorio per la ricezione di denunce, segnalazioni e tutela immediata. In caso di pericolo immediato, comporre il 112.",45.6081986,10.5339099
Carabinieri Agrate Brianza,Arma dei Carabinieri,Indirizzo non disponibile,112 / 113,,In genere H24 o secondo orari di caserma,"Presidio delle Forze dell'Ordine attivo sul territorio per la ricezione di denunce, segnalazioni e tutela immediata. In caso di pericolo immediato, comporre il 112.",45.5726461,9.3533234
Stazione Carabinieri,Arma dei Carabinieri,Indirizzo non disponibile,112 / 113,,In genere H24 o secondo orari di caserma,"Presidio delle Forze dell'Ordine attivo sul territorio per la ricezione di denunce, segnalazioni e tutela immediata. In caso di pericolo immediato, comporre il 112.",45.1782224,9.6486955
Presidio Forze dell'Ordine,Forze dell'Ordine,Indirizzo non disponibile,112 / 113,,In genere H24 o secondo orari di caserma,"Presidio delle Forze dell'Ordine attivo sul territorio per la ricezione di denunce, segnalazioni e tutela immediata. In caso di pericolo immediato, comporre il 112.",45.1783682,9.648577
Polizia Municipale Brugherio,Polizia di Stato,Indirizzo non disponibile,112 / 113,,In genere H24 o secondo orari di caserma,"Presidio delle Forze dell'Ordine attivo sul territorio per la ricezione di denunce, segnalazioni e tutela immediata. In caso di pericolo immediato, comporre il 112.",45.5455242,9.3030463
Carabinieri,Arma dei Carabinieri,Indirizzo non disponibile,112 / 113,,In genere H24 o secondo orari di caserma,"Presidio delle Forze dell'Ordine attivo sul territorio per la ricezione di denunce, segnalazioni e tutela immediata. In caso di pericolo immediato, comporre il 112.",45.6876051,9.7273053
Carabinieri stazione di Brugherio,Arma dei Carabinieri,Indirizzo non disponibile,112 / 113,,In genere H24 o secondo orari di caserma,"Presidio delle Forze dell'Ordine attivo sul territorio per la ricezione di denunce, segnalazioni e tutela immediata. In caso di pericolo immediato, comporre il 112.",45.5491738,9.2993571
Carabinieri Vimercate,Arma dei Carabinieri,Indirizzo non disponibile,112 / 113,,In genere H24 o secondo orari di caserma,"Presidio delle Forze dell'Ordine attivo sul territorio per la ricezione di denunce, segnalazioni e tutela immediata. In caso di pericolo immediato, comporre il 112.",45.6093056,9.3650393
Stazione Carabinieri di Varese,Arma dei Carabinieri,Indirizzo non disponibile,+39 0332 4501,,24/7,"Presidio delle Forze dell'Ordine attivo sul territorio per la ricezione di denunce, segnalazioni e tutela immediata. In caso di pericolo immediato, comporre il 112.",45.8352692,8.7951128
Polizia Locale,Polizia di Stato,Indirizzo non disponibile,112 / 113,,In genere H24 o secondo orari di caserma,"Presidio delle Forze dell'Ordine attivo sul territorio per la ricezione di denunce, segnalazioni e tutela immediata. In caso di pericolo immediato, comporre il 112.",45.6921782,9.6564724
Carabinieri,Arma dei Carabinieri,Indirizzo non disponibile,112 / 113,,In genere H24 o secondo orari di caserma,"Presidio delle Forze dell'Ordine attivo sul territorio per la ricezione di denunce, segnalazioni e tutela immediata. In caso di pericolo immediato, comporre il 112.",45.6348926,9.8684326
Stazione Carabinieri di Gavirate,Arma dei Carabinieri,Indirizzo non disponibile,+39 0332 743212,,08:00-22:00,"Presidio delle Forze dell'Ordine attivo sul territorio per la ricezione di denunce, segnalazioni e tutela immediata. In caso di pericolo immediato, comporre il 112.",45.8436515,8.7118069
Comando Provinciale Carabinieri,Arma dei Carabinieri,Indirizzo non disponibile,112 / 113,,In genere H24 o secondo orari di caserma,"Presidio delle Forze dell'Ordine attivo sul territorio per la ricezione di denunce, segnalazioni e tutela immediata. In caso di pericolo immediato, comporre il 112.",45.7987125,9.0946038
Carabinieri – Stazione Milano Gratosoglio,Arma dei Carabinieri,Indirizzo non disponibile,+39 02 8260 386,,In genere H24 o secondo orari di caserma,"Presidio delle Forze dell'Ordine attivo sul territorio per la ricezione di denunce, segnalazioni e tutela immediata. In caso di pericolo immediato, comporre il 112.",45.4220278,9.1784744
Polizia Locale Casalpusterlengo,Polizia di Stato,Indirizzo non disponibile,112 / 113,,In genere H24 o secondo orari di caserma,"Presidio delle Forze dell'Ordine attivo sul territorio per la ricezione di denunce, segnalazioni e tutela immediata. In caso di pericolo immediato, comporre il 112.",45.177382,9.6495269
Stazione Carabinieri di Appiano Gentile,Arma dei Carabinieri,Indirizzo non disponibile,+39 031 930218,,Mo-Su 08:00-22:00,"Presidio delle Forze dell'Ordine attivo sul territorio per la ricezione di denunce, segnalazioni e tutela immediata. In caso di pericolo immediato, comporre il 112.",45.7318803,8.9819463
Polizia di Stato,Polizia di Stato,Indirizzo non disponibile,112 / 113,,In genere H24 o secondo orari di caserma,"Presidio delle Forze dell'Ordine attivo sul territorio per la ricezione di denunce, segnalazioni e tutela immediata. In caso di pericolo immediato, comporre il 112.",45.6055217,10.5139057
Polizia Municipale di Segrate,Polizia di Stato,Indirizzo non disponibile,112 / 113,,In genere H24 o secondo orari di caserma,"Presidio delle Forze dell'Ordine attivo sul territorio per la ricezione di denunce, segnalazioni e tutela immediata. In caso di pericolo immediato, comporre il 112.",45.4876874,9.2946254
Carabinieri,Arma dei Carabinieri,Indirizzo non disponibile,+39 02 66307192,,In genere H24 o secondo orari di caserma,"Presidio delle Forze dell'Ordine attivo sul territorio per la ricezione di denunce, segnalazioni e tutela immediata. In caso di pericolo immediato, comporre il 112.",45.5418476,9.1655799
Stazione Carabinieri,Arma dei Carabinieri,Indirizzo non disponibile,112 / 113,,In genere H24 o secondo orari di caserma,"Presidio delle Forze dell'Ordine attivo sul territorio per la ricezione di denunce, segnalazioni e tutela immediata. In caso di pericolo immediato, comporre il 112.",45.4976665,9.2940421
Comando Stazione Carabinieri di Nova Milanese,Arma dei Carabinieri,Indirizzo non disponibile,+390362366677,,Mo-Su 08:00-22:00,"Presidio delle Forze dell'Ordine attivo sul territorio per la ricezione di denunce, segnalazioni e tutela immediata. In caso di pericolo immediato, comporre il 112.",45.5924387,9.1976353
Carabinieri,Arma dei Carabinieri,Indirizzo non disponibile,112 / 113,,In genere H24 o secondo orari di caserma,"Presidio delle Forze dell'Ordine attivo sul territorio per la ricezione di denunce, segnalazioni e tutela immediata. In caso di pericolo immediato, comporre il 112.",46.0734756,9.3031491
Carabinieri,Arma dei Carabinieri,Indirizzo non disponibile,112 / 113,,In genere H24 o secondo orari di caserma,"Presidio delle Forze dell'Ordine attivo sul territorio per la ricezione di denunce, segnalazioni e tutela immediata. In caso di pericolo immediato, comporre il 112.",45.745616,9.6148567
Stazione Carabinieri di Introbio,Arma dei Carabinieri,Indirizzo non disponibile,112 / 113,,In genere H24 o secondo orari di caserma,"Presidio delle Forze dell'Ordine attivo sul territorio per la ricezione di denunce, segnalazioni e tutela immediata. In caso di pericolo immediato, comporre il 112.",45.9702298,9.4535992
Comando Compagnia Carabinieri di Zogno,Arma dei Carabinieri,Indirizzo non disponibile,112 / 113,,In genere H24 o secondo orari di caserma,"Presidio delle Forze dell'Ordine attivo sul territorio per la ricezione di denunce, segnalazioni e tutela immediata. In caso di pericolo immediato, comporre il 112.",45.7924682,9.6657059
Comando Stazione Carabinieri di Travagliato,Arma dei Carabinieri,Indirizzo non disponibile,+39 030 660222,,In genere H24 o secondo orari di caserma,"Presidio delle Forze dell'Ordine attivo sul territorio per la ricezione di denunce, segnalazioni e tutela immediata. In caso di pericolo immediato, comporre il 112.",45.5187799,10.0859258
Presidio Forze dell'Ordine,Forze dell'Ordine,Indirizzo non disponibile,112 / 113,,In genere H24 o secondo orari di caserma,"Presidio delle Forze dell'Ordine attivo sul territorio per la ricezione di denunce, segnalazioni e tutela immediata. In caso di pericolo immediato, comporre il 112.",46.1718752,9.3691796
Guardia di Finanza Tenenza di Bormio,Forze dell'Ordine,"Via Nicolino Zenoni 6, 23032, Bormio",+39 0342 904686,,In genere H24 o secondo orari di caserma,"Presidio delle Forze dell'Ordine attivo sul territorio per la ricezione di denunce, segnalazioni e tutela immediata. In caso di pericolo immediato, comporre il 112.",46.4643824,10.3788574
Polizia Municipale,Polizia di Stato,"Piazza della Libertà 20, 26100, Cremona",+39 0372 454516,https://www.comune.cremona.it,In genere H24 o secondo orari di caserma,"Presidio delle Forze dell'Ordine attivo sul territorio per la ricezione di denunce, segnalazioni e tutela immediata. In caso di pericolo immediato, comporre il 112.",45.1376662,10.032711
Stazione Carabinieri,Arma dei Carabinieri,Indirizzo non disponibile,112 / 113,,In genere H24 o secondo orari di caserma,"Presidio delle Forze dell'Ordine attivo sul territorio per la ricezione di denunce, segnalazioni e tutela immediata. In caso di pericolo immediato, comporre il 112.",46.0362693,9.1279229
Carabinieri,Arma dei Carabinieri,Indirizzo non disponibile,112 / 113,,In genere H24 o secondo orari di caserma,"Presidio delle Forze dell'Ordine attivo sul territorio per la ricezione di denunce, segnalazioni e tutela immediata. In caso di pericolo immediato, comporre il 112.",45.3851654,10.6926678
Carabinieri di Menaggio,Arma dei Carabinieri,Indirizzo non disponibile,112 / 113,,In genere H24 o secondo orari di caserma,"Presidio delle Forze dell'Ordine attivo sul territorio per la ricezione di denunce, segnalazioni e tutela immediata. In caso di pericolo immediato, comporre il 112.",46.0327424,9.2361563
Comando Stazione Carabinieri Novate Milanese,Arma dei Carabinieri,Indirizzo non disponibile,+39023541442,,Mo-Su 08:00-22:00,"Presidio delle Forze dell'Ordine attivo sul territorio per la ricezione di denunce, segnalazioni e tutela immediata. In caso di pericolo immediato, comporre il 112.",45.5331026,9.1372315
Guardia di Finanza - Tenenza Passo Foscagno,Forze dell'Ordine,Indirizzo non disponibile,112 / 113,,In genere H24 o secondo orari di caserma,"Presidio delle Forze dell'Ordine attivo sul territorio per la ricezione di denunce, segnalazioni e tutela immediata. In caso di pericolo immediato, comporre il 112.",46.4951739,10.2091185
Tenenza Carabinieri di Rozzano,Arma dei Carabinieri,Indirizzo non disponibile,112 / 113,,In genere H24 o secondo orari di caserma,"Presidio delle Forze dell'Ordine attivo sul territorio per la ricezione di denunce, segnalazioni e tutela immediata. In caso di pericolo immediato, comporre il 112.",45.385041,9.1653364
Stazione Carabinieri di Codogno,Arma dei Carabinieri,"Via Canestrai 1, Codogno",112 / 113,https://www.indicepa.gov.it/ricerca/n-dettaglioaoo.php?cod_amm=cc&cod_aoo=TLO25758,In genere H24 o secondo orari di caserma,"Presidio delle Forze dell'Ordine attivo sul territorio per la ricezione di denunce, segnalazioni e tutela immediata. In caso di pericolo immediato, comporre il 112.",45.1574555,9.7118677
Commissariato Mecenate,Polizia di Stato,Indirizzo non disponibile,+39 02 509 941,,In genere H24 o secondo orari di caserma,"Presidio delle Forze dell'Ordine attivo sul territorio per la ricezione di denunce, segnalazioni e tutela immediata. In caso di pericolo immediato, comporre il 112.",45.4490926,9.2519764
Comando Stazione Carabinieri di Sirmione,Arma dei Carabinieri,Indirizzo non disponibile,112 / 113,,In genere H24 o secondo orari di caserma,"Presidio delle Forze dell'Ordine attivo sul territorio per la ricezione di denunce, segnalazioni e tutela immediata. In caso di pericolo immediato, comporre il 112.",45.4617614,10.6229925
Stazione Carabinieri di Viggiù,Arma dei Carabinieri,Indirizzo non disponibile,+39 0332 486101,,10:00-18:00,"Presidio delle Forze dell'Ordine attivo sul territorio per la ricezione di denunce, segnalazioni e tutela immediata. In caso di pericolo immediato, comporre il 112.",45.8688711,8.9143657
Guardia di Finanza,Forze dell'Ordine,Indirizzo non disponibile,112 / 113,,In genere H24 o secondo orari di caserma,"Presidio delle Forze dell'Ordine attivo sul territorio per la ricezione di denunce, segnalazioni e tutela immediata. In caso di pericolo immediato, comporre il 112.",45.539419,9.2322838
Stazione Carabinieri,Arma dei Carabinieri,Indirizzo non disponibile,112 / 113,,In genere H24 o secondo orari di caserma,"Presidio delle Forze dell'Ordine attivo sul territorio per la ricezione di denunce, segnalazioni e tutela immediata. In caso di pericolo immediato, comporre il 112.",45.7390939,9.3016378
Stazione Carabinieri Barona,Arma dei Carabinieri,Indirizzo non disponibile,112 / 113,,In genere H24 o secondo orari di caserma,"Presidio delle Forze dell'Ordine attivo sul territorio per la ricezione di denunce, segnalazioni e tutela immediata. In caso di pericolo immediato, comporre il 112.",45.4349731,9.1490183
Stazione Carabinieri di Cernobbio,Arma dei Carabinieri,Indirizzo non disponibile,112 / 113,,In genere H24 o secondo orari di caserma,"Presidio delle Forze dell'Ordine attivo sul territorio per la ricezione di denunce, segnalazioni e tutela immediata. In caso di pericolo immediato, comporre il 112.",45.8433393,9.0729938
Polizia Locale,Polizia di Stato,Indirizzo non disponibile,112 / 113,,In genere H24 o secondo orari di caserma,"Presidio delle Forze dell'Ordine attivo sul territorio per la ricezione di denunce, segnalazioni e tutela immediata. In caso di pericolo immediato, comporre il 112.",45.5343795,9.9309028
Polizia Stradale,Polizia di Stato,"Via San Genesio, 25032, Chiari",112 / 113,,In genere H24 o secondo orari di caserma,"Presidio delle Forze dell'Ordine attivo sul territorio per la ricezione di denunce, segnalazioni e tutela immediata. In caso di pericolo immediato, comporre il 112.",45.5312492,9.9314507
Polizia Locale,Polizia di Stato,"Via 11 Settembre 2001 3, 20844, Triuggio",+39 0362 997644,,In genere H24 o secondo orari di caserma,"Presidio delle Forze dell'Ordine attivo sul territorio per la ricezione di denunce, segnalazioni e tutela immediata. In caso di pericolo immediato, comporre il 112.",45.6616859,9.2631206
Stazione Carabinieri Forestali,Arma dei Carabinieri,Indirizzo non disponibile,112 / 113,,In genere H24 o secondo orari di caserma,"Presidio delle Forze dell'Ordine attivo sul territorio per la ricezione di denunce, segnalazioni e tutela immediata. In caso di pericolo immediato, comporre il 112.",46.1738556,9.8798386
Compartimento Polizia Postale Lombardia - Sezione Pavia,Polizia di Stato,"Piazzale Stazione 21, 27100, Pavia",112 / 113,,In genere H24 o secondo orari di caserma,"Presidio delle Forze dell'Ordine attivo sul territorio per la ricezione di denunce, segnalazioni e tutela immediata. In caso di pericolo immediato, comporre il 112.",45.1882179,9.1441189
Polizia locale,Polizia di Stato,"Via Fratelli Cervi, Paullo",112 / 113,,In genere H24 o secondo orari di caserma,"Presidio delle Forze dell'Ordine attivo sul territorio per la ricezione di denunce, segnalazioni e tutela immediata. In caso di pericolo immediato, comporre il 112.",45.4196585,9.3960235
Guardia di Finanza,Forze dell'Ordine,"Via Giancarlo Puecher 27, 20037",112 / 113,,In genere H24 o secondo orari di caserma,"Presidio delle Forze dell'Ordine attivo sul territorio per la ricezione di denunce, segnalazioni e tutela immediata. In caso di pericolo immediato, comporre il 112.",45.561072,9.151149
Cascina Cernuschi,Arma dei Carabinieri,Indirizzo non disponibile,112 / 113,,In genere H24 o secondo orari di caserma,"Presidio delle Forze dell'Ordine attivo sul territorio per la ricezione di denunce, segnalazioni e tutela immediata. In caso di pericolo immediato, comporre il 112.",45.5981806,9.2841958
Carabinieri Cassina de' Pecchi e Bussero,Arma dei Carabinieri,"Via Roma 70, 20051, Cassina de' Pecchi",+39 02 95299236,,In genere H24 o secondo orari di caserma,"Presidio delle Forze dell'Ordine attivo sul territorio per la ricezione di denunce, segnalazioni e tutela immediata. In caso di pericolo immediato, comporre il 112.",45.5200973,9.3676535
Comando Tenenza Carabinieri Paderno Dugnano,Arma dei Carabinieri,"Via Arturo Toscanini 34, Paderno Dugnano",+39029181726,,In genere H24 o secondo orari di caserma,"Presidio delle Forze dell'Ordine attivo sul territorio per la ricezione di denunce, segnalazioni e tutela immediata. In caso di pericolo immediato, comporre il 112.",45.573813,9.1846324
Comando Provinciale Carabinieri Lodi,Arma dei Carabinieri,Indirizzo non disponibile,112 / 113,,In genere H24 o secondo orari di caserma,"Presidio delle Forze dell'Ordine attivo sul territorio per la ricezione di denunce, segnalazioni e tutela immediata. In caso di pericolo immediato, comporre il 112.",45.2983742,9.5013657
Carabinieri,Arma dei Carabinieri,Indirizzo non disponibile,112 / 113,,In genere H24 o secondo orari di caserma,"Presidio delle Forze dell'Ordine attivo sul territorio per la ricezione di denunce, segnalazioni e tutela immediata. In caso di pericolo immediato, comporre il 112.",46.0019368,9.7589797
Caserma dei Carabinieri,Arma dei Carabinieri,Indirizzo non disponibile,112 / 113,,In genere H24 o secondo orari di caserma,"Presidio delle Forze dell'Ordine attivo sul territorio per la ricezione di denunce, segnalazioni e tutela immediata. In caso di pericolo immediato, comporre il 112.",46.2152965,10.1738138
Carabinieri,Arma dei Carabinieri,Indirizzo non disponibile,112 / 113,,In genere H24 o secondo orari di caserma,"Presidio delle Forze dell'Ordine attivo sul territorio per la ricezione di denunce, segnalazioni e tutela immediata. In caso di pericolo immediato, comporre il 112.",45.6941517,9.5793746
Comando Stazione Carabinieri di Ponte di Legno,Arma dei Carabinieri,Indirizzo non disponibile,112 / 113,,In genere H24 o secondo orari di caserma,"Presidio delle Forze dell'Ordine attivo sul territorio per la ricezione di denunce, segnalazioni e tutela immediata. In caso di pericolo immediato, comporre il 112.",46.2549177,10.5177009
Carabinieri,Arma dei Carabinieri,Indirizzo non disponibile,112 / 113,,In genere H24 o secondo orari di caserma,"Presidio delle Forze dell'Ordine attivo sul territorio per la ricezione di denunce, segnalazioni e tutela immediata. In caso di pericolo immediato, comporre il 112.",45.7541304,9.0512374
Comando Stazione Carabinieri di Leno,Arma dei Carabinieri,"Via Giulio Pastore 12, 25024, Leno",+39 030 90 6222,,In genere H24 o secondo orari di caserma,"Presidio delle Forze dell'Ordine attivo sul territorio per la ricezione di denunce, segnalazioni e tutela immediata. In caso di pericolo immediato, comporre il 112.",45.3723374,10.2114289
Carabinieri Comando Stazione Fiorano Al Serio,Arma dei Carabinieri,"Via Venticinque Aprile 6, 24020, Fiorano al Serio",+39 035 711069,,In genere H24 o secondo orari di caserma,"Presidio delle Forze dell'Ordine attivo sul territorio per la ricezione di denunce, segnalazioni e tutela immediata. In caso di pericolo immediato, comporre il 112.",45.8012521,9.8436902
Carabinieri,Arma dei Carabinieri,Indirizzo non disponibile,112 / 113,,In genere H24 o secondo orari di caserma,"Presidio delle Forze dell'Ordine attivo sul territorio per la ricezione di denunce, segnalazioni e tutela immediata. In caso di pericolo immediato, comporre il 112.",45.5987623,9.1516055
Polizia locale di Novedrate,Polizia di Stato,"22060, Novedrate",+390317897715,,"Mo, We, Fr, Sa 10:00-12:00","Presidio delle Forze dell'Ordine attivo sul territorio per la ricezione di denunce, segnalazioni e tutela immediata. In caso di pericolo immediato, comporre il 112.",45.6990233,9.1209242
Stazione Carabinieri di Ternate,Arma dei Carabinieri,Indirizzo non disponibile,+39 0332 960103,,08:00-22:00,"Presidio delle Forze dell'Ordine attivo sul territorio per la ricezione di denunce, segnalazioni e tutela immediata. In caso di pericolo immediato, comporre il 112.",45.7802901,8.6979695
Polizia stradale,Polizia di Stato,"Via Monte Bianco 70, 20862, Arcore",112 / 113,,In genere H24 o secondo orari di caserma,"Presidio delle Forze dell'Ordine attivo sul territorio per la ricezione di denunce, segnalazioni e tutela immediata. In caso di pericolo immediato, comporre il 112.",45.6295546,9.3154676
Stazione Carabinieri,Arma dei Carabinieri,Indirizzo non disponibile,112 / 113,,In genere H24 o secondo orari di caserma,"Presidio delle Forze dell'Ordine attivo sul territorio per la ricezione di denunce, segnalazioni e tutela immediata. In caso di pericolo immediato, comporre il 112.",45.9537821,9.0933411
Polizia di Stato,Polizia di Stato,Indirizzo non disponibile,112 / 113,,In genere H24 o secondo orari di caserma,"Presidio delle Forze dell'Ordine attivo sul territorio per la ricezione di denunce, segnalazioni e tutela immediata. In caso di pericolo immediato, comporre il 112.",45.3170107,8.8754823
Polizia Locale Comune di Gorgonzola,Polizia di Stato,Indirizzo non disponibile,112 / 113,,In genere H24 o secondo orari di caserma,"Presidio delle Forze dell'Ordine attivo sul territorio per la ricezione di denunce, segnalazioni e tutela immediata. In caso di pericolo immediato, comporre il 112.",45.5261667,9.4109797
Carabinieri Vimodrone,Arma dei Carabinieri,Indirizzo non disponibile,112 / 113,,In genere H24 o secondo orari di caserma,"Presidio delle Forze dell'Ordine attivo sul territorio per la ricezione di denunce, segnalazioni e tutela immediata. In caso di pericolo immediato, comporre il 112.",45.511232,9.2860162
Polizia Stradale,Polizia di Stato,Indirizzo non disponibile,112 / 113,,In genere H24 o secondo orari di caserma,"Presidio delle Forze dell'Ordine attivo sul territorio per la ricezione di denunce, segnalazioni e tutela immediata. In caso di pericolo immediato, comporre il 112.",45.4176953,10.3840952
Carabinieri,Arma dei Carabinieri,Indirizzo non disponibile,112 / 113,,In genere H24 o secondo orari di caserma,"Presidio delle Forze dell'Ordine attivo sul territorio per la ricezione di denunce, segnalazioni e tutela immediata. In caso di pericolo immediato, comporre il 112.",45.6146789,9.4242912
Guardia di Finanza - Reparto T.L.A.,Forze dell'Ordine,Indirizzo non disponibile,112 / 113,,In genere H24 o secondo orari di caserma,"Presidio delle Forze dell'Ordine attivo sul territorio per la ricezione di denunce, segnalazioni e tutela immediata. In caso di pericolo immediato, comporre il 112.",45.4821555,9.1918505
Caserma Guardia di Finanza,Forze dell'Ordine,Indirizzo non disponibile,112 / 113,,In genere H24 o secondo orari di caserma,"Presidio delle Forze dell'Ordine attivo sul territorio per la ricezione di denunce, segnalazioni e tutela immediata. In caso di pericolo immediato, comporre il 112.",46.0181401,9.0243755
Presidio Forze dell'Ordine,Forze dell'Ordine,Indirizzo non disponibile,112 / 113,,In genere H24 o secondo orari di caserma,"Presidio delle Forze dell'Ordine attivo sul territorio per la ricezione di denunce, segnalazioni e tutela immediata. In caso di pericolo immediato, comporre il 112.",46.3202281,9.3961893
Stazione Carabinieri di Laveno Mombello,Arma dei Carabinieri,Indirizzo non disponibile,+39 0332 668210,,08:00-22:00,"Presidio delle Forze dell'Ordine attivo sul territorio per la ricezione di denunce, segnalazioni e tutela immediata. In caso di pericolo immediato, comporre il 112.",45.9047158,8.6203247
Presidio Forze dell'Ordine,Forze dell'Ordine,Indirizzo non disponibile,112 / 113,,In genere H24 o secondo orari di caserma,"Presidio delle Forze dell'Ordine attivo sul territorio per la ricezione di denunce, segnalazioni e tutela immediata. In caso di pericolo immediato, comporre il 112.",46.4950278,10.2089121
Guardia di Finanza Comando di Gorgonzola,Forze dell'Ordine,Indirizzo non disponibile,112 / 113,,In genere H24 o secondo orari di caserma,"Presidio delle Forze dell'Ordine attivo sul territorio per la ricezione di denunce, segnalazioni e tutela immediata. In caso di pericolo immediato, comporre il 112.",45.5294639,9.4026553
Presidio Forze dell'Ordine,Forze dell'Ordine,Indirizzo non disponibile,112 / 113,,In genere H24 o secondo orari di caserma,"Presidio delle Forze dell'Ordine attivo sul territorio per la ricezione di denunce, segnalazioni e tutela immediata. In caso di pericolo immediato, comporre il 112.",46.029008,9.2339821
Commissariato di Pubblica Sicurezza Milano Quarto Oggiaro,Polizia di Stato,Indirizzo non disponibile,112 / 113,,In genere H24 o secondo orari di caserma,"Presidio delle Forze dell'Ordine attivo sul territorio per la ricezione di denunce, segnalazioni e tutela immediata. In caso di pericolo immediato, comporre il 112.",45.5165949,9.1370707
Presidio Forze dell'Ordine,Forze dell'Ordine,Indirizzo non disponibile,112 / 113,,In genere H24 o secondo orari di caserma,"Presidio delle Forze dell'Ordine attivo sul territorio per la ricezione di denunce, segnalazioni e tutela immediata. In caso di pericolo immediato, comporre il 112.",45.7911601,9.3508609
Carabinieri Pioltello,Arma dei Carabinieri,Indirizzo non disponibile,112 / 113,,In genere H24 o secondo orari di caserma,"Presidio delle Forze dell'Ordine attivo sul territorio per la ricezione di denunce, segnalazioni e tutela immediata. In caso di pericolo immediato, comporre il 112.",45.4999191,9.3330305
Polizia Locale,Polizia di Stato,Indirizzo non disponibile,112 / 113,,In genere H24 o secondo orari di caserma,"Presidio delle Forze dell'Ordine attivo sul territorio per la ricezione di denunce, segnalazioni e tutela immediata. In caso di pericolo immediato, comporre il 112.",45.630189,8.8893985
Comando Stazione Carabinieri di Gardone Riviera,Arma dei Carabinieri,Indirizzo non disponibile,112 / 113,,In genere H24 o secondo orari di caserma,"Presidio delle Forze dell'Ordine attivo sul territorio per la ricezione di denunce, segnalazioni e tutela immediata. In caso di pericolo immediato, comporre il 112.",45.6194553,10.5588593
Carabinieri Villasanta,Arma dei Carabinieri,"Via Thomas Alva Edison 8, 20852, Villasanta",112 / 113,,In genere H24 o secondo orari di caserma,"Presidio delle Forze dell'Ordine attivo sul territorio per la ricezione di denunce, segnalazioni e tutela immediata. In caso di pericolo immediato, comporre il 112.",45.6040814,9.3046692
Polizia locale,Polizia di Stato,"Via Valle 1, 21019, Somma Lombardo",+39 0331 9511,,In genere H24 o secondo orari di caserma,"Presidio delle Forze dell'Ordine attivo sul territorio per la ricezione di denunce, segnalazioni e tutela immediata. In caso di pericolo immediato, comporre il 112.",45.6804801,8.7190667
Stazione Carabinieri di Somma Lombardo,Arma dei Carabinieri,"Via Goito, 21019, Somma Lombardo",+39 0331 256444,,24/7,"Presidio delle Forze dell'Ordine attivo sul territorio per la ricezione di denunce, segnalazioni e tutela immediata. In caso di pericolo immediato, comporre il 112.",45.6744507,8.7078644
Carabinieri,Arma dei Carabinieri,Indirizzo non disponibile,112 / 113,,In genere H24 o secondo orari di caserma,"Presidio delle Forze dell'Ordine attivo sul territorio per la ricezione di denunce, segnalazioni e tutela immediata. In caso di pericolo immediato, comporre il 112.",45.4643398,8.8709482
Comando Stazione Carabinieri di Desenzano del Garda,Arma dei Carabinieri,"Via Guglielmo Marconi 57, 25015, Desenzano del Garda",112 / 113,,In genere H24 o secondo orari di caserma,"Presidio delle Forze dell'Ordine attivo sul territorio per la ricezione di denunce, segnalazioni e tutela immediata. In caso di pericolo immediato, comporre il 112.",45.4681416,10.5361311
Polizia stradale di San Donato Milanese,Polizia di Stato,Indirizzo non disponibile,112 / 113,,In genere H24 o secondo orari di caserma,"Presidio delle Forze dell'Ordine attivo sul territorio per la ricezione di denunce, segnalazioni e tutela immediata. In caso di pericolo immediato, comporre il 112.",45.412441,9.2613683
Comando Stazione Carabinieri di Opera,Arma dei Carabinieri,Indirizzo non disponibile,+390257600661,,In genere H24 o secondo orari di caserma,"Presidio delle Forze dell'Ordine attivo sul territorio per la ricezione di denunce, segnalazioni e tutela immediata. In caso di pericolo immediato, comporre il 112.",45.393265,9.2106214
Carabinieri,Arma dei Carabinieri,Indirizzo non disponibile,112 / 113,,In genere H24 o secondo orari di caserma,"Presidio delle Forze dell'Ordine attivo sul territorio per la ricezione di denunce, segnalazioni e tutela immediata. In caso di pericolo immediato, comporre il 112.",45.362619,9.6180198
Stazione Carabinieri,Arma dei Carabinieri,"Via Salvo D'Acquisto 56, 22066, Mariano Comense",112 / 113,https://www.carabinieri.it/,In genere H24 o secondo orari di caserma,"Presidio delle Forze dell'Ordine attivo sul territorio per la ricezione di denunce, segnalazioni e tutela immediata. In caso di pericolo immediato, comporre il 112.",45.6981406,9.1828373
Caserma Carabinieri di Crema,Arma dei Carabinieri,Indirizzo non disponibile,112 / 113,,In genere H24 o secondo orari di caserma,"Presidio delle Forze dell'Ordine attivo sul territorio per la ricezione di denunce, segnalazioni e tutela immediata. In caso di pericolo immediato, comporre il 112.",45.3525169,9.6829888
Comando Stazione Carabinieri Teglio,Arma dei Carabinieri,Indirizzo non disponibile,112 / 113,,In genere H24 o secondo orari di caserma,"Presidio delle Forze dell'Ordine attivo sul territorio per la ricezione di denunce, segnalazioni e tutela immediata. In caso di pericolo immediato, comporre il 112.",46.1733603,10.0675273
Stazione Carabinieri San Cristoforo,Arma dei Carabinieri,Via Bianca Milesi,112 / 113,,In genere H24 o secondo orari di caserma,"Presidio delle Forze dell'Ordine attivo sul territorio per la ricezione di denunce, segnalazioni e tutela immediata. In caso di pericolo immediato, comporre il 112.",45.4612061,9.1030988
Polizia stradale,Polizia di Stato,Indirizzo non disponibile,112 / 113,,In genere H24 o secondo orari di caserma,"Presidio delle Forze dell'Ordine attivo sul territorio per la ricezione di denunce, segnalazioni e tutela immediata. In caso di pericolo immediato, comporre il 112.",45.0702677,9.2930027
Stazione Carabinieri Forestale,Arma dei Carabinieri,Indirizzo non disponibile,112 / 113,,In genere H24 o secondo orari di caserma,"Presidio delle Forze dell'Ordine attivo sul territorio per la ricezione di denunce, segnalazioni e tutela immediata. In caso di pericolo immediato, comporre il 112.",45.4642305,8.877655
Commissariato Scalo Romana,Polizia di Stato,Indirizzo non disponibile,+39 02 525 3961,,In genere H24 o secondo orari di caserma,"Presidio delle Forze dell'Ordine attivo sul territorio per la ricezione di denunce, segnalazioni e tutela immediata. In caso di pericolo immediato, comporre il 112.",45.4261462,9.2073314
Guardia di Finanza - Stazione Soccorso Alpino,Forze dell'Ordine,"Via Emet 8, Madesimo",112 / 113,,In genere H24 o secondo orari di caserma,"Presidio delle Forze dell'Ordine attivo sul territorio per la ricezione di denunce, segnalazioni e tutela immediata. In caso di pericolo immediato, comporre il 112.",46.4415627,9.3618473
Comando Polizia Locale di Cernusco sul Naviglio,Polizia di Stato,"Via Pablo Neruda 1a, 20063, Cernusco sul Naviglio",112 / 113,https://www.poliziamunicipale.it/cernuscosulnaviglio.mi,In genere H24 o secondo orari di caserma,"Presidio delle Forze dell'Ordine attivo sul territorio per la ricezione di denunce, segnalazioni e tutela immediata. In caso di pericolo immediato, comporre il 112.",45.5316613,9.3402889
Comando Stazione Carabinieri di Montichiari,Arma dei Carabinieri,"Via Antonio Tebaldini 10, 25018, Montichiari",112 / 113,,In genere H24 o secondo orari di caserma,"Presidio delle Forze dell'Ordine attivo sul territorio per la ricezione di denunce, segnalazioni e tutela immediata. In caso di pericolo immediato, comporre il 112.",45.4140556,10.3917322
Comando Stazione Carabinieri di Brescia Sant'Eustacchio,Arma dei Carabinieri,"Via Monte Grappa 26, 25128, Brescia",+39 030 303284,,In genere H24 o secondo orari di caserma,"Presidio delle Forze dell'Ordine attivo sul territorio per la ricezione di denunce, segnalazioni e tutela immediata. In caso di pericolo immediato, comporre il 112.",45.5496989,10.2140557
Carabinieri,Arma dei Carabinieri,Indirizzo non disponibile,112 / 113,,In genere H24 o secondo orari di caserma,"Presidio delle Forze dell'Ordine attivo sul territorio per la ricezione di denunce, segnalazioni e tutela immediata. In caso di pericolo immediato, comporre il 112.",45.6975743,9.8468574
Caserma Leonessa,Forze dell'Ordine,"Via Milano 9, 25126, Brescia",112 / 113,,In genere H24 o secondo orari di caserma,"Presidio delle Forze dell'Ordine attivo sul territorio per la ricezione di denunce, segnalazioni e tutela immediata. In caso di pericolo immediato, comporre il 112.",45.5424446,10.2070208
Polizia Municipale,Polizia di Stato,Indirizzo non disponibile,112 / 113,,In genere H24 o secondo orari di caserma,"Presidio delle Forze dell'Ordine attivo sul territorio per la ricezione di denunce, segnalazioni e tutela immediata. In caso di pericolo immediato, comporre il 112.",45.5416925,10.2057929
Comando Stazione Carabinieri Morbegno,Arma dei Carabinieri,Indirizzo non disponibile,+390342610210,,In genere H24 o secondo orari di caserma,"Presidio delle Forze dell'Ordine attivo sul territorio per la ricezione di denunce, segnalazioni e tutela immediata. In caso di pericolo immediato, comporre il 112.",46.1340008,9.5749783
Carabinieri,Arma dei Carabinieri,"Via Bernardino Luini, 20821, Meda",112 / 113,,In genere H24 o secondo orari di caserma,"Presidio delle Forze dell'Ordine attivo sul territorio per la ricezione di denunce, segnalazioni e tutela immediata. In caso di pericolo immediato, comporre il 112.",45.6616297,9.165553
Comando Stazione Carabinieri di Nave,Arma dei Carabinieri,Indirizzo non disponibile,112 / 113,,In genere H24 o secondo orari di caserma,"Presidio delle Forze dell'Ordine attivo sul territorio per la ricezione di denunce, segnalazioni e tutela immediata. In caso di pericolo immediato, comporre il 112.",45.5882333,10.283034
Dogana di Gaggiolo,Polizia di Stato,Indirizzo non disponibile,112 / 113,,In genere H24 o secondo orari di caserma,"Presidio delle Forze dell'Ordine attivo sul territorio per la ricezione di denunce, segnalazioni e tutela immediata. In caso di pericolo immediato, comporre il 112.",45.8411665,8.9135026
Vigili urbani,Polizia di Stato,Indirizzo non disponibile,112 / 113,,Mo-Sa 07:30-18:30; Su closed; PH closed,"Presidio delle Forze dell'Ordine attivo sul territorio per la ricezione di denunce, segnalazioni e tutela immediata. In caso di pericolo immediato, comporre il 112.",45.6071912,9.520466
Stazione Carabinieri,Arma dei Carabinieri,Indirizzo non disponibile,112 / 113,,In genere H24 o secondo orari di caserma,"Presidio delle Forze dell'Ordine attivo sul territorio per la ricezione di denunce, segnalazioni e tutela immediata. In caso di pericolo immediato, comporre il 112.",45.6230765,8.9475463
Carabinieri - Comando Stazione Ponte Nossa,Arma dei Carabinieri,Indirizzo non disponibile,112 / 113,,In genere H24 o secondo orari di caserma,"Presidio delle Forze dell'Ordine attivo sul territorio per la ricezione di denunce, segnalazioni e tutela immediata. In caso di pericolo immediato, comporre il 112.",45.8646352,9.8812223
Presidio Forze dell'Ordine,Forze dell'Ordine,Indirizzo non disponibile,112 / 113,,In genere H24 o secondo orari di caserma,"Presidio delle Forze dell'Ordine attivo sul territorio per la ricezione di denunce, segnalazioni e tutela immediata. In caso di pericolo immediato, comporre il 112.",45.8335356,9.0464987
Comando Stazione Carabinieri di Cevo,Arma dei Carabinieri,Indirizzo non disponibile,112 / 113,,In genere H24 o secondo orari di caserma,"Presidio delle Forze dell'Ordine attivo sul territorio per la ricezione di denunce, segnalazioni e tutela immediata. In caso di pericolo immediato, comporre il 112.",46.0822345,10.3671661
Polizia Locale Riozzo,Polizia di Stato,Indirizzo non disponibile,112 / 113,,In genere H24 o secondo orari di caserma,"Presidio delle Forze dell'Ordine attivo sul territorio per la ricezione di denunce, segnalazioni e tutela immediata. In caso di pericolo immediato, comporre il 112.",45.3453626,9.325018
Polizia di Stato,Polizia di Stato,Indirizzo non disponibile,+39 02 48418270,,In genere H24 o secondo orari di caserma,"Presidio delle Forze dell'Ordine attivo sul territorio per la ricezione di denunce, segnalazioni e tutela immediata. In caso di pericolo immediato, comporre il 112.",45.4221956,9.0704306
Polizia Locale – Comando di zona 3,Polizia di Stato,Indirizzo non disponibile,112 / 113,,In genere H24 o secondo orari di caserma,"Presidio delle Forze dell'Ordine attivo sul territorio per la ricezione di denunce, segnalazioni e tutela immediata. In caso di pericolo immediato, comporre il 112.",45.4806763,9.2296207
Carabinieri,Arma dei Carabinieri,Indirizzo non disponibile,+39 030 2583107,,In genere H24 o secondo orari di caserma,"Presidio delle Forze dell'Ordine attivo sul territorio per la ricezione di denunce, segnalazioni e tutela immediata. In caso di pericolo immediato, comporre il 112.",45.5235779,10.142909
Caserma Finanziere Luigi Boccaletti,Forze dell'Ordine,Indirizzo non disponibile,112 / 113,,In genere H24 o secondo orari di caserma,"Presidio delle Forze dell'Ordine attivo sul territorio per la ricezione di denunce, segnalazioni e tutela immediata. In caso di pericolo immediato, comporre il 112.",45.1511801,10.7962719
Carabinieri Comando Stazione Settimo Milanese,Arma dei Carabinieri,Indirizzo non disponibile,112 / 113,,In genere H24 o secondo orari di caserma,"Presidio delle Forze dell'Ordine attivo sul territorio per la ricezione di denunce, segnalazioni e tutela immediata. In caso di pericolo immediato, comporre il 112.",45.4776064,9.0576863
Comando Stazione Carabinieri Trezzano sul Naviglio,Arma dei Carabinieri,"Via Alessandro Volta 1, 20090, Trezzano sul Naviglio",+39 02 4453048,,In genere H24 o secondo orari di caserma,"Presidio delle Forze dell'Ordine attivo sul territorio per la ricezione di denunce, segnalazioni e tutela immediata. In caso di pericolo immediato, comporre il 112.",45.4217396,9.0626685
Carabinieri,Arma dei Carabinieri,"Via Alessandro Manzoni 36, 23826, Mandello del Lario",+39 0341 731403,,In genere H24 o secondo orari di caserma,"Presidio delle Forze dell'Ordine attivo sul territorio per la ricezione di denunce, segnalazioni e tutela immediata. In caso di pericolo immediato, comporre il 112.",45.9159612,9.3188109
Carabinieri,Arma dei Carabinieri,Indirizzo non disponibile,112 / 113,,In genere H24 o secondo orari di caserma,"Presidio delle Forze dell'Ordine attivo sul territorio per la ricezione di denunce, segnalazioni e tutela immediata. In caso di pericolo immediato, comporre il 112.",45.0698384,11.015063
Stazione Carabinieri Forestali Luino,Arma dei Carabinieri,"Via Vittorio Veneto 3, 21016, Luino",112 / 113,,In genere H24 o secondo orari di caserma,"Presidio delle Forze dell'Ordine attivo sul territorio per la ricezione di denunce, segnalazioni e tutela immediata. In caso di pericolo immediato, comporre il 112.",46.0008488,8.7415554
Carabinieri,Arma dei Carabinieri,Indirizzo non disponibile,112 / 113,,In genere H24 o secondo orari di caserma,"Presidio delle Forze dell'Ordine attivo sul territorio per la ricezione di denunce, segnalazioni e tutela immediata. In caso di pericolo immediato, comporre il 112.",45.4874118,9.0268319
Comando Stazione Carabinieri di Gavardo,Arma dei Carabinieri,Indirizzo non disponibile,112 / 113,,In genere H24 o secondo orari di caserma,"Presidio delle Forze dell'Ordine attivo sul territorio per la ricezione di denunce, segnalazioni e tutela immediata. In caso di pericolo immediato, comporre il 112.",45.5898557,10.441943
Polizia Penitenziaria,Polizia di Stato,Indirizzo non disponibile,112 / 113,,In genere H24 o secondo orari di caserma,"Presidio delle Forze dell'Ordine attivo sul territorio per la ricezione di denunce, segnalazioni e tutela immediata. In caso di pericolo immediato, comporre il 112.",45.5873367,9.2823261
Comando Stazione Carabinieri Campodolcino,Arma dei Carabinieri,Indirizzo non disponibile,112 / 113,,In genere H24 o secondo orari di caserma,"Presidio delle Forze dell'Ordine attivo sul territorio per la ricezione di denunce, segnalazioni e tutela immediata. In caso di pericolo immediato, comporre il 112.",46.4023673,9.3548213
Stazione Carabinieri,Arma dei Carabinieri,Indirizzo non disponibile,112 / 113,,In genere H24 o secondo orari di caserma,"Presidio delle Forze dell'Ordine attivo sul territorio per la ricezione di denunce, segnalazioni e tutela immediata. In caso di pericolo immediato, comporre il 112.",45.8024852,9.4214159
Comando Stazione Carabinieri Ponte Tresa,Arma dei Carabinieri,Indirizzo non disponibile,+39 0332 550102,,08:00-22:00,"Presidio delle Forze dell'Ordine attivo sul territorio per la ricezione di denunce, segnalazioni e tutela immediata. In caso di pericolo immediato, comporre il 112.",45.9657912,8.8544796
Presidio Forze dell'Ordine,Forze dell'Ordine,Indirizzo non disponibile,112 / 113,,In genere H24 o secondo orari di caserma,"Presidio delle Forze dell'Ordine attivo sul territorio per la ricezione di denunce, segnalazioni e tutela immediata. In caso di pericolo immediato, comporre il 112.",45.9836348,9.0617024
Presidio Forze dell'Ordine,Forze dell'Ordine,Indirizzo non disponibile,112 / 113,,In genere H24 o secondo orari di caserma,"Presidio delle Forze dell'Ordine attivo sul territorio per la ricezione di denunce, segnalazioni e tutela immediata. In caso di pericolo immediato, comporre il 112.",46.0474439,9.155743
Questura Lecco,Polizia di Stato,"Corso Promessi Sposi 40, 23900, Lecco",112 / 113,,In genere H24 o secondo orari di caserma,"Presidio delle Forze dell'Ordine attivo sul territorio per la ricezione di denunce, segnalazioni e tutela immediata. In caso di pericolo immediato, comporre il 112.",45.8545797,9.4033572
Carabinieri forestali,Arma dei Carabinieri,Indirizzo non disponibile,112 / 113,,In genere H24 o secondo orari di caserma,"Presidio delle Forze dell'Ordine attivo sul territorio per la ricezione di denunce, segnalazioni e tutela immediata. In caso di pericolo immediato, comporre il 112.",45.8603911,9.4122705
Presidio Forze dell'Ordine,Forze dell'Ordine,Indirizzo non disponibile,112 / 113,,In genere H24 o secondo orari di caserma,"Presidio delle Forze dell'Ordine attivo sul territorio per la ricezione di denunce, segnalazioni e tutela immediata. In caso di pericolo immediato, comporre il 112.",46.029698,9.3783066
Carabinieri forestali Barzio,Arma dei Carabinieri,Indirizzo non disponibile,112 / 113,,In genere H24 o secondo orari di caserma,"Presidio delle Forze dell'Ordine attivo sul territorio per la ricezione di denunce, segnalazioni e tutela immediata. In caso di pericolo immediato, comporre il 112.",45.9471949,9.4647397
Presidio Forze dell'Ordine,Forze dell'Ordine,"23017, Morbegno",112 / 113,,In genere H24 o secondo orari di caserma,"Presidio delle Forze dell'Ordine attivo sul territorio per la ricezione di denunce, segnalazioni e tutela immediata. In caso di pericolo immediato, comporre il 112.",46.1347719,9.5656117
Presidio Forze dell'Ordine,Forze dell'Ordine,Indirizzo non disponibile,112 / 113,,In genere H24 o secondo orari di caserma,"Presidio delle Forze dell'Ordine attivo sul territorio per la ricezione di denunce, segnalazioni e tutela immediata. In caso di pericolo immediato, comporre il 112.",46.2665176,9.8474246
Nucleo Forestale Ponte in Valtellina,Forze dell'Ordine,Indirizzo non disponibile,112 / 113,,In genere H24 o secondo orari di caserma,"Presidio delle Forze dell'Ordine attivo sul territorio per la ricezione di denunce, segnalazioni e tutela immediata. In caso di pericolo immediato, comporre il 112.",46.1752405,9.9765351
Carabinieri,Arma dei Carabinieri,"Via Giambattista Rota, 25032, Chiari",112 / 113,,In genere H24 o secondo orari di caserma,"Presidio delle Forze dell'Ordine attivo sul territorio per la ricezione di denunce, segnalazioni e tutela immediata. In caso di pericolo immediato, comporre il 112.",45.5316861,9.9324009
Guardia di Finanza,Forze dell'Ordine,"Via Cimitero, 25032, Chiari",112 / 113,,In genere H24 o secondo orari di caserma,"Presidio delle Forze dell'Ordine attivo sul territorio per la ricezione di denunce, segnalazioni e tutela immediata. In caso di pericolo immediato, comporre il 112.",45.5309482,9.9331723
Presidio Forze dell'Ordine,Forze dell'Ordine,Indirizzo non disponibile,112 / 113,,In genere H24 o secondo orari di caserma,"Presidio delle Forze dell'Ordine attivo sul territorio per la ricezione di denunce, segnalazioni e tutela immediata. In caso di pericolo immediato, comporre il 112.",45.735332,9.7344041
Vigili Urbani,Polizia Locale,Indirizzo non disponibile,112 / 113,,In genere H24 o secondo orari di caserma,"Presidio delle Forze dell'Ordine attivo sul territorio per la ricezione di denunce, segnalazioni e tutela immediata. In caso di pericolo immediato, comporre il 112.",45.7313391,9.7276562
Stazione Carabinieri di Castiglione Olona,Arma dei Carabinieri,Indirizzo non disponibile,+39 0331 858540,,08:00-22:00,"Presidio delle Forze dell'Ordine attivo sul territorio per la ricezione di denunce, segnalazioni e tutela immediata. In caso di pericolo immediato, comporre il 112.",45.7527872,8.8687227
Carabinieri,Arma dei Carabinieri,Indirizzo non disponibile,112 / 113,,In genere H24 o secondo orari di caserma,"Presidio delle Forze dell'Ordine attivo sul territorio per la ricezione di denunce, segnalazioni e tutela immediata. In caso di pericolo immediato, comporre il 112.",45.7808687,9.1006976
Stazione Carabinieri di Olgiate Comasco,Arma dei Carabinieri,Indirizzo non disponibile,+39 031 945023,,In genere H24 o secondo orari di caserma,"Presidio delle Forze dell'Ordine attivo sul territorio per la ricezione di denunce, segnalazioni e tutela immediata. In caso di pericolo immediato, comporre il 112.",45.7847823,8.968167
Presidio Forze dell'Ordine,Forze dell'Ordine,Indirizzo non disponibile,112 / 113,,In genere H24 o secondo orari di caserma,"Presidio delle Forze dell'Ordine attivo sul territorio per la ricezione di denunce, segnalazioni e tutela immediata. In caso di pericolo immediato, comporre il 112.",45.7778405,9.0849971
Stazione Carabinieri di Seregno,Arma dei Carabinieri,"Piazza Prealpi 7, 20831, Seregno",+390362275700,,24/7,"Presidio delle Forze dell'Ordine attivo sul territorio per la ricezione di denunce, segnalazioni e tutela immediata. In caso di pericolo immediato, comporre il 112.",45.6564501,9.2102579
Stazione Carabinieri di Sesto Calende,Arma dei Carabinieri,"Via Ticino 32, 21018, Sesto Calende",+39 0331 924219,,08:00-22:00,"Presidio delle Forze dell'Ordine attivo sul territorio per la ricezione di denunce, segnalazioni e tutela immediata. In caso di pericolo immediato, comporre il 112.",45.7220395,8.6511689
Stazione Carabinieri Greco Milanese,Arma dei Carabinieri,Indirizzo non disponibile,112 / 113,,In genere H24 o secondo orari di caserma,"Presidio delle Forze dell'Ordine attivo sul territorio per la ricezione di denunce, segnalazioni e tutela immediata. In caso di pericolo immediato, comporre il 112.",45.5124761,9.203292
Centro Polifunzionale Polizia di Stato,Polizia di Stato,Indirizzo non disponibile,112 / 113,,In genere H24 o secondo orari di caserma,"Presidio delle Forze dell'Ordine attivo sul territorio per la ricezione di denunce, segnalazioni e tutela immediata. In caso di pericolo immediato, comporre il 112.",45.5200213,9.201905
Comando Stazione Carabinieri di Vezza d'Oglio,Arma dei Carabinieri,Indirizzo non disponibile,112 / 113,,In genere H24 o secondo orari di caserma,"Presidio delle Forze dell'Ordine attivo sul territorio per la ricezione di denunce, segnalazioni e tutela immediata. In caso di pericolo immediato, comporre il 112.",46.2395655,10.3954711
Carabinieri Comando Stazione di Albino,Arma dei Carabinieri,"Via Salvo D'Acquisto 4, 24021, Albino",112 / 113,,In genere H24 o secondo orari di caserma,"Presidio delle Forze dell'Ordine attivo sul territorio per la ricezione di denunce, segnalazioni e tutela immediata. In caso di pericolo immediato, comporre il 112.",45.757185,9.7894585
Comando Stazione Carabinieri Idro,Arma dei Carabinieri,"Via Provinciale 1, Idro",+39 0365 83122,,In genere H24 o secondo orari di caserma,"Presidio delle Forze dell'Ordine attivo sul territorio per la ricezione di denunce, segnalazioni e tutela immediata. In caso di pericolo immediato, comporre il 112.",45.7353298,10.4739618
Comando Stazione Carabinieri - Nucleo Forestale Arcisate,Arma dei Carabinieri,Indirizzo non disponibile,112 / 113,,In genere H24 o secondo orari di caserma,"Presidio delle Forze dell'Ordine attivo sul territorio per la ricezione di denunce, segnalazioni e tutela immediata. In caso di pericolo immediato, comporre il 112.",45.8577833,8.8754403
Comando Stazione Carabinieri di Vestone,Arma dei Carabinieri,"Via Mocenigo 80, 25078, Vestone",+39 0365 81222,,In genere H24 o secondo orari di caserma,"Presidio delle Forze dell'Ordine attivo sul territorio per la ricezione di denunce, segnalazioni e tutela immediata. In caso di pericolo immediato, comporre il 112.",45.7083409,10.3983128
Questura di Lecco,Polizia di Stato,Indirizzo non disponibile,112 / 113,,In genere H24 o secondo orari di caserma,"Presidio delle Forze dell'Ordine attivo sul territorio per la ricezione di denunce, segnalazioni e tutela immediata. In caso di pericolo immediato, comporre il 112.",45.8521286,9.3885681
Guardia di Finanza - Comando Tenenza Clusone,Forze dell'Ordine,Indirizzo non disponibile,112 / 113,,In genere H24 o secondo orari di caserma,"Presidio delle Forze dell'Ordine attivo sul territorio per la ricezione di denunce, segnalazioni e tutela immediata. In caso di pericolo immediato, comporre il 112.",45.8912327,9.9536513
Ufficio Polizia Locale - Comune di Uboldo,Polizia di Stato,"Via Silvio Pellico 12, 21040, Uboldo",+390296951137,,Mo 10:00-13:00; Fr 10:00-13:00; We 14:30-18:00; Sa 09:30-10:30,"Presidio delle Forze dell'Ordine attivo sul territorio per la ricezione di denunce, segnalazioni e tutela immediata. In caso di pericolo immediato, comporre il 112.",45.6104114,9.0061256
Carabinieri – Stazione Milano Rogoredo,Arma dei Carabinieri,"Via Zama 11, 20138, Milano",+39 02 504 122,,In genere H24 o secondo orari di caserma,"Presidio delle Forze dell'Ordine attivo sul territorio per la ricezione di denunce, segnalazioni e tutela immediata. In caso di pericolo immediato, comporre il 112.",45.4547811,9.2385943
Compagnia di Seveso,Forze dell'Ordine,"Via Monte Rosa 20, 20822, Seveso",112 / 113,,In genere H24 o secondo orari di caserma,"Presidio delle Forze dell'Ordine attivo sul territorio per la ricezione di denunce, segnalazioni e tutela immediata. In caso di pericolo immediato, comporre il 112.",45.6443127,9.1316307
Polizia,Polizia di Stato,Indirizzo non disponibile,112 / 113,,In genere H24 o secondo orari di caserma,"Presidio delle Forze dell'Ordine attivo sul territorio per la ricezione di denunce, segnalazioni e tutela immediata. In caso di pericolo immediato, comporre il 112.",45.3188885,9.5020641
Guardia di Finanza Comando Provinciale Monza Brianza,Forze dell'Ordine,"Piazza Armando Diaz 1b, 20900, Monza",+39 039 8921,,In genere H24 o secondo orari di caserma,"Presidio delle Forze dell'Ordine attivo sul territorio per la ricezione di denunce, segnalazioni e tutela immediata. In caso di pericolo immediato, comporre il 112.",45.5800459,9.2709862
Stazione dei Carabinieri di Busto Arsizio,Arma dei Carabinieri,Indirizzo non disponibile,+39 0331 396100,,24/7,"Presidio delle Forze dell'Ordine attivo sul territorio per la ricezione di denunce, segnalazioni e tutela immediata. In caso di pericolo immediato, comporre il 112.",45.6180236,8.8467574
Stazione Carabinieri Muggiò,Arma dei Carabinieri,"Via Libertà 13, 20835, Muggiò",+39 039 278 5468,,In genere H24 o secondo orari di caserma,"Presidio delle Forze dell'Ordine attivo sul territorio per la ricezione di denunce, segnalazioni e tutela immediata. In caso di pericolo immediato, comporre il 112.",45.5945512,9.2249326
Polizia Sottosezione Stradale Milano Ovest,Polizia di Stato,Indirizzo non disponibile,112 / 113,,In genere H24 o secondo orari di caserma,"Presidio delle Forze dell'Ordine attivo sul territorio per la ricezione di denunce, segnalazioni e tutela immediata. In caso di pericolo immediato, comporre il 112.",45.416334,9.1526939
Unione Comunale dei Colli,Forze dell'Ordine,"Via Tonale 100, 24068, Albano Sant'Alessandro",112 / 113,,In genere H24 o secondo orari di caserma,"Presidio delle Forze dell'Ordine attivo sul territorio per la ricezione di denunce, segnalazioni e tutela immediata. In caso di pericolo immediato, comporre il 112.",45.6819449,9.7812419
Comando Stazione Carabinieri di Pieve Emanuele,Arma dei Carabinieri,Indirizzo non disponibile,112 / 113,,In genere H24 o secondo orari di caserma,"Presidio delle Forze dell'Ordine attivo sul territorio per la ricezione di denunce, segnalazioni e tutela immediata. In caso di pericolo immediato, comporre il 112.",45.3455217,9.199807
Stazione Carabinieri di Asso,Arma dei Carabinieri,"Via dei Praeli 8, 22033, Asso",+39031681333,,Mo-Su 08:00-22:00,"Presidio delle Forze dell'Ordine attivo sul territorio per la ricezione di denunce, segnalazioni e tutela immediata. In caso di pericolo immediato, comporre il 112.",45.862434,9.2746025
Carabinieri,Arma dei Carabinieri,Indirizzo non disponibile,112 / 113,,In genere H24 o secondo orari di caserma,"Presidio delle Forze dell'Ordine attivo sul territorio per la ricezione di denunce, segnalazioni e tutela immediata. In caso di pericolo immediato, comporre il 112.",45.3229579,10.6623677
Stazione Carabinieri,Arma dei Carabinieri,Indirizzo non disponibile,112 / 113,,In genere H24 o secondo orari di caserma,"Presidio delle Forze dell'Ordine attivo sul territorio per la ricezione di denunce, segnalazioni e tutela immediata. In caso di pericolo immediato, comporre il 112.",45.6014711,9.600849
Comando polizia locale,Polizia di Stato,"20025, Legnano",112 / 113,,In genere H24 o secondo orari di caserma,"Presidio delle Forze dell'Ordine attivo sul territorio per la ricezione di denunce, segnalazioni e tutela immediata. In caso di pericolo immediato, comporre il 112.",45.5898829,8.9200756
Carabinieri - Comando Compagnia Legnano,Arma dei Carabinieri,Indirizzo non disponibile,112 / 113,,In genere H24 o secondo orari di caserma,"Presidio delle Forze dell'Ordine attivo sul territorio per la ricezione di denunce, segnalazioni e tutela immediata. In caso di pericolo immediato, comporre il 112.",45.5905233,8.9210597
Comando Carabinieri Cernusco sul Naviglio,Arma dei Carabinieri,Indirizzo non disponibile,+39 02 924 0233,,24/7,"Presidio delle Forze dell'Ordine attivo sul territorio per la ricezione di denunce, segnalazioni e tutela immediata. In caso di pericolo immediato, comporre il 112.",45.5302511,9.3285505
Carabinieri,Arma dei Carabinieri,Indirizzo non disponibile,112 / 113,,In genere H24 o secondo orari di caserma,"Presidio delle Forze dell'Ordine attivo sul territorio per la ricezione di denunce, segnalazioni e tutela immediata. In caso di pericolo immediato, comporre il 112.",45.9447186,9.6764217
Presidio Forze dell'Ordine,Forze dell'Ordine,Indirizzo non disponibile,112 / 113,,In genere H24 o secondo orari di caserma,"Presidio delle Forze dell'Ordine attivo sul territorio per la ricezione di denunce, segnalazioni e tutela immediata. In caso di pericolo immediato, comporre il 112.",45.8092732,9.213528
Guardia di Finanza,Forze dell'Ordine,Indirizzo non disponibile,112 / 113,,In genere H24 o secondo orari di caserma,"Presidio delle Forze dell'Ordine attivo sul territorio per la ricezione di denunce, segnalazioni e tutela immediata. In caso di pericolo immediato, comporre il 112.",46.5398915,10.4332571
Comando Stazione Carabinieri,Arma dei Carabinieri,"Via Venticinque Aprile 11, 20851, Lissone",112 / 113,,In genere H24 o secondo orari di caserma,"Presidio delle Forze dell'Ordine attivo sul territorio per la ricezione di denunce, segnalazioni e tutela immediata. In caso di pericolo immediato, comporre il 112.",45.6181512,9.2393761
Comando Stazione Carabinieri Pandino,Arma dei Carabinieri,"Via Salvo D’Acquisto 17, 26010, Pandino",112 / 113,,In genere H24 o secondo orari di caserma,"Presidio delle Forze dell'Ordine attivo sul territorio per la ricezione di denunce, segnalazioni e tutela immediata. In caso di pericolo immediato, comporre il 112.",45.4057177,9.5436383
Carabinieri di Goito,Arma dei Carabinieri,"Strada Provinciale ex Strada Statale 236 Goitese 322, 46044, Goito",+39037660092,,Mo-Su 10:00-18:00,"Presidio delle Forze dell'Ordine attivo sul territorio per la ricezione di denunce, segnalazioni e tutela immediata. In caso di pericolo immediato, comporre il 112.",45.2544802,10.6704307
Guardia di finanza - Sezione Aerea di Varese – sede di Venegono Superiore,Forze dell'Ordine,Indirizzo non disponibile,112 / 113,,In genere H24 o secondo orari di caserma,"Presidio delle Forze dell'Ordine attivo sul territorio per la ricezione di denunce, segnalazioni e tutela immediata. In caso di pericolo immediato, comporre il 112.",45.7461364,8.8914428
Comando Polizia Municipale,Polizia di Stato,Indirizzo non disponibile,112 / 113,,In genere H24 o secondo orari di caserma,"Presidio delle Forze dell'Ordine attivo sul territorio per la ricezione di denunce, segnalazioni e tutela immediata. In caso di pericolo immediato, comporre il 112.",45.8114687,9.2244769
Polizia locale di Desio,Polizia di Stato,"Via Partigiani d'Italia, 20832, Desio",112 / 113,,In genere H24 o secondo orari di caserma,"Presidio delle Forze dell'Ordine attivo sul territorio per la ricezione di denunce, segnalazioni e tutela immediata. In caso di pericolo immediato, comporre il 112.",45.6129016,9.2124542
Presidio Forze dell'Ordine,Forze dell'Ordine,"Via Partigiani d'Italia, 20832, Desio",112 / 113,,In genere H24 o secondo orari di caserma,"Presidio delle Forze dell'Ordine attivo sul territorio per la ricezione di denunce, segnalazioni e tutela immediata. In caso di pericolo immediato, comporre il 112.",45.6130007,9.21203
Stazione dei carabinieri,Arma dei Carabinieri,"Via Piemonte 8a, Bernareggio",112 / 113,,In genere H24 o secondo orari di caserma,"Presidio delle Forze dell'Ordine attivo sul territorio per la ricezione di denunce, segnalazioni e tutela immediata. In caso di pericolo immediato, comporre il 112.",45.645518,9.399276
Stazione Carabinieri di Cuvio,Arma dei Carabinieri,Indirizzo non disponibile,+39 0332 650105,,08:00-22:00,"Presidio delle Forze dell'Ordine attivo sul territorio per la ricezione di denunce, segnalazioni e tutela immediata. In caso di pericolo immediato, comporre il 112.",45.8999194,8.7341767
Stazione Carabinieri di Porto Ceresio,Arma dei Carabinieri,Indirizzo non disponibile,+39 0332 920167,,"PH,Mo-Su 10:00-18:00","Presidio delle Forze dell'Ordine attivo sul territorio per la ricezione di denunce, segnalazioni e tutela immediata. In caso di pericolo immediato, comporre il 112.",45.9016255,8.8998754
Tenenza Carabinieri di Tradate,Arma dei Carabinieri,Indirizzo non disponibile,+39 0331 841465,,08:00-22:00,"Presidio delle Forze dell'Ordine attivo sul territorio per la ricezione di denunce, segnalazioni e tutela immediata. In caso di pericolo immediato, comporre il 112.",45.711968,8.9005076
Stazione Carabinieri di Mornago,Arma dei Carabinieri,Indirizzo non disponibile,+39 0331 903422,,08:00-22:00,"Presidio delle Forze dell'Ordine attivo sul territorio per la ricezione di denunce, segnalazioni e tutela immediata. In caso di pericolo immediato, comporre il 112.",45.7403458,8.7477128
Stazione Carabinieri di Azzate,Arma dei Carabinieri,"Via delle Peschiere, 21022, Azzate",+39 0332 459102,,08:00-22:00,"Presidio delle Forze dell'Ordine attivo sul territorio per la ricezione di denunce, segnalazioni e tutela immediata. In caso di pericolo immediato, comporre il 112.",45.7804934,8.8020278
Stazione Carabinieri di Besozzo,Arma dei Carabinieri,Indirizzo non disponibile,+39 0332 770197,,08:00-22:00,"Presidio delle Forze dell'Ordine attivo sul territorio per la ricezione di denunce, segnalazioni e tutela immediata. In caso di pericolo immediato, comporre il 112.",45.8421075,8.6641302
Stazione Carabinieri di Malnate,Arma dei Carabinieri,Indirizzo non disponibile,+39 0332 425115,,08:00-22:00,"Presidio delle Forze dell'Ordine attivo sul territorio per la ricezione di denunce, segnalazioni e tutela immediata. In caso di pericolo immediato, comporre il 112.",45.7994071,8.8811095
Stazione Carabinieri di Castellanza,Arma dei Carabinieri,Indirizzo non disponibile,+39 0331 503333,,08:00-22:00,"Presidio delle Forze dell'Ordine attivo sul territorio per la ricezione di denunce, segnalazioni e tutela immediata. In caso di pericolo immediato, comporre il 112.",45.6166631,8.8963126
Stazione Carabinieri di Lonate Pozzolo,Arma dei Carabinieri,Indirizzo non disponibile,+39 0331 668055,,08:00-22:00,"Presidio delle Forze dell'Ordine attivo sul territorio per la ricezione di denunce, segnalazioni e tutela immediata. In caso di pericolo immediato, comporre il 112.",45.6044885,8.7558459
Stazione dei Carabinieri di Porto Ceresii,Arma dei Carabinieri,Indirizzo non disponibile,112 / 113,,"PH,Mo-Su 10:00-18:00","Presidio delle Forze dell'Ordine attivo sul territorio per la ricezione di denunce, segnalazioni e tutela immediata. In caso di pericolo immediato, comporre il 112.",45.9016007,8.899872
Carabinieri,Arma dei Carabinieri,Indirizzo non disponibile,+39 0331 200592,,08:00-22:00,"Presidio delle Forze dell'Ordine attivo sul territorio per la ricezione di denunce, segnalazioni e tutela immediata. In caso di pericolo immediato, comporre il 112.",45.6818754,8.8209389
Comando Compagnia Carabinieri di Luino,Arma dei Carabinieri,Indirizzo non disponibile,+39 0332 542900,,24/7,"Presidio delle Forze dell'Ordine attivo sul territorio per la ricezione di denunce, segnalazioni e tutela immediata. In caso di pericolo immediato, comporre il 112.",45.9992519,8.7515178
Stazione Carabinieri di Marchirolo,Arma dei Carabinieri,"Via Fratelli Sapori 3, 21030, Marchirolo",+39 0332 723067,,Mo-Su 08:00-22:00,"Presidio delle Forze dell'Ordine attivo sul territorio per la ricezione di denunce, segnalazioni e tutela immediata. In caso di pericolo immediato, comporre il 112.",45.9489975,8.8355535
Stazione Carabinieri di Runo Dumenza,Arma dei Carabinieri,Indirizzo non disponibile,+39 0332 517052,,10:00-18:00,"Presidio delle Forze dell'Ordine attivo sul territorio per la ricezione di denunce, segnalazioni e tutela immediata. In caso di pericolo immediato, comporre il 112.",46.0154793,8.784811
Stazione Carabinieri di Samarate,Arma dei Carabinieri,"Via Vittorio Veneto 40, 21017, Samarate",+39 0331 220944,,08:00-22:00,"Presidio delle Forze dell'Ordine attivo sul territorio per la ricezione di denunce, segnalazioni e tutela immediata. In caso di pericolo immediato, comporre il 112.",45.6302027,8.7841164
Stazione dei Carabinieri,Arma dei Carabinieri,Indirizzo non disponibile,+39 0331 991000,,08:00-22:00,"Presidio delle Forze dell'Ordine attivo sul territorio per la ricezione di denunce, segnalazioni e tutela immediata. In caso di pericolo immediato, comporre il 112.",45.7208436,8.8082494
Stazione Carabinieri di Angera,Arma dei Carabinieri,"Via Varesina 43, 21021, Angera",+39 0331 930161,,08:00-22:00,"Presidio delle Forze dell'Ordine attivo sul territorio per la ricezione di denunce, segnalazioni e tutela immediata. In caso di pericolo immediato, comporre il 112.",45.7815404,8.5888541
Stazione Carabinieri di Castelveccana,Arma dei Carabinieri,Indirizzo non disponibile,+39 0332 521228,,10:00-18:00,"Presidio delle Forze dell'Ordine attivo sul territorio per la ricezione di denunce, segnalazioni e tutela immediata. In caso di pericolo immediato, comporre il 112.",45.9544197,8.6740927
Stazione Carabinieri di Carnago,Arma dei Carabinieri,Indirizzo non disponibile,+39 0331 993197,,08:00-22:00,"Presidio delle Forze dell'Ordine attivo sul territorio per la ricezione di denunce, segnalazioni e tutela immediata. In caso di pericolo immediato, comporre il 112.",45.7249761,8.841514
Comando Stazione Carabinieri Caronno Pertusella,Arma dei Carabinieri,Indirizzo non disponibile,+39029650777,,08:00-22:00,"Presidio delle Forze dell'Ordine attivo sul territorio per la ricezione di denunce, segnalazioni e tutela immediata. In caso di pericolo immediato, comporre il 112.",45.5939292,9.0488305
Stazione Carabinieri,Arma dei Carabinieri,Indirizzo non disponibile,112 / 113,,In genere H24 o secondo orari di caserma,"Presidio delle Forze dell'Ordine attivo sul territorio per la ricezione di denunce, segnalazioni e tutela immediata. In caso di pericolo immediato, comporre il 112.",45.647353,9.0027891
Comando Stazione Carabinieri di Buccinasco,Arma dei Carabinieri,Indirizzo non disponibile,112 / 113,,In genere H24 o secondo orari di caserma,"Presidio delle Forze dell'Ordine attivo sul territorio per la ricezione di denunce, segnalazioni e tutela immediata. In caso di pericolo immediato, comporre il 112.",45.4224677,9.1062142
Comando Stazione Carabinieri di Toscolano Maderno,Arma dei Carabinieri,"Via Solino 14, 25088, Toscolano Maderno",+39 0365 641156,,In genere H24 o secondo orari di caserma,"Presidio delle Forze dell'Ordine attivo sul territorio per la ricezione di denunce, segnalazioni e tutela immediata. In caso di pericolo immediato, comporre il 112.",45.6408593,10.6077062
Comando Stazione Carabinieri Bellano,Arma dei Carabinieri,"Via privata Denti 11, 23822, Bellano",112 / 113,,In genere H24 o secondo orari di caserma,"Presidio delle Forze dell'Ordine attivo sul territorio per la ricezione di denunce, segnalazioni e tutela immediata. In caso di pericolo immediato, comporre il 112.",46.0397662,9.3012364
Stazione Carabinieri Musocco,Arma dei Carabinieri,Indirizzo non disponibile,112 / 113,,In genere H24 o secondo orari di caserma,"Presidio delle Forze dell'Ordine attivo sul territorio per la ricezione di denunce, segnalazioni e tutela immediata. In caso di pericolo immediato, comporre il 112.",45.5099734,9.1498972
Carabinieri • Comando Gruppo | Compagnia | Stazione Rho,Arma dei Carabinieri,"Via Sandro Pertini 6, 20017, Rho",112 / 113,,In genere H24 o secondo orari di caserma,"Presidio delle Forze dell'Ordine attivo sul territorio per la ricezione di denunce, segnalazioni e tutela immediata. In caso di pericolo immediato, comporre il 112.",45.5351446,9.0305275
Commissariato Comasina,Polizia di Stato,Indirizzo non disponibile,112 / 113,,In genere H24 o secondo orari di caserma,"Presidio delle Forze dell'Ordine attivo sul territorio per la ricezione di denunce, segnalazioni e tutela immediata. In caso di pericolo immediato, comporre il 112.",45.524923,9.1658013
Commissariato Greco -Turro,Polizia di Stato,Indirizzo non disponibile,112 / 113,,In genere H24 o secondo orari di caserma,"Presidio delle Forze dell'Ordine attivo sul territorio per la ricezione di denunce, segnalazioni e tutela immediata. In caso di pericolo immediato, comporre il 112.",45.5015607,9.2009462
Commissariato San Siro,Polizia di Stato,Indirizzo non disponibile,112 / 113,,In genere H24 o secondo orari di caserma,"Presidio delle Forze dell'Ordine attivo sul territorio per la ricezione di denunce, segnalazioni e tutela immediata. In caso di pericolo immediato, comporre il 112.",45.4767617,9.109028
Stazione Carabinieri Gorla Precotto,Arma dei Carabinieri,Indirizzo non disponibile,+39 02 2571165,,Mo-Su 08:00-20:00,"Presidio delle Forze dell'Ordine attivo sul territorio per la ricezione di denunce, segnalazioni e tutela immediata. In caso di pericolo immediato, comporre il 112.",45.5049142,9.2212954
Comando Stazione Carabinieri Busto Garolfo,Arma dei Carabinieri,Indirizzo non disponibile,112 / 113,,In genere H24 o secondo orari di caserma,"Presidio delle Forze dell'Ordine attivo sul territorio per la ricezione di denunce, segnalazioni e tutela immediata. In caso di pericolo immediato, comporre il 112.",45.5522968,8.8898447
Stazione dei Carabinieri,Arma dei Carabinieri,Indirizzo non disponibile,112 / 113,https://www.indicepa.gov.it/ricerca/n-dettagliouffici.php?prg_ou=59818,In genere H24 o secondo orari di caserma,"Presidio delle Forze dell'Ordine attivo sul territorio per la ricezione di denunce, segnalazioni e tutela immediata. In caso di pericolo immediato, comporre il 112.",45.5915169,8.9453546
Stazione Carabinieri Castano Primo,Arma dei Carabinieri,Indirizzo non disponibile,112 / 113,,In genere H24 o secondo orari di caserma,"Presidio delle Forze dell'Ordine attivo sul territorio per la ricezione di denunce, segnalazioni e tutela immediata. In caso di pericolo immediato, comporre il 112.",45.549561,8.787058
Stazione Carabinieri Cuggiono,Arma dei Carabinieri,Indirizzo non disponibile,112 / 113,,In genere H24 o secondo orari di caserma,"Presidio delle Forze dell'Ordine attivo sul territorio per la ricezione di denunce, segnalazioni e tutela immediata. In caso di pericolo immediato, comporre il 112.",45.509984,8.8209931
Stazione Carabinieri Arluno,Arma dei Carabinieri,Indirizzo non disponibile,112 / 113,,In genere H24 o secondo orari di caserma,"Presidio delle Forze dell'Ordine attivo sul territorio per la ricezione di denunce, segnalazioni e tutela immediata. In caso di pericolo immediato, comporre il 112.",45.5037501,8.9339362
Comando Stazione Nucleo Forestale di Garbagnate Milanese,Arma dei Carabinieri,"Via per Cesate 73, 20024, Garbagnate Milanese",+390299069683,,In genere H24 o secondo orari di caserma,"Presidio delle Forze dell'Ordine attivo sul territorio per la ricezione di denunce, segnalazioni e tutela immediata. In caso di pericolo immediato, comporre il 112.",45.5861442,9.0781386
Carabinieri - Comando Stazione Ardesio,Arma dei Carabinieri,Indirizzo non disponibile,112 / 113,,In genere H24 o secondo orari di caserma,"Presidio delle Forze dell'Ordine attivo sul territorio per la ricezione di denunce, segnalazioni e tutela immediata. In caso di pericolo immediato, comporre il 112.",45.9426145,9.9279477
Tenenza Guardia di Finanza di Pisogne,Forze dell'Ordine,Indirizzo non disponibile,112 / 113,,In genere H24 o secondo orari di caserma,"Presidio delle Forze dell'Ordine attivo sul territorio per la ricezione di denunce, segnalazioni e tutela immediata. In caso di pericolo immediato, comporre il 112.",45.8073871,10.1061169
Carabinieri - Stazione di Bergamo Bassa,Arma dei Carabinieri,Indirizzo non disponibile,112 / 113,,In genere H24 o secondo orari di caserma,"Presidio delle Forze dell'Ordine attivo sul territorio per la ricezione di denunce, segnalazioni e tutela immediata. In caso di pericolo immediato, comporre il 112.",45.6911679,9.6726029
Carabinieri di Samarate,Arma dei Carabinieri,Indirizzo non disponibile,112 / 113,,Mo-Su 08:00-20:00,"Presidio delle Forze dell'Ordine attivo sul territorio per la ricezione di denunce, segnalazioni e tutela immediata. In caso di pericolo immediato, comporre il 112.",45.6263762,8.7930821
Carabinieri Comando Stazione Sarnico,Arma dei Carabinieri,Indirizzo non disponibile,112 / 113,,In genere H24 o secondo orari di caserma,"Presidio delle Forze dell'Ordine attivo sul territorio per la ricezione di denunce, segnalazioni e tutela immediata. In caso di pericolo immediato, comporre il 112.",45.6685841,9.9502691
Carabinieri,Arma dei Carabinieri,Indirizzo non disponibile,112 / 113,,In genere H24 o secondo orari di caserma,"Presidio delle Forze dell'Ordine attivo sul territorio per la ricezione di denunce, segnalazioni e tutela immediata. In caso di pericolo immediato, comporre il 112.",45.6379075,9.9274304
Comando Stazione Carabinieri di Pisogne,Arma dei Carabinieri,Indirizzo non disponibile,112 / 113,,In genere H24 o secondo orari di caserma,"Presidio delle Forze dell'Ordine attivo sul territorio per la ricezione di denunce, segnalazioni e tutela immediata. In caso di pericolo immediato, comporre il 112.",45.805689,10.1067147
Valico di Palone,Forze dell'Ordine,"Località Palone 13, Dumenza",112 / 113,,In genere H24 o secondo orari di caserma,"Presidio delle Forze dell'Ordine attivo sul territorio per la ricezione di denunce, segnalazioni e tutela immediata. In caso di pericolo immediato, comporre il 112.",46.0053819,8.7918714
Stazione Carabinieri,Arma dei Carabinieri,Indirizzo non disponibile,112 / 113,,In genere H24 o secondo orari di caserma,"Presidio delle Forze dell'Ordine attivo sul territorio per la ricezione di denunce, segnalazioni e tutela immediata. In caso di pericolo immediato, comporre il 112.",45.4824811,9.0007589
Gruppo Bergamo- Guardia di Finanza,Forze dell'Ordine,Indirizzo non disponibile,112 / 113,,In genere H24 o secondo orari di caserma,"Presidio delle Forze dell'Ordine attivo sul territorio per la ricezione di denunce, segnalazioni e tutela immediata. In caso di pericolo immediato, comporre il 112.",45.6978531,9.6825362
Carabinieri,Arma dei Carabinieri,Indirizzo non disponibile,112 / 113,,In genere H24 o secondo orari di caserma,"Presidio delle Forze dell'Ordine attivo sul territorio per la ricezione di denunce, segnalazioni e tutela immediata. In caso di pericolo immediato, comporre il 112.",45.2989226,10.4755601
Carabinieri Comando Compagnia di Vigevano,Arma dei Carabinieri,Indirizzo non disponibile,112 / 113,,In genere H24 o secondo orari di caserma,"Presidio delle Forze dell'Ordine attivo sul territorio per la ricezione di denunce, segnalazioni e tutela immediata. In caso di pericolo immediato, comporre il 112.",45.3161334,8.8440924
Polizia di Stato Commissariato di Luino,Polizia di Stato,"Via Bernardino Luini, 21016, Luino",112 / 113,,In genere H24 o secondo orari di caserma,"Presidio delle Forze dell'Ordine attivo sul territorio per la ricezione di denunce, segnalazioni e tutela immediata. In caso di pericolo immediato, comporre il 112.",45.9999253,8.7454609
Stazione Carabinieri Forestali Caravate e Laveno Mombello,Arma dei Carabinieri,Indirizzo non disponibile,112 / 113,,In genere H24 o secondo orari di caserma,"Presidio delle Forze dell'Ordine attivo sul territorio per la ricezione di denunce, segnalazioni e tutela immediata. In caso di pericolo immediato, comporre il 112.",45.8767588,8.650602
Guardia di Finanza,Forze dell'Ordine,Indirizzo non disponibile,112 / 113,,In genere H24 o secondo orari di caserma,"Presidio delle Forze dell'Ordine attivo sul territorio per la ricezione di denunce, segnalazioni e tutela immediata. In caso di pericolo immediato, comporre il 112.",45.9195696,8.8968154
Stazione Carabinieri,Arma dei Carabinieri,Indirizzo non disponibile,112 / 113,,In genere H24 o secondo orari di caserma,"Presidio delle Forze dell'Ordine attivo sul territorio per la ricezione di denunce, segnalazioni e tutela immediata. In caso di pericolo immediato, comporre il 112.",46.2638318,9.8508699
Polizia Locale,Polizia di Stato,Indirizzo non disponibile,112 / 113,,In genere H24 o secondo orari di caserma,"Presidio delle Forze dell'Ordine attivo sul territorio per la ricezione di denunce, segnalazioni e tutela immediata. In caso di pericolo immediato, comporre il 112.",45.9675205,9.1807259
Comando Stazione Carabinieri Ponte in Valtellina,Arma dei Carabinieri,"Via Europa 84, 23026, Ponte in Valtellina",+39 0342 482214,,In genere H24 o secondo orari di caserma,"Presidio delle Forze dell'Ordine attivo sul territorio per la ricezione di denunce, segnalazioni e tutela immediata. In caso di pericolo immediato, comporre il 112.",46.1732446,9.9739277
Presidio Forze dell'Ordine,Forze dell'Ordine,Indirizzo non disponibile,112 / 113,,In genere H24 o secondo orari di caserma,"Presidio delle Forze dell'Ordine attivo sul territorio per la ricezione di denunce, segnalazioni e tutela immediata. In caso di pericolo immediato, comporre il 112.",45.9197499,8.8973263
Comando Stazione Carabinieri di Rivolta d'Adda,Arma dei Carabinieri,Indirizzo non disponibile,112 / 113,,In genere H24 o secondo orari di caserma,"Presidio delle Forze dell'Ordine attivo sul territorio per la ricezione di denunce, segnalazioni e tutela immediata. In caso di pericolo immediato, comporre il 112.",45.4693727,9.518281
Presidio Forze dell'Ordine,Forze dell'Ordine,Indirizzo non disponibile,112 / 113,,In genere H24 o secondo orari di caserma,"Presidio delle Forze dell'Ordine attivo sul territorio per la ricezione di denunce, segnalazioni e tutela immediata. In caso di pericolo immediato, comporre il 112.",45.6245359,9.0256183
Carabinieri Comando Compagnia Clusone,Arma dei Carabinieri,"Via Sant'Alessandro 74, 24023, Clusone",+39 0346 89800,,In genere H24 o secondo orari di caserma,"Presidio delle Forze dell'Ordine attivo sul territorio per la ricezione di denunce, segnalazioni e tutela immediata. In caso di pericolo immediato, comporre il 112.",45.8849833,9.9449456
Carabinieri,Arma dei Carabinieri,"Via G. Manzù, Selvino",112 / 113,,In genere H24 o secondo orari di caserma,"Presidio delle Forze dell'Ordine attivo sul territorio per la ricezione di denunce, segnalazioni e tutela immediata. In caso di pericolo immediato, comporre il 112.",45.7816868,9.7414877
Polizia Stradale,Polizia di Stato,Indirizzo non disponibile,112 / 113,,In genere H24 o secondo orari di caserma,"Presidio delle Forze dell'Ordine attivo sul territorio per la ricezione di denunce, segnalazioni e tutela immediata. In caso di pericolo immediato, comporre il 112.",45.8724055,10.1744806
Carabinieri di Cesano Maderno,Arma dei Carabinieri,Indirizzo non disponibile,112 / 113,,In genere H24 o secondo orari di caserma,"Presidio delle Forze dell'Ordine attivo sul territorio per la ricezione di denunce, segnalazioni e tutela immediata. In caso di pericolo immediato, comporre il 112.",45.6301119,9.1382374
Polizia Locale - Lurate Caccivio,Polizia di Stato,"Via Giuseppe Galliano 7, 22075, Lurate Caccivio",112 / 113,,In genere H24 o secondo orari di caserma,"Presidio delle Forze dell'Ordine attivo sul territorio per la ricezione di denunce, segnalazioni e tutela immediata. In caso di pericolo immediato, comporre il 112.",45.7622166,8.9996517
Polizia Locale,Polizia di Stato,"Via Giacomo Matteotti 10, 20027, Rescaldina",+39 0331 576676,https://www.comune.rescaldina.mi.it/amministrazione/uffici/14/,Mo-Tu 09:00-13:30; We 16:30-18:15; Th-Fr 09:00-13:30; Sa 09:00-11:30,"Presidio delle Forze dell'Ordine attivo sul territorio per la ricezione di denunce, segnalazioni e tutela immediata. In caso di pericolo immediato, comporre il 112.",45.6169449,8.9498281
Comando Stazione Carabinieri di Isorella,Arma dei Carabinieri,Indirizzo non disponibile,112 / 113,,In genere H24 o secondo orari di caserma,"Presidio delle Forze dell'Ordine attivo sul territorio per la ricezione di denunce, segnalazioni e tutela immediata. In caso di pericolo immediato, comporre il 112.",45.3109823,10.3235741
Carabinieri,Arma dei Carabinieri,Indirizzo non disponibile,112 / 113,,In genere H24 o secondo orari di caserma,"Presidio delle Forze dell'Ordine attivo sul territorio per la ricezione di denunce, segnalazioni e tutela immediata. In caso di pericolo immediato, comporre il 112.",45.7353467,9.7344662
Polizia Locale,Polizia di Stato,Indirizzo non disponibile,112 / 113,,In genere H24 o secondo orari di caserma,"Presidio delle Forze dell'Ordine attivo sul territorio per la ricezione di denunce, segnalazioni e tutela immediata. In caso di pericolo immediato, comporre il 112.",45.4853342,9.0203222
Comando Stazione Carabinieri di Sondrio,Arma dei Carabinieri,"Largo Antonio Sertoli 5, 23100, Sondrio",112 / 113,,In genere H24 o secondo orari di caserma,"Presidio delle Forze dell'Ordine attivo sul territorio per la ricezione di denunce, segnalazioni e tutela immediata. In caso di pericolo immediato, comporre il 112.",46.170547,9.8770476
Stazione Carabinieri di Serina,Arma dei Carabinieri,"Via Valle 1, 24017, Serina",+39 0345 66061,,Mo-Su 10:00-18:00,"Presidio delle Forze dell'Ordine attivo sul territorio per la ricezione di denunce, segnalazioni e tutela immediata. In caso di pericolo immediato, comporre il 112.",45.8758881,9.7299406
Comando Stazione Carabinieri Almenno San Salvatore,Arma dei Carabinieri,Indirizzo non disponibile,112 / 113,,In genere H24 o secondo orari di caserma,"Presidio delle Forze dell'Ordine attivo sul territorio per la ricezione di denunce, segnalazioni e tutela immediata. In caso di pericolo immediato, comporre il 112.",45.743716,9.5997068
Comando Stazione Carabinieri di Casalbuttano,Arma dei Carabinieri,Indirizzo non disponibile,112 / 113,,In genere H24 o secondo orari di caserma,"Presidio delle Forze dell'Ordine attivo sul territorio per la ricezione di denunce, segnalazioni e tutela immediata. In caso di pericolo immediato, comporre il 112.",45.2498362,9.9647719
Comando Stazione Carabinieri Arcore,Arma dei Carabinieri,Indirizzo non disponibile,112 / 113,,In genere H24 o secondo orari di caserma,"Presidio delle Forze dell'Ordine attivo sul territorio per la ricezione di denunce, segnalazioni e tutela immediata. In caso di pericolo immediato, comporre il 112.",45.6310799,9.3280026
Comando Stazione Carabinieri di Bereguardo,Arma dei Carabinieri,Indirizzo non disponibile,112 / 113,,In genere H24 o secondo orari di caserma,"Presidio delle Forze dell'Ordine attivo sul territorio per la ricezione di denunce, segnalazioni e tutela immediata. In caso di pericolo immediato, comporre il 112.",45.2585714,9.0315918
Stazione Carabinieri di Pralboino,Arma dei Carabinieri,"Piazzetta Giovanni Falcone e Paolo Borsellino 18, 25020, Pralboino",112 / 113,,In genere H24 o secondo orari di caserma,"Presidio delle Forze dell'Ordine attivo sul territorio per la ricezione di denunce, segnalazioni e tutela immediata. In caso di pericolo immediato, comporre il 112.",45.2719374,10.2186759
Presidio Forze dell'Ordine,Forze dell'Ordine,Indirizzo non disponibile,112 / 113,,In genere H24 o secondo orari di caserma,"Presidio delle Forze dell'Ordine attivo sul territorio per la ricezione di denunce, segnalazioni e tutela immediata. In caso di pericolo immediato, comporre il 112.",45.030587,10.4687333
Comando Provinciale Carabinieri Cremona,Arma dei Carabinieri,Indirizzo non disponibile,112 / 113,,In genere H24 o secondo orari di caserma,"Presidio delle Forze dell'Ordine attivo sul territorio per la ricezione di denunce, segnalazioni e tutela immediata. In caso di pericolo immediato, comporre il 112.",45.1413367,10.0207214
Stazione Carabinieri,Arma dei Carabinieri,Indirizzo non disponibile,112 / 113,,In genere H24 o secondo orari di caserma,"Presidio delle Forze dell'Ordine attivo sul territorio per la ricezione di denunce, segnalazioni e tutela immediata. In caso di pericolo immediato, comporre il 112.",45.1791141,8.5951322
Carabinieri,Arma dei Carabinieri,Indirizzo non disponibile,112 / 113,,In genere H24 o secondo orari di caserma,"Presidio delle Forze dell'Ordine attivo sul territorio per la ricezione di denunce, segnalazioni e tutela immediata. In caso di pericolo immediato, comporre il 112.",45.0684395,11.132295
Stazione Carabinieri,Arma dei Carabinieri,Indirizzo non disponibile,112 / 113,,In genere H24 o secondo orari di caserma,"Presidio delle Forze dell'Ordine attivo sul territorio per la ricezione di denunce, segnalazioni e tutela immediata. In caso di pericolo immediato, comporre il 112.",45.5556267,9.534836
Carabinieri,Arma dei Carabinieri,Indirizzo non disponibile,112 / 113,,In genere H24 o secondo orari di caserma,"Presidio delle Forze dell'Ordine attivo sul territorio per la ricezione di denunce, segnalazioni e tutela immediata. In caso di pericolo immediato, comporre il 112.",44.9977173,10.4855984
Scuola di Polizia Giudiziaria Amministrativa Investigativa,Polizia di Stato,"Via Lodovico Pavoni 4, 25128, Brescia",+39 030 37132,,In genere H24 o secondo orari di caserma,"Presidio delle Forze dell'Ordine attivo sul territorio per la ricezione di denunce, segnalazioni e tutela immediata. In caso di pericolo immediato, comporre il 112.",45.5489692,10.2138631
Comando Stazione Carabinieri di Darfo Boario Terme,Arma dei Carabinieri,Indirizzo non disponibile,112 / 113,,In genere H24 o secondo orari di caserma,"Presidio delle Forze dell'Ordine attivo sul territorio per la ricezione di denunce, segnalazioni e tutela immediata. In caso di pericolo immediato, comporre il 112.",45.8827741,10.1794259
Comando Stazione Carabinieri di Lumezzane,Arma dei Carabinieri,Indirizzo non disponibile,112 / 113,,In genere H24 o secondo orari di caserma,"Presidio delle Forze dell'Ordine attivo sul territorio per la ricezione di denunce, segnalazioni e tutela immediata. In caso di pericolo immediato, comporre il 112.",45.6515885,10.2535245
Comando Stazione Carabinieri di Gardone Val Trompia,Arma dei Carabinieri,Indirizzo non disponibile,112 / 113,,In genere H24 o secondo orari di caserma,"Presidio delle Forze dell'Ordine attivo sul territorio per la ricezione di denunce, segnalazioni e tutela immediata. In caso di pericolo immediato, comporre il 112.",45.6922708,10.1865307
Caserma Carabinieri Nucleo Forestale di Brescia,Arma dei Carabinieri,"Via Donatello 202, 25124, Brescia",+39 030 2312003,,In genere H24 o secondo orari di caserma,"Presidio delle Forze dell'Ordine attivo sul territorio per la ricezione di denunce, segnalazioni e tutela immediata. In caso di pericolo immediato, comporre il 112.",45.5216284,10.2480062
Stazione Carabinieri,Arma dei Carabinieri,Indirizzo non disponibile,112 / 113,,In genere H24 o secondo orari di caserma,"Presidio delle Forze dell'Ordine attivo sul territorio per la ricezione di denunce, segnalazioni e tutela immediata. In caso di pericolo immediato, comporre il 112.",45.6158215,9.0081376
Nucleo cinofili Polizia locale,Polizia di Stato,Indirizzo non disponibile,112 / 113,,In genere H24 o secondo orari di caserma,"Presidio delle Forze dell'Ordine attivo sul territorio per la ricezione di denunce, segnalazioni e tutela immediata. In caso di pericolo immediato, comporre il 112.",45.4641117,9.2552286
Dogana di Porto Ceresio,Forze dell'Ordine,Indirizzo non disponibile,112 / 113,,In genere H24 o secondo orari di caserma,"Presidio delle Forze dell'Ordine attivo sul territorio per la ricezione di denunce, segnalazioni e tutela immediata. In caso di pericolo immediato, comporre il 112.",45.9135299,8.9165453
Comando Stazione Carabinieri di Borno,Arma dei Carabinieri,Indirizzo non disponibile,112 / 113,,In genere H24 o secondo orari di caserma,"Presidio delle Forze dell'Ordine attivo sul territorio per la ricezione di denunce, segnalazioni e tutela immediata. In caso di pericolo immediato, comporre il 112.",45.9480726,10.2126061
Comando Stazione Carabinieri di Piancogno,Arma dei Carabinieri,Indirizzo non disponibile,112 / 113,,In genere H24 o secondo orari di caserma,"Presidio delle Forze dell'Ordine attivo sul territorio per la ricezione di denunce, segnalazioni e tutela immediata. In caso di pericolo immediato, comporre il 112.",45.9225723,10.2259457
Polizia di Stato,Polizia di Stato,Indirizzo non disponibile,112 / 113,,In genere H24 o secondo orari di caserma,"Presidio delle Forze dell'Ordine attivo sul territorio per la ricezione di denunce, segnalazioni e tutela immediata. In caso di pericolo immediato, comporre il 112.",45.2979421,9.5170876
Presidio Forze dell'Ordine,Forze dell'Ordine,Indirizzo non disponibile,112 / 113,,In genere H24 o secondo orari di caserma,"Presidio delle Forze dell'Ordine attivo sul territorio per la ricezione di denunce, segnalazioni e tutela immediata. In caso di pericolo immediato, comporre il 112.",45.5989083,9.1515365
Guardia di Finanza – Gruppo Pronto Impiego,Forze dell'Ordine,"Via Giovanni Battista Ramusio 2, 20141, Milano",+39 02 5680 4774,http://www.gdf.gov.it/reparti-del-corpo/territorio/lombardia/milano/gruppo-pronto-impiego-milano,In genere H24 o secondo orari di caserma,"Presidio delle Forze dell'Ordine attivo sul territorio per la ricezione di denunce, segnalazioni e tutela immediata. In caso di pericolo immediato, comporre il 112.",45.4225809,9.2008215
Comando di Polizia Locale Brianza Est,Polizia di Stato,Indirizzo non disponibile,112 / 113,,In genere H24 o secondo orari di caserma,"Presidio delle Forze dell'Ordine attivo sul territorio per la ricezione di denunce, segnalazioni e tutela immediata. In caso di pericolo immediato, comporre il 112.",45.6106178,9.4186059
Presidio Forze dell'Ordine,Forze dell'Ordine,Indirizzo non disponibile,112 / 113,,In genere H24 o secondo orari di caserma,"Presidio delle Forze dell'Ordine attivo sul territorio per la ricezione di denunce, segnalazioni e tutela immediata. In caso di pericolo immediato, comporre il 112.",45.3080626,9.505213
Comando Stazione Carabinieri di Breno,Arma dei Carabinieri,Indirizzo non disponibile,112 / 113,,In genere H24 o secondo orari di caserma,"Presidio delle Forze dell'Ordine attivo sul territorio per la ricezione di denunce, segnalazioni e tutela immediata. In caso di pericolo immediato, comporre il 112.",45.9555014,10.3091564
Comando Stazione Carabinieri Forestali di Breno,Arma dei Carabinieri,Indirizzo non disponibile,112 / 113,,In genere H24 o secondo orari di caserma,"Presidio delle Forze dell'Ordine attivo sul territorio per la ricezione di denunce, segnalazioni e tutela immediata. In caso di pericolo immediato, comporre il 112.",45.9564426,10.3090399
Carabinieri,Arma dei Carabinieri,"Via Luigi Pirandello 235, 20099, Sesto San Giovanni",112 / 113,,24/7,"Presidio delle Forze dell'Ordine attivo sul territorio per la ricezione di denunce, segnalazioni e tutela immediata. In caso di pericolo immediato, comporre il 112.",45.5478681,9.2381005
Carabinieri,Arma dei Carabinieri,"Via Giuseppe Verdi, 23854, Olginate",112 / 113,,In genere H24 o secondo orari di caserma,"Presidio delle Forze dell'Ordine attivo sul territorio per la ricezione di denunce, segnalazioni e tutela immediata. In caso di pericolo immediato, comporre il 112.",45.8017173,9.4096654
Carabinieri,Arma dei Carabinieri,"Via Giuseppe Verdi, 23854, Olginate",112 / 113,,In genere H24 o secondo orari di caserma,"Presidio delle Forze dell'Ordine attivo sul territorio per la ricezione di denunce, segnalazioni e tutela immediata. In caso di pericolo immediato, comporre il 112.",45.8015397,9.4095521
Comando Stazione Carabinieri di Salò,Arma dei Carabinieri,Indirizzo non disponibile,112 / 113,,In genere H24 o secondo orari di caserma,"Presidio delle Forze dell'Ordine attivo sul territorio per la ricezione di denunce, segnalazioni e tutela immediata. In caso di pericolo immediato, comporre il 112.",45.605716,10.5042967
Presidio Forze dell'Ordine,Forze dell'Ordine,Indirizzo non disponibile,112 / 113,,In genere H24 o secondo orari di caserma,"Presidio delle Forze dell'Ordine attivo sul territorio per la ricezione di denunce, segnalazioni e tutela immediata. In caso di pericolo immediato, comporre il 112.",45.6818732,9.78125
Polizia Locale,Polizia di Stato,Indirizzo non disponibile,112 / 113,,In genere H24 o secondo orari di caserma,"Presidio delle Forze dell'Ordine attivo sul territorio per la ricezione di denunce, segnalazioni e tutela immediata. In caso di pericolo immediato, comporre il 112.",45.1618695,9.7050595
Presidio Forze dell'Ordine,Forze dell'Ordine,Indirizzo non disponibile,112 / 113,,In genere H24 o secondo orari di caserma,"Presidio delle Forze dell'Ordine attivo sul territorio per la ricezione di denunce, segnalazioni e tutela immediata. In caso di pericolo immediato, comporre il 112.",45.2150396,9.6886983
Presidio Forze dell'Ordine,Forze dell'Ordine,Indirizzo non disponibile,112 / 113,,In genere H24 o secondo orari di caserma,"Presidio delle Forze dell'Ordine attivo sul territorio per la ricezione di denunce, segnalazioni e tutela immediata. In caso di pericolo immediato, comporre il 112.",45.2821492,9.5950668
Carabinieri Tenenza di Cologno Monzese,Arma dei Carabinieri,Indirizzo non disponibile,+39022547048,,In genere H24 o secondo orari di caserma,"Presidio delle Forze dell'Ordine attivo sul territorio per la ricezione di denunce, segnalazioni e tutela immediata. In caso di pericolo immediato, comporre il 112.",45.5272113,9.2673815
Guardia di Finanza,Forze dell'Ordine,Indirizzo non disponibile,112 / 113,,In genere H24 o secondo orari di caserma,"Presidio delle Forze dell'Ordine attivo sul territorio per la ricezione di denunce, segnalazioni e tutela immediata. In caso di pericolo immediato, comporre il 112.",45.5572773,10.0067254
Polizia Locale - Comando Zona 6,Polizia di Stato,Indirizzo non disponibile,112 / 113,,In genere H24 o secondo orari di caserma,"Presidio delle Forze dell'Ordine attivo sul territorio per la ricezione di denunce, segnalazioni e tutela immediata. In caso di pericolo immediato, comporre il 112.",45.4381686,9.1376379
Comando Stazione Carabinieri Acquanegra,Arma dei Carabinieri,"Via Bellini, Acquanegra sul Chiese",112 / 113,,In genere H24 o secondo orari di caserma,"Presidio delle Forze dell'Ordine attivo sul territorio per la ricezione di denunce, segnalazioni e tutela immediata. In caso di pericolo immediato, comporre il 112.",45.1640578,10.4372138
Stazione Carabinieri,Arma dei Carabinieri,Indirizzo non disponibile,112 / 113,,In genere H24 o secondo orari di caserma,"Presidio delle Forze dell'Ordine attivo sul territorio per la ricezione di denunce, segnalazioni e tutela immediata. In caso di pericolo immediato, comporre il 112.",45.5967551,9.7008766
Comando Stazione Carabinieri Casazza,Arma dei Carabinieri,"Via Domenico Suardi 13, 24060, Casazza",+39035810014,,Mo-Su 08:00-22:00,"Presidio delle Forze dell'Ordine attivo sul territorio per la ricezione di denunce, segnalazioni e tutela immediata. In caso di pericolo immediato, comporre il 112.",45.7532659,9.9077373
Comando Stazione Carabinieri Soncino,Arma dei Carabinieri,Indirizzo non disponibile,112 / 113,,In genere H24 o secondo orari di caserma,"Presidio delle Forze dell'Ordine attivo sul territorio per la ricezione di denunce, segnalazioni e tutela immediata. In caso di pericolo immediato, comporre il 112.",45.3956965,9.8610639
Comando Stazione Carabinieri di Erbusco,Arma dei Carabinieri,"Via Generale Carlo Alberto dalla Chiesa, 25030, Erbusco",112 / 113,,In genere H24 o secondo orari di caserma,"Presidio delle Forze dell'Ordine attivo sul territorio per la ricezione di denunce, segnalazioni e tutela immediata. In caso di pericolo immediato, comporre il 112.",45.5920637,9.9769938
Stazione Carabinieri,Arma dei Carabinieri,Indirizzo non disponibile,112 / 113,,In genere H24 o secondo orari di caserma,"Presidio delle Forze dell'Ordine attivo sul territorio per la ricezione di denunce, segnalazioni e tutela immediata. In caso di pericolo immediato, comporre il 112.",45.6635239,10.0580167
Polizia stradale,Polizia di Stato,Indirizzo non disponibile,+39 030980222,,In genere H24 o secondo orari di caserma,"Presidio delle Forze dell'Ordine attivo sul territorio per la ricezione di denunce, segnalazioni e tutela immediata. In caso di pericolo immediato, comporre il 112.",45.6629373,10.0593756
Guardia di Finanza Compagnia Corsico,Forze dell'Ordine,"Via Bruno Buozzi 5/7, 20094, Corsico",112 / 113,,In genere H24 o secondo orari di caserma,"Presidio delle Forze dell'Ordine attivo sul territorio per la ricezione di denunce, segnalazioni e tutela immediata. In caso di pericolo immediato, comporre il 112.",45.4358884,9.1077409
Carabinieri Stazione Comando Villanterio,Arma dei Carabinieri,"Via Guglielmo Marconi 80, 27019, Villantero",+39 0382 967124,,In genere H24 o secondo orari di caserma,"Presidio delle Forze dell'Ordine attivo sul territorio per la ricezione di denunce, segnalazioni e tutela immediata. In caso di pericolo immediato, comporre il 112.",45.2141609,9.3587708
Polizia Locale Vimercate,Polizia di Stato,Indirizzo non disponibile,112 / 113,,In genere H24 o secondo orari di caserma,"Presidio delle Forze dell'Ordine attivo sul territorio per la ricezione di denunce, segnalazioni e tutela immediata. In caso di pericolo immediato, comporre il 112.",45.6100076,9.3703838
Stazione Carabinieri,Arma dei Carabinieri,Indirizzo non disponibile,112 / 113,,In genere H24 o secondo orari di caserma,"Presidio delle Forze dell'Ordine attivo sul territorio per la ricezione di denunce, segnalazioni e tutela immediata. In caso di pericolo immediato, comporre il 112.",45.5119281,9.9741411
Stazione Carabinieri,Arma dei Carabinieri,"Viale Europa 5, 25021, Bagnolo Mella",+39 030620108,,In genere H24 o secondo orari di caserma,"Presidio delle Forze dell'Ordine attivo sul territorio per la ricezione di denunce, segnalazioni e tutela immediata. In caso di pericolo immediato, comporre il 112.",45.432051,10.1828928
Guardia di Finanza,Forze dell'Ordine,Indirizzo non disponibile,112 / 113,,In genere H24 o secondo orari di caserma,"Presidio delle Forze dell'Ordine attivo sul territorio per la ricezione di denunce, segnalazioni e tutela immediata. In caso di pericolo immediato, comporre il 112.",45.8195507,8.8147747
Stazione Carabinieri Forestale di Carate Brianza,Arma dei Carabinieri,"Piazza caduti per la Liberazione 2, 20841, Carate Brianza",112 / 113,,In genere H24 o secondo orari di caserma,"Presidio delle Forze dell'Ordine attivo sul territorio per la ricezione di denunce, segnalazioni e tutela immediata. In caso di pericolo immediato, comporre il 112.",45.6776137,9.2384057
Stazione Carabinieri di Arcisate,Arma dei Carabinieri,Indirizzo non disponibile,+39 0332 470103,,08:00-22:00,"Presidio delle Forze dell'Ordine attivo sul territorio per la ricezione di denunce, segnalazioni e tutela immediata. In caso di pericolo immediato, comporre il 112.",45.8619105,8.8628597
Questura di Sondrio,Polizia di Stato,"Via Nazario Sauro 72, 23100, Sondrio",112 / 113,,In genere H24 o secondo orari di caserma,"Presidio delle Forze dell'Ordine attivo sul territorio per la ricezione di denunce, segnalazioni e tutela immediata. In caso di pericolo immediato, comporre il 112.",46.1684983,9.8773174
Sezione Polizia Stradale di Sondrio,Polizia di Stato,"Piazzale Toccalli 35, 23100, Sondrio",112 / 113,,In genere H24 o secondo orari di caserma,"Presidio delle Forze dell'Ordine attivo sul territorio per la ricezione di denunce, segnalazioni e tutela immediata. In caso di pericolo immediato, comporre il 112.",46.1699686,9.865182
Guardia Di Finanza Melegnano,Forze dell'Ordine,Indirizzo non disponibile,112 / 113,,In genere H24 o secondo orari di caserma,"Presidio delle Forze dell'Ordine attivo sul territorio per la ricezione di denunce, segnalazioni e tutela immediata. In caso di pericolo immediato, comporre il 112.",45.3536232,9.3152423
Valico di Zenna,Forze dell'Ordine,Indirizzo non disponibile,112 / 113,,In genere H24 o secondo orari di caserma,"Presidio delle Forze dell'Ordine attivo sul territorio per la ricezione di denunce, segnalazioni e tutela immediata. In caso di pericolo immediato, comporre il 112.",46.104017,8.7562163
Stazione Carabinieri,Arma dei Carabinieri,"Via Edoardo Stucchi 30, 22075, Lurate Caccivio",112 / 113,,In genere H24 o secondo orari di caserma,"Presidio delle Forze dell'Ordine attivo sul territorio per la ricezione di denunce, segnalazioni e tutela immediata. In caso di pericolo immediato, comporre il 112.",45.7699584,9.0098502
Carabinieri,Arma dei Carabinieri,Indirizzo non disponibile,112 / 113,,In genere H24 o secondo orari di caserma,"Presidio delle Forze dell'Ordine attivo sul territorio per la ricezione di denunce, segnalazioni e tutela immediata. In caso di pericolo immediato, comporre il 112.",46.6241144,10.1901169
Presidio Forze dell'Ordine,Forze dell'Ordine,Indirizzo non disponibile,112 / 113,,In genere H24 o secondo orari di caserma,"Presidio delle Forze dell'Ordine attivo sul territorio per la ricezione di denunce, segnalazioni e tutela immediata. In caso di pericolo immediato, comporre il 112.",46.6240651,10.1898214
Commissariato di Pubblica Sicurezza Rho-Pero,Forze dell'Ordine,"Via Nazario Sauro 13, 20017, Rho",+39029390551,,"Mo-Sa 08:30-13:30,15:00-17:30; Su 08:30-13:30","Presidio delle Forze dell'Ordine attivo sul territorio per la ricezione di denunce, segnalazioni e tutela immediata. In caso di pericolo immediato, comporre il 112.",45.5303102,9.0680924
Comando Stazione Carabinieri di Peschiera Borromeo,Arma dei Carabinieri,"Via della Resistenza 1, 20068, Peschiera Borromeo",+39 02 55302278,,In genere H24 o secondo orari di caserma,"Presidio delle Forze dell'Ordine attivo sul territorio per la ricezione di denunce, segnalazioni e tutela immediata. In caso di pericolo immediato, comporre il 112.",45.4370409,9.2952013
Corpo di Polizia Provinciale,Polizia di Stato,Indirizzo non disponibile,112 / 113,,In genere H24 o secondo orari di caserma,"Presidio delle Forze dell'Ordine attivo sul territorio per la ricezione di denunce, segnalazioni e tutela immediata. In caso di pericolo immediato, comporre il 112.",45.6368831,9.1099274
Polizia Locale,Polizia di Stato,"Largo presidente Carlo Azeglio Ciampi, 24012, Val Brembilla",112 / 113,,In genere H24 o secondo orari di caserma,"Presidio delle Forze dell'Ordine attivo sul territorio per la ricezione di denunce, segnalazioni e tutela immediata. In caso di pericolo immediato, comporre il 112.",45.8192964,9.5975921
Polizia di Stato,Polizia di Stato,Indirizzo non disponibile,112 / 113,,In genere H24 o secondo orari di caserma,"Presidio delle Forze dell'Ordine attivo sul territorio per la ricezione di denunce, segnalazioni e tutela immediata. In caso di pericolo immediato, comporre il 112.",45.8152374,8.8279248
Comando Stazione Carabinieri Gravellona Lomellina,Arma dei Carabinieri,"Via dei Celti 1, 27020, Gravellona Lomellina",+390381650059,,"Mo-Su 09:00-13:00,13:30-17:30","Presidio delle Forze dell'Ordine attivo sul territorio per la ricezione di denunce, segnalazioni e tutela immediata. In caso di pericolo immediato, comporre il 112.",45.328356,8.7701173
Comando Stazione Mortara,Arma dei Carabinieri,Indirizzo non disponibile,112 / 113,,In genere H24 o secondo orari di caserma,"Presidio delle Forze dell'Ordine attivo sul territorio per la ricezione di denunce, segnalazioni e tutela immediata. In caso di pericolo immediato, comporre il 112.",45.2547943,8.744908
Stazione Carabinieri di Garlasco,Arma dei Carabinieri,Indirizzo non disponibile,112 / 113,,In genere H24 o secondo orari di caserma,"Presidio delle Forze dell'Ordine attivo sul territorio per la ricezione di denunce, segnalazioni e tutela immediata. In caso di pericolo immediato, comporre il 112.",45.1933222,8.9288902
Presidio Forze dell'Ordine,Forze dell'Ordine,Indirizzo non disponibile,112 / 113,,In genere H24 o secondo orari di caserma,"Presidio delle Forze dell'Ordine attivo sul territorio per la ricezione di denunce, segnalazioni e tutela immediata. In caso di pericolo immediato, comporre il 112.",45.6265854,9.3180235
Polizia Locale di Cuasso al Monte,Polizia di Stato,Indirizzo non disponibile,112 / 113,,In genere H24 o secondo orari di caserma,"Presidio delle Forze dell'Ordine attivo sul territorio per la ricezione di denunce, segnalazioni e tutela immediata. In caso di pericolo immediato, comporre il 112.",45.9149402,8.8793844
Polizia Locale Cornate d'Adda,Polizia di Stato,Indirizzo non disponibile,112 / 113,,In genere H24 o secondo orari di caserma,"Presidio delle Forze dell'Ordine attivo sul territorio per la ricezione di denunce, segnalazioni e tutela immediata. In caso di pericolo immediato, comporre il 112.",45.6464555,9.4667987
Comando Stazione Carabinieri Arese,Arma dei Carabinieri,"Viale Monte Resegone 73, 20044, Arese",+39029380880,,Mo-Su 08:00-22:00,"Presidio delle Forze dell'Ordine attivo sul territorio per la ricezione di denunce, segnalazioni e tutela immediata. In caso di pericolo immediato, comporre il 112.",45.5413887,9.0839133
Stazione Carabinieri Forestale Cunardo,Arma dei Carabinieri,"Via Rosolino Vaccarossi 31, 21035, Cunardo",112 / 113,,In genere H24 o secondo orari di caserma,"Presidio delle Forze dell'Ordine attivo sul territorio per la ricezione di denunce, segnalazioni e tutela immediata. In caso di pericolo immediato, comporre il 112.",45.9388988,8.7996065
Commissariato di Polizia di Stato di Crema,Polizia di Stato,Indirizzo non disponibile,+39 0373 897311,https://questure.poliziadistato.it/servizio/commissariati/5730dc9d162dc223602968,In genere H24 o secondo orari di caserma,"Presidio delle Forze dell'Ordine attivo sul territorio per la ricezione di denunce, segnalazioni e tutela immediata. In caso di pericolo immediato, comporre il 112.",45.3571151,9.6810773
Stazione Carabinieri,Arma dei Carabinieri,Indirizzo non disponibile,112 / 113,,In genere H24 o secondo orari di caserma,"Presidio delle Forze dell'Ordine attivo sul territorio per la ricezione di denunce, segnalazioni e tutela immediata. In caso di pericolo immediato, comporre il 112.",45.7887707,9.07569
Stazione Nucleo Carabinieri Forestali Vergiate,Arma dei Carabinieri,"Via Mario Stoppani 21, 21029, Vergiate",+39 0331 948775,,In genere H24 o secondo orari di caserma,"Presidio delle Forze dell'Ordine attivo sul territorio per la ricezione di denunce, segnalazioni e tutela immediata. In caso di pericolo immediato, comporre il 112.",45.7268429,8.6978841
Stazione Carabinieri Landriano,Arma dei Carabinieri,Indirizzo non disponibile,112 / 113,,In genere H24 o secondo orari di caserma,"Presidio delle Forze dell'Ordine attivo sul territorio per la ricezione di denunce, segnalazioni e tutela immediata. In caso di pericolo immediato, comporre il 112.",45.3068996,9.2697059
Carabinieri,Arma dei Carabinieri,Indirizzo non disponibile,112 / 113,,In genere H24 o secondo orari di caserma,"Presidio delle Forze dell'Ordine attivo sul territorio per la ricezione di denunce, segnalazioni e tutela immediata. In caso di pericolo immediato, comporre il 112.",45.1797779,10.8980558
Stazione Carabinieri Robbio,Arma dei Carabinieri,Indirizzo non disponibile,112 / 113,,In genere H24 o secondo orari di caserma,"Presidio delle Forze dell'Ordine attivo sul territorio per la ricezione di denunce, segnalazioni e tutela immediata. In caso di pericolo immediato, comporre il 112.",45.2899582,8.5850112
Polizia Locale Comune di Vernate,Polizia di Stato,Indirizzo non disponibile,112 / 113,,In genere H24 o secondo orari di caserma,"Presidio delle Forze dell'Ordine attivo sul territorio per la ricezione di denunce, segnalazioni e tutela immediata. In caso di pericolo immediato, comporre il 112.",45.310067,9.0392833
Stazione Carabinieri Corteolona e Genzone,Arma dei Carabinieri,"Via Regina Adelaide 1, 27010, Corteolona",112 / 113,,In genere H24 o secondo orari di caserma,"Presidio delle Forze dell'Ordine attivo sul territorio per la ricezione di denunce, segnalazioni e tutela immediata. In caso di pericolo immediato, comporre il 112.",45.1571502,9.3726122
Guardia di Finanza,Forze dell'Ordine,Indirizzo non disponibile,112 / 113,,In genere H24 o secondo orari di caserma,"Presidio delle Forze dell'Ordine attivo sul territorio per la ricezione di denunce, segnalazioni e tutela immediata. In caso di pericolo immediato, comporre il 112.",46.1036208,8.7547771
Carabinieri - Stazione Basiglio,Arma dei Carabinieri,"Via Carlo Porta 3, 20080, Basiglio",+39 02 9078 5796,https://www.carabinieri.it/,"Mo-Su 09:00-13:00, 13:30-17:30","Presidio delle Forze dell'Ordine attivo sul territorio per la ricezione di denunce, segnalazioni e tutela immediata. In caso di pericolo immediato, comporre il 112.",45.3637123,9.1542182
Carabinieri - Comando Stazione Sovere,Arma dei Carabinieri,Indirizzo non disponibile,112 / 113,,In genere H24 o secondo orari di caserma,"Presidio delle Forze dell'Ordine attivo sul territorio per la ricezione di denunce, segnalazioni e tutela immediata. In caso di pericolo immediato, comporre il 112.",45.8154775,10.0270748
Comando Stazione Carabinieri Traona,Arma dei Carabinieri,Indirizzo non disponibile,112 / 113,,In genere H24 o secondo orari di caserma,"Presidio delle Forze dell'Ordine attivo sul territorio per la ricezione di denunce, segnalazioni e tutela immediata. In caso di pericolo immediato, comporre il 112.",46.1482125,9.5301093
Comando Stazione Carabinieri di Cazzago San Martino,Arma dei Carabinieri,Cazzago San Martino,112 / 113,,In genere H24 o secondo orari di caserma,"Presidio delle Forze dell'Ordine attivo sul territorio per la ricezione di denunce, segnalazioni e tutela immediata. In caso di pericolo immediato, comporre il 112.",45.5851124,10.0333716
Comando Polizia Locale Albairate,Polizia di Stato,"Via San Francesco 15, Albairate",+39 02 9498 1370,https://comune.albairate.mi.it/c015005/zf/index.php/uffici/index/detail/categoria/80/id/9,Tu 17:00-18:30; Sa 09:00-11:00,"Presidio delle Forze dell'Ordine attivo sul territorio per la ricezione di denunce, segnalazioni e tutela immediata. In caso di pericolo immediato, comporre il 112.",45.4186129,8.9425701
Stazione Carabinieri Zeme Lomellina,Arma dei Carabinieri,"Via Filippo Turati 41, 27030, Zeme",112 / 113,,In genere H24 o secondo orari di caserma,"Presidio delle Forze dell'Ordine attivo sul territorio per la ricezione di denunce, segnalazioni e tutela immediata. In caso di pericolo immediato, comporre il 112.",45.1954395,8.6649391
Polizia Municipale - Costa Volpino,Polizia di Stato,"Piazza Caduti di Nassiriya 3, 24062, Costa Volpino",112 / 113,,In genere H24 o secondo orari di caserma,"Presidio delle Forze dell'Ordine attivo sul territorio per la ricezione di denunce, segnalazioni e tutela immediata. In caso di pericolo immediato, comporre il 112.",45.8275753,10.09754
